"Pos","PIC","No.","Name","Class","Best Tm","Laps","Diff","Gap","Points","Make","Model","Color","Year","City","State","Sponsor","Email"
"1","1","66","Lawrence Lepurage","Super Unlimited","1:08.780","23","","","100","Chevrolet","Corvette","Yellow","2012","","","",""
"2","1","619","Adrian Wlostowski","Super Touring 2","1:10.228","23","32.508","32.508","100","Chevrolet","Corvette","Black","2010","Maspeth","NY","F.A.S.T. Auto","fastautomotive1@aol.com"
"3","2","38","Doug Winston","Super Touring 2","1:10.261","23","36.972","4.464","90","Chevrolet","Corvette","Yellow","","","","",""
"4","1","226","Will Vanjonack","GTS4","1:09.079","23","42.723","5.751","100","BMW","M3","Grey","1997","East Norriton","PA","Pioneer","bill_vanjonack@comcast.net"
"5","2","111","Mark Lounsbury","GTS4","1:09.607","23","43.907","1.184","90","BMW","M3","White/Black","2004","Chadds Ford","PA","VAC Motorsports","doclouns@comcast.net"
"6","1","302","Eric Fuehrer","American Iron","1:12.403","23","1:11.721","27.814","100","Ford","Mustang","White","2014","nescopeck","PA","","mavam729@gmail.com"
"7","2","24","AJ Hartman","American Iron","1:11.841","23","1:18.869","7.148","90","Ford","Mustang GT","Blue","1999","Clementon","NJ","","adam_hartman@hotmail.com"
"8","3","5","Alan Cohen","Super Touring 2","1:12.019","22","1 Lap","1 Lap","85","Cadillac","CTS-V","Silver","2009","","","",""
"9","1","22","Hugh Stewart","GTS3","1:11.911","22","1 Lap","18.570","100","BMW","328","White/Red","1992","","","",""
"10","2","8","Frank Ferrara","GTS3","1:11.800","22","1 Lap","0.898","90","BMW","M3","Blue","2001","Oreland","PA","","Frank@Ferrarait.com"
"11","3","23","Matthew Gaetano","GTS4","1:11.274","22","1 Lap","4.911","85","BMW","M3","Yellow/Black","2003","White Plains","NY","","mag@nycgss.com"
"12","4","973","David Fitt","GTS4","1:12.500","22","1 Lap","17.713","80","BMW","M3","Black","1995","","","","roundelm5@gmail.com"
"13","5","716","Phil Parlato","GTS4","1:12.608","22","1 Lap","12.117","75","BMW","325i","White/Red/Black","2003","","","",""
"14","6","161","Michael Gershanok","GTS4","1:13.088","22","1 Lap","2.164","70","BMW","M3","Silver/Red","2002","Edgewater","NJ","",""
"15","3","909","Foad Razavi","GTS3","1:13.396","22","1 Lap","1.574","85","BMW","M3","Silver","2003","","","",""
"16","1","83","Chris D'Ambrosio","Super Touring 3","1:15.083","21","2 Laps","1 Lap","100","Cadillac","CTS-V","Silver","2005","Long Island","NY","","bulmrkt@earthlink.net"
"17","4","84","Adam Hessel","GTS3","1:15.503","21","2 Laps","31.489","80","BMW","M3","Black","2004","","","TKX Performance/Chief Signs","adam.hessel@gmail.com"
"18","1","198","Scott Chambers","American Iron Extreme","1:17.523","21","2 Laps","39.833","100","Ford","Mustang","Black","1998","Millis","MA","","sdcham@msn.com"
"19","2","128","John Wechsler","Super Unlimited","1:19.329","20","3 Laps","1 Lap","90","Mazda","Miata","Black/Orange","1999","","","",""
"20","4","79","Jake Namer","Super Touring 2","1:10.445","17","6 Laps","3 Laps","80","Mazda","RX-7","Gray Multi","2005","Brooklyn","NY","Hamfist Racing",""
"21","5","55","Paul Plemenos","Super Touring 2","1:10.744","12","11 Laps","5 Laps","75","Chevrolet","Corvette Z06","Blue","2006","Lake Hopatcong","NJ","","Pauliep777@me.com"
"22","1","71","Robert Mailand","Super Touring 1","1:08.874","4","19 Laps","8 Laps","50","Chevrolet","Corvette","Red","2006","Bayport","NY","","rdmzr1@aol.com"
"DNF","DNF","714","Aaron Turek","GTS3","1:13.861","4","DNF","1:02.723","45","BMW","M3","Green/Black/White","1997","South Windsor","CT","Munich Motorsports","munichaaron@gmail.com"
"DNF","DNF","82","John Pattman","American Iron","1:22.162","2","DNF","2 Laps","45","Ford","Mustang","Blue","2008","Midland Park","NJ","","jack@pattmanplumbing.com"
"DQ","DQ","136","Kazimierz Sperling","GTS3","1:13.383","22","DQ","","0","BMW","M3","White","1997","","","",""
