"Pos","PIC","No.","Name","Class","Best Tm","Laps","Diff","Gap","Points","Make","Model","Color","Year","City","State","Sponsor","Email"
"1","1","78","Jeff Ricca","PTB","1:12.709","23","","","100","Hyundai","Genesis","Gray","","","","",""
"2","2","97","Nicholas Barbato","PTB","1:13.834","23","14.046","14.046","90","Hyundai","Genesis Coupe","White","","","","CIP Motorsports",""
"3","1","336","Dan Harnick","GTS2","1:13.079","23","27.646","13.600","100","BMW","M3","Black","1998","NY","NY","","dharnick@gmail.com"
"4","3","551","Amy Dilks","PTB","1:15.637","23","37.829","10.183","85","Subaru","WRX STi","Purple/Black","2004","","","",""
"5","1","32","Jon Baker","Honda Chal 2","1:14.944","23","52.872","15.043","100","Acura","Integra","White/Gray","1998","","","#whiteteam",""
"6","2","516","Spencer Anderson","Honda Chal 2","1:15.319","23","56.761","3.889","90","Honda","Civic","Red/Silver","1994","Freeport","NY","#redteam","noriceef@aol.com"
"7","2","12","Anthony Bodine","GTS2","1:16.559","23","1:04.413","7.652","90","BMW","330i","Red","2003","Cranston","RI","","ajbodine2@gmail.com"
"8","3","7","Jan Wang","Honda Chal 2","1:16.356","22","1 Lap","1 Lap","85","Honda","Civic","Red","1992","Tenafly","NJ","#redteam","JanWang74@aol.com"
"9","4","46","Michael Fries","Honda Chal 2","1:16.488","22","1 Lap","3.016","80","Honda","S2000","Yellow","2008","Westernville","NY","Lifted","mfries@twcny.rr.com"
"10","1","29","Richard Bocanegra","Spec46","1:16.216","22","1 Lap","7.328","100","BMW","330i","Silver","2001","Bergenfield","NJ","","richjr@wymbs.com"
"11","1","57","Dr. Frank Celenza","Spec 986","1:17.816","22","1 Lap","2.793","100","Porsche","Boxster","Blue","1999","Haworth","NJ","Acceledent","fastfranz@aol.com"
"12","2","25G","Robert Giuliante","Spec 986","1:17.884","22","1 Lap","17.235","90","Porsche","Boxster","Black","1997","","","",""
"13","1","128","John Wechsler","Spec Miata","1:18.469","22","1 Lap","1.117","100","Mazda","Miata","Black/Orange","1999","","","",""
"14","2","18","Benjamin Miller","Spec Miata","1:18.833","22","1 Lap","0.125","90","Mazda","Miata","Red","1991","","","",""
"15","5","106","Enrik Benazic","Honda Chal 2","1:16.981","22","1 Lap","7.413","75","Honda","Prelude","Grey","","Brooklyn","NY","All Star Sheet Metal","rickb1@allstarsheetmetal.com"
"16","1","477","Christopher Allen","SpecE30","1:18.535","22","1 Lap","6.729","100","BMW","325is","Black","1988","Rydal","PA","","chrisblakeallen@gmail.com"
"17","3","3","Peter McIntosh","Spec Miata","1:19.117","22","1 Lap","0.125","85","Mazda","Miata","Red/White/Black","1995","","","McIncelli Mechanical",""
"18","1","52","Adam Mouradian","PTD/Spec86","1:17.573","22","1 Lap","0.046","100","Subaru","BRZ","D.Gray","2013","Kenilworth","NJ","AZP Installs","adam@azpinstalls.com"
"19","4","27","Devin Gregory","Spec Miata","1:19.529","22","1 Lap","2.822","80","Mazda","Miata","Red","1991","","","EFI Logics",""
"20","5","88G","Mike LaMaina","Spec Miata","1:19.264","22","1 Lap","0.142","75","Mazda","Miata","Silver","1999","","","",""
"21","2","166","Mathieu Lussier","Spec46","1:19.193","22","1 Lap","5.345","90","BMW","330ci","Gray","2002","","","",""
"22","2","77","Sean Curran","SpecE30","1:19.126","22","1 Lap","7.813","90","BMW","325is","White/Green","1989","Clifton","NJ","","wb256@aol.com"
"23","6","14","David Deerson","Spec Miata","1:20.515","22","1 Lap","1.482","70","Mazda","Miata","Blue","","","NJ","",""
"24","3","81","Ray Prato","SpecE30","1:18.833","22","1 Lap","1.372","85","BMW","325i","Silver","1989","Ringwood","NJ","","raypratojr@gmail.com"
"25","4","20","James Mertz","SpecE30","1:18.836","22","1 Lap","9.355","80","BMW","E30","Red","1991","Saylorsburg","PA","StoogeMoe Racing","goldie83@ptd.net"
"26","7","44","Kevin Feller","Spec Miata","1:20.659","22","1 Lap","1.759","69","Mazda","Miata","White/Blue","1992","Deptford","NJ","Side Street Motorsports","feller.kf@gmail.com"
"27","5","141","Ed Cangialosi","SpecE30","1:19.798","22","1 Lap","1.347","75","BMW","325","Black","1987","","","","edcangialosi@gmail.com"
"28","2","42","Rick Goryeb","PTD/Spec86","1:17.403","22","1 Lap","39.162","90","Scion","FR-S","White","2013","Lake Hopatcong","NJ","",""
"29","8","30","Jack Laverty","Spec Miata","1:21.381","21","2 Laps","1 Lap","68","Mazda","Miata","Blue","1992","Windham","CT","EFI Logics","jack@efilogics.com"
"30","6","153","Sam Jadczak","SpecE30","1:20.449","21","2 Laps","4.300","70","BMW","325i","Bronze/D.Red","1989","Horsham","PA","","samjadczak@yahoo.com"
"31","7","190","Larry Canzone","SpecE30","1:19.448","21","2 Laps","5.360","69","BMW","325","wht/blu/blk","1986","Brentwood","NY","","canzone523@gmail.com"
"32","8","105",""Gypsy" Lynn Kehoe","SpecE30","1:21.766","21","2 Laps","24.402","68","BMW","325is","Blue","1987","","","",""
"33","6","517","Zephyr Belski","Honda Chal 2","1:16.779","17","6 Laps","4 Laps","70","Acura","Integra","L.Blue","1994","","","#blueteam",""
"34","7","219","Lenny Hong","Honda Chal 2","1:17.321","17","6 Laps","31.715","69","Acura","Integra","Red/Black","1997","","","#redteam",""
"35","9","62","Joey G.","Spec Miata","1:17.963","15","8 Laps","2 Laps","67","Mazda","Miata","Silver","","","","",""
"DNF","DNF","308","Gideon Lenkey","PTD/Spec86","","1","DNF","","45","Mazda","Miata","Yellow/Black","1990","Frenchtown","NJ","Ralph Anthony Automotive",""
