"Pos","PIC","No.","Name","Class","Best Tm","Laps","Diff","Gap","Points","Make","Model","Color","Year","City","State","Sponsor","Email"
"1","1","8","Frank Ferrara","GTS3","1:21.998","21","","","100","BMW","M3","Blue","2001","Oreland","PA","","Frank@Ferrarait.com"
"2","2","909","Foad Razavi","GTS3","1:22.441","21","22.917","22.917","90","BMW","M3","Silver","2003","","","",""
"3","1","619","Adrian Wlostowski","Super Touring 2","1:23.466","21","1:02.249","39.332","100","Chevrolet","Corvette","Black","2010","Maspeth","NY","F.A.S.T. Auto","fastautomotive1@aol.com"
"4","3","714","Aaron Turek","GTS3","1:26.904","20","1 Lap","1 Lap","85","BMW","M3","Green/Black/White","1997","South Windsor","CT","Munich Motorsports","munichaaron@gmail.com"
"5","2","5","Alan Cohen","Super Touring 2","1:24.726","20","1 Lap","30.694","90","Cadillac","CTS-V","Silver","2009","","","",""
"6","1","111","Mark Lounsbury","GTS4","1:27.352","20","1 Lap","16.150","100","BMW","M3","White/Black","2004","Chadds Ford","PA","VAC Motorsports","doclouns@comcast.net"
"7","2","161","Michael Gershanok","GTS4","1:27.233","20","1 Lap","20.576","90","BMW","M3","Silver/Red","2002","Edgewater","NJ","",""
"8","3","973","David Fitt","GTS4","1:30.178","19","2 Laps","1 Lap","85","BMW","M3","Black","1995","","","","roundelm5@gmail.com"
"9","4","53","Robert Goldlust","GTS3","1:27.560","19","2 Laps","13.836","80","BMW","M3","Red/Black","1996","Cherry Hill","NJ","","rgoldlust@gmail.com"
"10","1","24","AJ Hartman","American Iron","1:32.198","19","2 Laps","35.024","100","Ford","Mustang GT","Blue","1999","Clementon","NJ","","adam_hartman@hotmail.com"
"11","2","302","Eric Fuehrer","American Iron","1:35.927","18","3 Laps","1 Lap","90","Ford","Mustang","White","2014","Nescopeck","PA","","mavam729@gmail.com"
"12","3","55","Paul Plemenos","Super Touring 2","1:29.125","10","11 Laps","8 Laps","85","Chevrolet","Corvette Z06","Blue","2006","Lake Hopatcong","NJ","","Pauliep777@me.com"
"DNF","DNF","22","Hugh Stewart","GTS3","1:42.205","1","DNF","9 Laps","40","BMW","328","White/Red","1992","","","",""
