"Pos","PIC","No.","Name","Class","Overall BestTm","Appeared","Diff","Gap","Points","Make","Model","Year","Color","City","State","Sponsor","Email"
"1","1","324","Will Emmons","TTE","1:31.830","2","","","0","Mazda","Miata","1995","White/Black","","","",""
"2","2","15","Eric Viken","TTE","1:32.516","2","0.686","0.686","0","VW","Jetta GLI","2013","Black","","","",""
"3","1","53","Robert Goldlust","TT3","1:32.627","2","0.797","0.111","0","BMW","M3","1996","Red/Black","Cherry Hill","NJ","","rgoldlust@gmail.com"
"4","2","415","Michael Smith","TT3","1:33.780","2","1.950","1.153","0","Mitsubishi","Evolution","2013","White","Clay","NY","","mbsmit05@gmail.com"
"5","3","313","Jim Tramontano","TTE","1:34.351","2","2.521","0.571","0","Mazda","Miata","1995","Red","Lambertville","NJ","InfamousJim'sAutoArt",""
"6","3","93","Bill Mandra","TT3","","2","","","0","BMW","Z4 M","2014","Silver","","","",""
"DNF","1","111","Mark Lounsbury","TT2","","1","","","0","BMW","M3","2004","White/Black","Chadds Ford","PA","VAC Motorsports","doclouns@comcast.net"
"DNF","2","973","David Fitt","TT2","","1","","","0","BMW","M3","1995","Black","","","","roundelm5@gmail.com"
"DNF","1","551","Amy Dilks","TTB","","1","","","0","Subaru","WRX STi","2004","Purple/Black","","","",""
"DNF","1","258","Stuart Phillips","TTC","","1","","","0","Acura","Integra","1998","White","","","",""
"DNF","1","42","Rick Goryeb","TTD","","1","","","0","Scion","FR-S","2012","White","","","",""
