"Pos","PIC","No.","Name","Class","Best Tm","Laps","Diff","Gap","Points","Make","Model","Color","Year","City","State","Sponsor","Email"
"1","1","48","John George","Super Touring 2","1:26.319","15","5.602","3.695","100","Factory Five","Challenge","Blue","2005","Nashua","NH","Factory Five Racing, Hoosier, Hawk, Cheney Constru","ffrspec48@gmail.com"
"2","2","619","Adrian Wlostowski","Super Touring 2","1:26.394","15","10.815","5.213","90","Chevrolet","Corvette","Black","2010","Maspeth","NY","F.A.S.T. Auto","fastautomotive1@aol.com"
"3","3","061","John Robbins","Super Touring 2","1:26.500","15","19.757","8.942","85","Mitsubishi","Evo X","Grey","2008","Ridgefield","CT","","John@jprautosports.com"
"4","4","11","Patrick McMahon","Super Touring 2","1:27.897","15","25.007","5.250","80","Factory Five","Spec Cobra","Gray/Black","2005","Danville","NH","","patmcmahonracing@yahoo.com"
"5","1","223","Raphael-Jose Maurrasse","GTSU","1:26.847","15","41.209","16.202","100","Porsche","996 GT3 RSR","White/Blue","2004","Woodcliff Lake","NJ","","rjm26@aol.com"
"6","1","226","Will Vanjonack","GTS4","1:25.881","15","41.996","0.787","100","BMW","M3","Grey","1997","East Norriton","PA","Pioneer","bill_vanjonack@comcast.net"
"7","2","19","Luiz Serva","GTS4","1:26.468","15","45.807","3.811","90","BMW","M3","D.Blue","2001","Southbury","CT","","lserva@prysmalending.com"
"8","1","24","AJ Hartman","American Iron","1:29.608","15","53.041","7.234","100","Ford","Mustang GT","Blue","1999","Clementon","NJ","","adam_hartman@hotmail.com"
"9","1","66","Lawrence Lepurage","Super Unlimited","1:26.649","14","1 Lap","1 Lap","100","Chevrolet","Corvette","Yellow","2012","","","",""
"10","1","22","Hugh Stewart","GTS3","1:27.564","14","1 Lap","17.092","100","BMW","328","White/Red","1992","","","",""
"11","5","5G","Alan Cohen","Super Touring 2","1:29.753","14","1 Lap","0.356","75","Cadillac","CTS-V","Silver","2009","","","",""
"12","6","265","Mark Petronis","Super Touring 2","1:27.561","14","1 Lap","1.498","70","Chevrolet","Z06","Red","2004","Saratoga Springs","NY","amtMotorsport.com","streetspeed@gmail.com"
"13","2","714","Aaron Turek","GTS3","1:28.589","14","1 Lap","3.296","90","BMW","M3","Green/Black/White","1997","South Windsor","CT","Munich Motorsports","munichaaron@gmail.com"
"14","1","58","Richard Cox","Super Touring 1","1:29.443","14","1 Lap","2.260","100","Chevrolet","Corvette","Black","1999","","","",""
"15","3","8","Frank Ferrara","GTS3","1:28.823","14","1 Lap","1.139","85","BMW","M3","Blue","2001","Oreland","PA","","Frank@Ferrarait.com"
"16","3","23","Matthew Gaetano","GTS4","1:28.985","14","1 Lap","7.050","85","BMW","M3","Yellow/Black","2003","White Plains","NY","","mag@nycgss.com"
"17","4","161","Michael Gershanok","GTS4","1:28.580","14","1 Lap","3.450","80","BMW","M3","Silver/Red","2002","Edgewater","NJ","",""
"18","1","951","John Khoury","Super Touring 3","1:30.734","14","1 Lap","0.032","100","BMW","318is","White","1993","","","",""
"19","7","92","John Gatzemeyer","Super Touring 2","1:32.045","14","1 Lap","0.609","69","Chevrolet","Corvette","Red","2001","Hillsborough","NJ","Elusive Racing ","john_Gatzemeyer@colpal.com"
"20","4","136","Kazimierz Sperling","GTS3","1:30.459","14","1 Lap","4.982","80","BMW","M3","White","1997","","","",""
"21","5","716","Phil Parlato","GTS4","1:30.426","14","1 Lap","1.413","75","BMW","325i","White/Red/Black","2003","","","",""
"22","1","530","Michael Sousa","GTS2","1:31.229","14","1 Lap","1.012","100","BMW","M3","Red/Black/White","1997","","","",""
"23","2","187","Edgar Cabrera","GTS2","1:31.267","14","1 Lap","2.990","90","BMW","M3","White","2004","Santo Domingo","DR","IMC","hopofthese@aol.com"
"24","2","83","Chris D'Ambrosio","Super Touring 3","1:33.632","14","1 Lap","1.450","90","Cadillac","CTS-V","Silver","2005","Long Island","NY","","bulmrkt@earthlink.net"
"25","1","188","J. Michael Stillwagon","American Iron Extreme","1:33.789","14","1 Lap","0.863","100","Ford","FR500S","White","2008","","","",""
"26","6","123","Eyal Adler","GTS4","1:32.309","14","1 Lap","1.057","70","BMW","135i","Gray/Orange","2008","","","",""
"27","5","84","Adam Hessel","GTS3","1:31.264","14","1 Lap","0.225","75","BMW","M3","Black","2004","","","TKX Performance/Chief Signs","adam.hessel@gmail.com"
"28","2","302","Eric Fuehrer","American Iron","1:31.892","14","1 Lap","8.019","90","Ford","Mustang","White","2014","Nescopeck","PA","","mavam729@gmail.com"
"29","6","53","Robert Goldlust","GTS3","1:32.050","14","1 Lap","1.204","70","BMW","M3","Red/Black","1996","Cherry Hill","NJ","","rgoldlust@gmail.com"
"30","3","824","Vinh Chau","GTS2","1:32.680","14","1 Lap","7.591","85","BMW","Me","Yellow","1995","Philadelphia","PA","","vchau76@gmail.com"
"31","4","305","Nick DeRosa","GTS2","1:32.797","14","1 Lap","6.772","80","BMW","M3","Black","1995","","","",""
"32","7","167","Michael Sabatello","GTS3","1:33.602","14","1 Lap","15.377","69","BMW","325i","White","1994","","","",""
"33","5","12","Anthony Bodine","GTS2","1:33.878","13","2 Laps","1 Lap","75","330i","BMW","Red","2003","Cranston","RI","","ajbodine2@gmail.com"
"34","8","146","Chris DeFelice","GTS3","1:28.081","14","1 Lap","2.716","0","BMW","E46 M3","Silver","2001","New York","NY","","cvdefelice@gmail.com"
"35","6","520","Larry Marks","GTS2","1:35.943","13","2 Laps","35.507","70","BMW","M3","Silver","199","South Windsor","CT","","nomowhal@gmail.com"
"36","7","25G","Robert Giuliante","GTS2","1:37.663","13","2 Laps","7.051","69","Porsche","Boxster","Black","1997","","","",""
"37","2","166","Mathieu Lussier","Super Unlimited","1:36.165","13","2 Laps","1.892","90","BMW","330ci","Gray","2002","","","",""
"38","2","420","Brian Goldburg","Super Touring 1","1:26.098","9","6 Laps","4 Laps","90","Panoz","GTS","Yellow/Black/Red","2002","","","Milestone MotorWorX",""
"39","3","117","Brian Casella","Super Unlimited","1:26.884","9","6 Laps","16.275","85","Datsun","Z","White","","","","",""
"40","4","421","Benjamin Lesnak","Super Unlimited","2:02.159","9","6 Laps","6:48.290","0","Porsche","924","Blue","1986","","","NJ Bent Wheel",""
"DNF","DNF","111","Mark Lounsbury","GTS4","1:28.909","7","DNF","2 Laps","35","BMW","M3","White/Black","2004","Chadds Ford","PA","VAC Motorsports","doclouns@comcast.net"
"42","3","5","Ziggy Miejski","Super Touring 1","1:24.211","15","","","0","Chevrolet","Corvette","Red","2002","","","","Zigster316@optonline.net"
"43","4","65","Russ Oasis","Super Touring 1","1:25.139","15","1.907","1.907","0","Dodge","Viper","Red","","Miami","FL","VERT / Parts Rack","ROasis@AOL.com"
"DNF","DNF","43","Michael Naab","American Iron Extreme","1:37.706","3","DNF","4 Laps","50","Ford","Mustang","Black/Red/White","2000","Buffalo","NY","","michaelpnaab@gmail.com"
"DNF","DNF","91","Jeff Shaw","American Iron","1:33.513","2","DNF","1 Lap","85","Ford","Mustang Cobra","Yellow","1998","","","",""
"DQ","DQ","21G","Daniel Raver","Super Unlimited","1:22.392","15","DQ","","0","Superlite Coupe","GT3","Green","2015","Reisterstown","MD","Agile Automotive Performance - Superlite Cars","danpatraver@gmail.com"
"47","4","70","Albert Watson","American Iron","1:31.446","14","1 Lap","14.895","0","Ford","Mustang","White","1989","Cranford","NJ","","al_streetmotorsports@hotmail.com"
"48","5","82","John Pattman","American Iron","1:37.332","13","2 Laps","7.629","0","Ford","Mustang","Blue","2008","Midland Park","NJ","","jack@pattmanplumbing.com"
"DQ","DQ","21","David Greenman","Super Touring 1","1:29.255","14","DQ","","0","Chevrolet","Corvette","Black","1997","","","",""
"DQ","DQ","973","David Fitt","GTS4","1:30.030","14","DQ","","0","BMW","M3","Black","1995","","","","roundelm5@gmail.com"
