"Pos","PIC","No.","Name","Class","Best Tm","Laps","Diff","Gap","Points","Make","Model","Color","Year","City","State","Sponsor","Email"
"1","1","65","Russ Oasis","Super Touring 1","1:25.876","20","","","100","Dodge","Viper","Red","","Miami","FL","VERT / Parts Rack","ROasis@AOL.com"
"2","1","619","Adrian Wlostowski","Super Touring 2","1:26.847","20","14.282","14.282","100","Chevrolet","Corvette","Black","2010","Maspeth","NY","F.A.S.T. Auto","fastautomotive1@aol.com"
"3","2","11","Patrick McMahon","Super Touring 2","1:28.184","20","32.320","18.038","90","Factory Five","Spec Cobra","Gray/Black","2005","Danville","NH","","patmcmahonracing@yahoo.com"
"4","1","223","Raphael-Jose Maurrasse","GTSU","1:26.838","20","1:07.100","34.780","100","Porsche","996 GT3 RSR","White/Blue","2004","Woodcliff Lake","NJ","","rjm26@aol.com"
"5","1","226","Will Vanjonack","GTS4","1:26.442","20","1:08.016","0.916","100","BMW","M3","Grey","1997","East Norriton","PA","Pioneer","bill_vanjonack@comcast.net"
"6","1","70","Albert Watson","American Iron","1:30.353","20","1:26.803","18.787","100","Ford","Mustang","White","1989","Cranford","NJ","","al_streetmotorsports@hotmail.com"
"7","2","24","AJ Hartman","American Iron","1:30.374","20","1:27.094","0.291","90","Ford","Mustang GT","Blue","1999","Clementon","NJ","","adam_hartman@hotmail.com"
"8","1","8","Frank Ferrara","GTS3","1:28.538","20","1:27.308","0.214","100","BMW","M3","Blue","2001","Oreland","PA","","Frank@Ferrarait.com"
"9","2","22","Hugh Stewart","GTS3","1:27.553","20","1:27.655","0.347","90","BMW","328","White/Red","1992","","","",""
"10","3","714","Aaron Turek","GTS3","1:28.560","19","1 Lap","1 Lap","85","BMW","M3","Green/Black/White","1997","South Windsor","CT","Munich Motorsports","munichaaron@gmail.com"
"11","2","21","David Greenman","Super Touring 1","1:29.949","19","1 Lap","7.664","90","Chevrolet","Corvette","Black","1997","","","",""
"12","3","92","John Gatzemeyer","Super Touring 2","1:30.842","19","1 Lap","19.348","85","Chevrolet","Corvette","Red","2001","Hillsborough","NJ","Elusive Racing ","john_Gatzemeyer@colpal.com"
"13","3","302","Eric Fuehrer","American Iron","1:32.712","19","1 Lap","13.072","85","Ford","Mustang","White","2014","Nescopeck","PA","","mavam729@gmail.com"
"14","2","161","Michael Gershanok","GTS4","1:28.719","19","1 Lap","0.473","90","BMW","M3","Silver/Red","2002","Edgewater","NJ","",""
"15","4","146","Chris DeFelice","GTS3","1:29.655","19","1 Lap","0.222","80","BMW","E46 M3","Silver","2001","New York","NY","","cvdefelice@gmail.com"
"16","3","23","Matthew Gaetano","GTS4","1:30.374","19","1 Lap","7.773","85","BMW","M3","Yellow/Black","2003","White Plains","NY","","mag@nycgss.com"
"17","1","530","Michael Sousa","GTS2","1:30.745","19","1 Lap","10.954","100","BMW","M3","Red/Black/White","1997","","","",""
"18","4","123","Eyal Adler","GTS4","1:31.793","19","1 Lap","6.050","80","BMW","135i","Gray/Orange","2008","","","",""
"19","5","84","Adam Hessel","GTS3","1:31.088","19","1 Lap","0.749","75","BMW","M3","Black","2004","","","TKX Performance/Chief Signs","adam.hessel@gmail.com"
"20","5","716","Phil Parlato","GTS4","1:30.765","19","1 Lap","3.978","75","BMW","325i","White/Red/Black","2003","","","",""
"21","2","305","Nick DeRosa","GTS2","1:32.453","19","1 Lap","4.422","90","BMW","M3","Black","1995","","","",""
"22","4","5G","Alan Cohen","Super Touring 2","1:31.965","19","1 Lap","0.935","80","Cadillac","CTS-V","Silver","2009","","","",""
"23","6","267","Tony Salloum","GTS4","1:31.928","19","1 Lap","9.606","70","BMW","","Black","","","","VAC Motorsports",""
"24","5","48","John George","Super Touring 2","1:27.271","18","2 Laps","1 Lap","75","Factory Five","Challenge","Blue","2005","Nashua","NH","Factory Five Racing, Hoosier, Hawk, Cheney Constru","ffrspec48@gmail.com"
"25","6","53","Robert Goldlust","GTS3","1:32.834","18","2 Laps","2:20.618","70","BMW","M3","Red/Black","1996","Cherry Hill","NJ","","rgoldlust@gmail.com"
"26","4","82","John Pattman","American Iron","1:36.084","18","2 Laps","0.857","80","Ford","Mustang","Blue","2008","Midland Park","NJ","","jack@pattmanplumbing.com"
"27","3","12","Anthony Bodine","GTS2","1:34.310","18","2 Laps","2.531","85","330i","BMW","Red","2003","Cranston","RI","","ajbodine2@gmail.com"
"28","7","167","Michael Sabatello","GTS3","1:34.085","18","2 Laps","0.609","69","BMW","325i","White","1994","","","",""
"29","1","774","Amy Mills","Super Unlimited","1:37.145","18","2 Laps","13.831","100","Mazda","Miata","Black","1994","","","",""
"30","2","717","Whitfield Gregg","Super Unlimited","1:38.934","18","2 Laps","20.149","90","Mazda","Miata","Black","1994","","","",""
"31","3","12ng","Black BMW","Super Unlimited","1:34.602","18","2 Laps","28.019","85","BMW","","Black","","","","",""
"32","4","520","Larry Marks","GTS2","1:37.477","18","2 Laps","8.333","80","BMW","M3","Silver","199","South Windsor","CT","","nomowhal@gmail.com"
"33","1","74","Joel Karns","Super Touring 3","1:38.545","17","3 Laps","1 Lap","100","Mazda","Exocet","Orange","2014","","","",""
"34","5","91","Jeff Shaw","American Iron","1:33.806","16","4 Laps","1 Lap","75","Ford","Mustang Cobra","Yellow","1998","","","",""
"35","1","43","Michael Naab","American Iron Extreme","1:33.900","16","4 Laps","22.243","100","Ford","Mustang","Black/Red/White","2000","Buffalo","NY","","michaelpnaab@gmail.com"
"36","2","177","Joe Fuchs","GTSU","1:39.584","12","8 Laps","4 Laps","90","BMW","330","Blue/Grey","2001","","","",""
"37","5","187","Edgar Cabrera","GTS2","1:32.641","12","8 Laps","1:19.445","75","BMW","M3","White","2004","Santo Domingo","DR","IMC","hopofthese@aol.com"
"DNF","DNF","111","Mark Lounsbury","GTS4","1:27.442","4","DNF","8 Laps","35","BMW","M3","White/Black","2004","Chadds Ford","PA","VAC Motorsports","doclouns@comcast.net"
"DNF","DNF","58","Richard Cox","Super Touring 1","1:32.688","2","DNF","2 Laps","45","Chevrolet","Corvette","Black","1999","","","",""
"DNF","DNF","061","John Robbins","Super Touring 2","","","DNF","2 Laps","38","Mitsubishi","Evo X","Grey","2008","Ridgefield","CT","","John@jprautosports.com"
"DNF","DNF","824","Vinh Chau","GTS2","","","DNF","55.964","38","BMW","Me","Yellow","1995","Philadelphia","PA","","vchau76@gmail.com"
