"Pos","PIC","No.","Name","Class","Best Tm","Laps","Diff","Gap","Points","Make","Model","Color","Year","City","State","Sponsor","Email"
"1","1","97","Jeff Ricca","PTB","1:13.300","19",,,"100","Hyundai","Genesis","White","2012",,,,
"2","1","54","Michael Kanisczak","Honda Chal 1","1:13.774","19","27.273","27.273","100","Honda","S2000","Gray","2007",,,,
"3","2","75","John Oldt","Honda Chal 1","1:14.658","19","37.050","9.777","90","Honda","S2000","Blue/Black/Silver","2001",,,,"ar-inc@rcn.com"
"4","1","516","Spencer Anderson","Honda Chal 2","1:15.141","19","48.706","11.656","100","Honda","Civic","Red/Silver","1994","Freeport","NY","#redteam","noriceef@aol.com"
"5","2","32","Jon Baker","Honda Chal 2","1:14.985","19","48.819","0.113","90","Acura","Integra","White/Gray","1998",,,"#whiteteam",
"6","1","42","Rick Goryeb","PTD/Spec86","1:17.819","19","1:14.063","25.244","100","Scion","FR-S","White","2013","Lake Hopatcong","NJ",,
"7","1","29","Richard Bocanegra","Spec46","1:17.717","19","1:15.805","1.742","100","BMW","330i","Silver","2001","Bergenfield","NJ",,"richjr@wymbs.com"
"8","3","7","Jan Wang","Honda Chal 2","1:16.525","18","1 Lap","1 Lap","85","Honda","Civic","Red","1992","Tenafly","NJ","#redteam","JanWang74@aol.com"
"9","2","52","Adam Mouradian","PTD/Spec86","1:18.481","18","1 Lap","0.176","90","Subaru","BRZ","D.Gray","2013","Kenilworth","NJ","AZP Installs","adam@azpinstalls.com"
"10","4","258","Stuart Phillips","Honda Chal 2","1:16.482","18","1 Lap","2.339","80","Acura","Integra","White","1998",,,,
"11","1","62","Joey G.","Spec Miata","1:18.459","18","1 Lap","0.845","100","Mazda","Miata","Silver",,,,,
"12","2","51","Paul Redante","Spec Miata","1:18.395","18","1 Lap","0.383","90","Mazda","Miata","Blue","1999","Ivyland","PA",,"pcdrj@verizon.net"
"13","5","37","Brian Casella","Honda Chal 2","1:17.279","18","1 Lap","4.708","75","Acura","Integra","White/Orange",,"Pompton Plains","NJ","#whiteteam",
"14","6","46","Michael Fries","Honda Chal 2","1:16.478","18","1 Lap","0.307","70","Honda","S2000","Yellow","2008","Westernville","NY","Lifted","mfries@twcny.rr.com"
"15","3","18","Benjamin Miller","Spec Miata","1:18.382","18","1 Lap","2.105","85","Mazda","Miata","Red","1991",,,,
"16","4","88G","Mike LaMaina","Spec Miata","1:19.422","18","1 Lap","10.804","80","Mazda","Miata","Silver","1999",,,,
"17","5","360","Lance Bergstein","Spec Miata","1:19.356","18","1 Lap","0.895","75","Mazda","Miata","Green","1999","New York","NY","Planet Miata","lance.bergstein@gmail.com"
"18","6","73","Marcus Mazza","Spec Miata","1:18.781","18","1 Lap","1.335","70","Mazda","Miata","D.Green","1991",,,,
"19","7","27","Devin Gregory","Spec Miata","1:19.385","18","1 Lap","1.383","69","Mazda","Miata","Red","1991",,,"EFI Logics",
"20","7","106","Enrik Benazic","Honda Chal 2","1:18.395","18","1 Lap","0.286","69","Honda","Prelude","Grey",,"Brooklyn","NY","All Star Sheet Metal","rickb1@allstarsheetmetal.com"
"21","8","517","Zephyr Belski","Honda Chal 2","1:16.833","18","1 Lap","4.571","68","Acura","Integra","L.Blue","1994",,,"#blueteam",
"22","1","77","Sean Curran","SpecE30","1:18.370","18","1 Lap","4.425","100","BMW","325is","White/Green","1989","Clifton","NJ",,"wb256@aol.com"
"23","2","477","Christopher Allen","SpecE30","1:18.616","18","1 Lap","0.270","90","BMW","325is","Black","1988","Rydal","PA",,"chrisblakeallen@gmail.com"
"24","3","20","James Mertz","SpecE30","1:18.888","18","1 Lap","1.153","85","BMW","E30","Red","1991","Saylorsburg","PA","StoogeMoe Racing","goldie83@ptd.net"
"25","8","324","Will Emmons","Spec Miata","1:19.346","18","1 Lap","0.552","68","Mazda","Miata","White/Black","1995",,,,
"26","4","87","Michael Kovac","SpecE30","1:18.607","18","1 Lap","4.361","80","BMW","325is","Blue/Green","1987",,,"Drivegear",
"27","5","81","Ray Prato","SpecE30","1:19.184","18","1 Lap","7.903","75","BMW","325i","Silver","1989","Ringwood","NJ",,"raypratojr@gmail.com"
"28","6","190","Larry Canzone","SpecE30","1:19.195","18","1 Lap","2.802","70","BMW","325","wht/blu/blk","1986","Brentwood","NY",,"canzone523@gmail.com"
"29","9","44","Kevin Feller","Spec Miata","1:20.804","18","1 Lap","1.262","67","Mazda","Miata","White/Blue","1992","Deptford","NJ","Side Street Motorsports","feller.kf@gmail.com"
"30","2","115","Dan Gregory","PTB","1:19.956","18","1 Lap","6.329","90","Porsche","944","Black/Silver","1989","Wayne","PA",,"daniellgregory@gmail.com"
"31","2","67","Scott Rosen","Spec46","1:21.027","17","2 Laps","1 Lap","90","BMW","330Ci","Black","2001","Swampscott","MA",,"scottarosen@gmail.com"
"32","7","86NG","Brian Goldburg","SpecE30","1:21.647","17","2 Laps","13.001","69","BMW","325","Grey","1989",,,"Drivegear",
"33","8","153","Sam Jadczak","SpecE30","1:20.601","17","2 Laps","1.306","68","BMW","325i","Bronze/D.Red","1989","Horsham","PA",,"samjadczak@yahoo.com"
"34","9","105","Leo Massarinin","SpecE30","1:22.220","17","2 Laps","1.942","67","BMW","325is","Blue","1987",,,,
"35","3","129","Daniel Livingston","PTB","1:23.695","17","2 Laps","11.921","85","BMW","E30","Black","1989","Coventry","CT","Munich Motorsports","dlivingston1229@gmail.com"
"36","3","802","Daniel Honovich","Honda Chal 1","1:15.557","16","3 Laps","1 Lap","85","Honda","S2000","D.Gray","2002","Carmel","NY","Ultimate Collision Center, Fine Animal Hospital","sales@danhonovich.com"
"37","10","777","Agemiro de Paula","Spec Miata","1:19.631","12","7 Laps","4 Laps","66","Mazda","Miata","White/Green","1999",,,,
"38","9","219","Lenny Hong","Honda Chal 2","1:18.053","12","7 Laps","15.253","67","Acura","Integra","Red/Black","1997",,,"#redteam",
"39","10","36","Robert Casella","Honda Chal 2","1:16.856","11","8 Laps","1 Lap","66","Honda""""","Challenged","White",,,,"#whiteteam",
"40","11","10","Erik Olson","Honda Chal 2","1:19.614","11","8 Laps","45.802","65","Honda","Civic","Red","1992",,,"#redteam",
"41","3","22NG","Andersen n","PTD/Spec86","1:19.405","10","9 Laps","1 Lap","85",,,,,,,,
