"Pos","PIC","No.","Name","Class","Best Tm","Laps","Diff","Gap","Points","Make","Model","Color","Year","City","State","Sponsor","Email"
"1","1","336","Dan Harnick","GTS2","1:27.033","20","","","100","BMW","M3","Black","1998","NY","NY","","dharnick@gmail.com"
"2","1","551","Amy Dilks","PTB","1:29.981","20","30.052","30.052","100","Subaru","WRX STi","Purple/Black","2004","","","",""
"3","2","12","Anthony Bodine","GTS2","1:29.903","20","52.076","22.024","90","BMW","330i","Red","2003","Cranston","RI","","ajbodine2@gmail.com"
"4","1","516","Spencer Anderson","Honda Chal 2","1:31.461","20","1:15.867","23.791","100","Honda","Civic","Red/Silver","1994","Freeport","NY","#redteam","noriceef@aol.com"
"5","1","29","Richard Bocanegra","Spec46","1:31.265","20","1:20.539","4.672","100","BMW","330i","Silver","2001","Bergenfield","NJ","","richjr@wymbs.com"
"6","1","77","Sean Curran","SpecE30","1:31.108","20","1:22.695","2.156","100","BMW","325is","White/Green","1989","Clifton","NJ","","wb256@aol.com"
"7","2","258","Stuart Phillips","Honda Chal 2","1:31.750","20","1:27.785","5.090","90","Acura","Integra","White","1998","","","",""
"8","3","46","Michael Fries","Honda Chal 2","1:31.109","20","1:34.836","7.051","85","Honda","S2000","Yellow","2008","Westernville","NY","Lifted","mfries@twcny.rr.com"
"9","2","477","Christopher Allen","SpecE30","1:33.095","19","1 Lap","1 Lap","90","BMW","325is","Black","1988","Rydal","PA","","chrisblakeallen@gmail.com"
"10","4","32","Jon Baker","Honda Chal 2","1:34.352","19","1 Lap","1.919","80","Acura","Integra","White/Gray","1998","","","#whiteteam",""
"11","1","324","Will Emmons","Spec Miata","1:35.781","19","1 Lap","37.062","100","Mazda","Miata","White/Black","1995","","","",""
"12","2","18","Benjamin Miller","Spec Miata","1:35.221","19","1 Lap","6.025","90","Mazda","Miata","Red","1991","","","",""
"13","3","81","Ray Prato","SpecE30","1:36.033","19","1 Lap","2.454","85","BMW","325i","Silver","1989","Ringwood","NJ","","raypratojr@gmail.com"
"14","3","27","Devin Gregory","Spec Miata","1:35.896","19","1 Lap","6.117","85","Mazda","Miata","Red","1991","","","EFI Logics",""
"15","4","88G","Mike LaMaina","Spec Miata","1:34.746","19","1 Lap","0.913","80","Mazda","Miata","Silver","1999","","","",""
"16","5","14","David Deerson","Spec Miata","1:34.770","19","1 Lap","0.487","75","Mazda","Miata","Blue","","","NJ","",""
"17","4","20","James Mertz","SpecE30","1:36.327","19","1 Lap","0.923","80","BMW","E30","Red","1991","Saylorsburg","PA","StoogeMoe Racing","goldie83@ptd.net"
"18","5","517","Zephyr Belski","Honda Chal 2","1:36.794","18","2 Laps","1 Lap","75","Acura","Integra","L.Blue","1994","","","#blueteam",""
"19","5","190","Larry Canzone","SpecE30","1:37.708","18","2 Laps","25.101","75","BMW","325","wht/blu/blk","1986","Brentwood","NY","","canzone523@gmail.com"
"20","6","128","John Wechsler","Spec Miata","1:36.757","18","2 Laps","5.241","70","Mazda","Miata","Black/Orange","1999","","","",""
"21","7","44","Kevin Feller","Spec Miata","1:36.285","18","2 Laps","3.832","69","Mazda","Miata","White/Blue","1992","Deptford","NJ","Side Street Motorsports","feller.kf@gmail.com"
"22","6","141","Ed Cangialosi","SpecE30","1:37.758","18","2 Laps","25.686","70","BMW","325","Black","1987","","","","edcangialosi@gmail.com"
"23","6","219","Lenny Hong","Honda Chal 2","1:39.470","17","3 Laps","1 Lap","70","Acura","Integra","Red/Black","1997","","","#redteam",""
"24","7","7","Jan Wang","Honda Chal 2","1:36.644","11","9 Laps","6 Laps","69","Honda","Civic","Red","1992","Tenafly","NJ","#redteam","JanWang74@aol.com"
"25","1","52","Adam Mouradian","PTD/Spec86","1:37.730","10","10 Laps","1 Lap","100","Subaru","BRZ","D.Gray","2013","Kenilworth","NJ","AZP Installs","adam@azpinstalls.com"
