"Pos","PIC","No.","Name","Class","Best Tm","Laps","Diff","Gap","Points","Make","Model","Color","Year","City","State","Sponsor","Email"
"1","1","177","Joe Fuchs","GTS2","1:35.290","22","","","0","BMW","M3","Blue","1995","","","",""
"2","2","230","Blake Caplan","GTS2","1:35.196","22","9.306","9.306","0","BMW","M3","Black/White/Red","1995","","","",""
"3","1","530","Mike Sousa","PTC","1:37.179","22","49.172","39.866","0","Subaru","2.5RS","White","","","","",""
"4","1","32","Jon Baker","Honda Chal 2","1:40.009","22","1:38.716","49.544","0","Acura","Integra","Gray/White","","","","",""
"5","1","23","Michael Fries","Honda Chal 1","1:37.871","21","1 Lap","1 Lap","0","Honda","S2000","Yellow","2002","Westernville","NY","","mfries@twcny.rr.com"
"6","2","36","Robert Casella","Honda Chal 2","1:39.846","21","1 Lap","25.444","0",""Honda"","Challenged","White/Orange","","","","",""
"7","1","221","Steven Bessett","Spec Miata","1:42.185","21","1 Lap","27.337","0","Mazda","Miata","Blue","1991","chadds ford","PA","","madwrecking@yahoo.com"
"8","2","13SM","Marcus Mazza","Spec Miata","1:42.101","21","1 Lap","0.923","0","Mazda","Miata","White/Orange","1991","","","",""
"9","3","163","AJ Gillum","Spec Miata","1:41.898","21","1 Lap","2.383","0","Mazda","Miata","Yellow/Gray","1991","Westville","NJ","","ajgillum@hotmail.com"
"10","4","61","Joey G.","Spec Miata","1:41.271","21","1 Lap","3.711","0","Mazda","Miata","Red","","","","",""
"11","1","183","James Rothenberger","GTS1","1:42.672","21","1 Lap","27.717","0","Porsche","944","Orange/Gray","1985","","","",""
"12","1","77","Sean Curran","SpecE30","1:42.517","21","1 Lap","3.757","0","BMW","325is","White","1989","Clifton","NJ","","wb256@aol.com"
"13","1","641","Kenneth Smith","Spec 986","1:42.993","21","1 Lap","0.385","0","Porsche","Boxster","Black","1997","North Haledon","NJ","","nitro5384@yahoo.com"
"14","2","87","Andrea Cairone","SpecE30","1:42.619","21","1 Lap","5.310","0","BMW","325is","Blue/Green","1987","","","",""
"15","5","99","Tony Senese","Spec Miata","1:44.148","21","1 Lap","6.575","0","Mazda","Miata","Black","1994","shaftsbury","VT","","tonys@nosenseyet.com"
"16","3","343","Justin Styles","SpecE30","1:43.484","20","2 Laps","1 Lap","0","BMW","325i","Gray","1991","Hamilton","NJ","","mxstyles@aol.com"
"17","4","64","Edward Phillips","SpecE30","1:44.080","20","2 Laps","0.325","0","BMW","325i","Red/Black","","","","",""
"18","6","114","Paul Redante","Spec Miata","1:44.301","20","2 Laps","12.943","0","Mazda","Miata","Blue","1990","Ivyland","PA","","pcdrj@verizon.net"
"19","5","4","Ed Cangialosi","SpecE30","1:44.502","20","2 Laps","13.662","0","BMW","325","Black","1987","","","","edcangialosi@gmail.com"
"20","6","523","Kishantha Galappatti","SpecE30","1:44.488","20","2 Laps","2.739","0","BMW","325i","Red","1991","","","",""
"21","7","182","Turk Petracca","Spec Miata","1:48.074","20","2 Laps","49.229","0","Mazda","Miata","White","1991","","","",""
"22","7","327","Jeff Caldwell","SpecE30","1:45.738","11","11 Laps","9 Laps","0","BMW","325is","White","1990","Millstone","NJ","","jeffcbmw@gmail.com"
"23","2","14","John Brandenberg","GTS1","2:07.728","1","21 Laps","10 Laps","0","Porsche","944","Lime Green","","","","",""
