"Pos","PIC","No.","Name","Class","Best Tm","Laps","Diff","Gap","Points","Make","Model","Color","Year","City","State","Sponsor","Email"
"1","1","39","Joseph Catapano","GTS5","1:24.599","20","","","50","Porsche","GT3 Cup","White","2009","","","",""
"2","1","475","Ariel Jurmann","GTS3","1:32.011","19","1 Lap","1 Lap","100","Porsche","951","Black","1986","","","","ajurmann@gmail.com"
"3","2","646","Ronald Cohen","GTS3","1:31.788","19","1 Lap","0.458","90","Porsche","944 Turbo","Silver/Blue","1989","","","","ron@francorestoration.com"
"4","1","24","AJ Hartman","American Iron","1:32.781","19","1 Lap","9.026","100","Ford","Mustang GT","Blue","1999","Clementon","NJ","","adam_hartman@hotmail.com"
"5","3","161","Michael Gershanok","GTS3","1:33.393","19","1 Lap","9.990","85","BMW","M3","Silver","2002","Edgewater","NJ","",""
"6","1","77","Sean Curran","SpecE30","1:35.814","19","1 Lap","35.867","100","BMW","325is","White","1989","Clifton","NJ","","wb256@aol.com"
"7","2","343","Peter Thibault","SpecE30","1:35.886","19","1 Lap","2.098","90","BMW","325i","Gray/Orange","1991","Hamilton","NJ","","mxstyles@aol.com"
"8","1","32","Jon Baker","Honda Chal 2","1:33.693","18","2 Laps","1 Lap","100","Acura","Integra","Gray/White","","","","",""
"9","3","89","Drivegear Rental 89","SpecE30","1:37.593","18","2 Laps","23.527","85","BMW","325i","Red","1989","","","",""
"10","1","112","Vicktor Volpe","Spec Miata","1:37.753","18","2 Laps","3.866","100","Mazda","Miata","White/Black/Red","1991","New Hyde Park","NY","","vicktorvolpe@gmail.com"
"11","2","99","Tony Senese","Spec Miata","1:37.878","18","2 Laps","0.087","90","Mazda","Miata","Black","1994","shaftsbury","VT","","tonys@nosenseyet.com"
"12","3","114","Paul Redante","Spec Miata","1:38.213","18","2 Laps","1.230","85","Mazda","Miata","Blue","1990","Ivyland","PA","","pcdrj@verizon.net"
"13","4","4x","Ed Cangialosi","SpecE30","1:39.006","18","2 Laps","14.241","80","BMW","325","Black","1987","","","","edcangialosi@gmail.com"
"14","5","327","Jeff Caldwell","SpecE30","1:38.053","18","2 Laps","0.399","75","BMW","325is","White","1990","Millstone","NJ","","jeffcbmw@gmail.com"
"15","1","86","Scott Smith","GTS1","1:39.843","18","2 Laps","16.705","50","BMW","325","Yellow/Red/Black","1986","Chester","CT","","scott.w.smith@pfizer.com"
"16","4","25","Gary Shenk","Spec Miata","1:41.686","18","2 Laps","30.456","80","Mazda","Miata","Black","1992","","","",""
"17","5","26","Jim Roberts","Spec Miata","1:42.162","18","2 Laps","1.194","75","Mazda","Miata","Yellow","1990","","","",""
"18","1","133","Brion Martin","PTE","1:45.618","17","3 Laps","1 Lap","50","Mazda","Miata","Red","1995","","","Screwbird Racing",""
"19","2","70","Albert Watson","American Iron","1:33.339","15","5 Laps","2 Laps","90","Ford","Mustang","White","1989","Cranford","NJ","","al_streetmotorsports@hotmail.com"
"20","6","88","Andrea Cairone","SpecE30","1:40.147","13","7 Laps","2 Laps","70","BMW","325","White","1989","","","",""
"21","1","530","Mike Sousa","PTC","1:34.548","8","12 Laps","5 Laps","50","Subaru","2.5RS","White","","","","",""
"DNF","DNF","13","Peter McIntosh II","Super Touring 2","1:28.697","1","DNF","7 Laps","100","Chevrolet","Corvette","White/Black","2005","","","","peteypablo511@hotmail.com"
