"Pos","PIC","No.","Name","Class","Best Tm","Laps","Diff","Gap","Points","Make","Model","Color","Year","City","State","Sponsor","Email"
"1","1","177","Joe Fuchs","GTS2","1:15.003","21","","","100","BMW","M3","Blue","1995","","","",""
"2","1","530","Mike Sousa","PTC","1:16.945","21","24.673","24.673","50","Subaru","2.5RS","White","","","","",""
"3","1","611","Patrick McParland","Honda Chal 1","1:17.138","21","40.410","15.737","100","Honda","S2000","Black","","","","",""
"4","1","46","Michael Fries","Honda Chal 2","1:18.227","21","53.774","13.364","100","Honda","S2000","Yellow","2002","Westernville","NY","","mfries@twcny.rr.com"
"5","1","641","Kenneth Smith","Spec 986","1:19.502","21","1:12.152","18.378","100","Porsche","Boxster","Black","1997","North Haledon","NJ","","nitro5384@yahoo.com"
"6","1","77","Sean Curran","SpecE30","1:20.336","21","1:17.637","5.485","100","BMW","325is","White","1989","Clifton","NJ","","wb256@aol.com"
"7","2","4","Ed Cangialosi","SpecE30","1:20.064","21","1:18.193","0.556","90","BMW","325","Black","1987","","","","edcangialosi@gmail.com"
"8","1","61","J. Wax","Spec Miata","1:19.874","21","1:19.075","0.882","100","Mazda","Miata","Red","","","","",""
"9","2","147","Randy Petschauer","Spec Miata","1:19.405","21","1:39.209","20.134","90","Mazda","Miata","Black","","","","",""
"10","2","516","Spencer Anderson","Honda Chal 2","1:20.433","20","1 Lap","1 Lap","90","Honda","Civic","Red/Silver","1994","Freeport","NY","","noriceef@aol.com"
"11","1","86","Scott Smith","GTS1","1:21.780","20","1 Lap","2.128","100","BMW","325","Yellow/Red/Black","1986","Chester","CT","","scott.w.smith@pfizer.com"
"12","2","183","James Rothenberger","GTS1","1:21.363","20","1 Lap","0.155","90","Porsche","944","Orange/Gray","1985","","","",""
"13","3","99","Tony Senese","Spec Miata","1:21.230","20","1 Lap","1.195","85","Mazda","Miata","Black","1994","shaftsbury","VT","","tonys@nosenseyet.com"
"14","4","114","Paul Redante","Spec Miata","1:21.177","20","1 Lap","0.894","80","Mazda","Miata","Blue","1990","Ivyland","PA","","pcdrj@verizon.net"
"15","3","128","Matt Espinoza","Honda Chal 2","1:21.352","20","1 Lap","17.489","85","Acura","Integra","White","","","","",""
"16","1","3","Pete McIntosh II","Spec Z","1:15.024","19","2 Laps","1 Lap","100","Nissan","Z","White","","","","",""
"17","2","73","Jim Clemens","Spec 986","1:24.050","19","2 Laps","2:35.196","90","Porsche","Boxster","White","1999","","","",""
"DNF","DNF","8","Mario Boccongelli","Spec Z","1:19.355","1","DNF","18 Laps","50","Nissan","350Z","Red/Black","2004","Kenilworth","NJ","Applied Graphics, Inc.","mario@appliedgrafx.com"
