"Pos","PIC","No.","Name","Class","Best Tm","Laps","Diff","Gap","Points","Make","Model","Color","Year","City","State","Sponsor","Email"
"1","1","530","Mike Sousa","PTC","1:28.510","23","","","50","Subaru","2.5RS","White","","","","",""
"2","1","10","Erik Olson","Honda Chal 2","1:30.240","23","1:37.290","1:37.290","100","Honda","Civic","Red","1992","","","",""
"3","1","23","Michael Fries","Honda Chal 1","1:30.569","22","1 Lap","1 Lap","100","Honda","S2000","Yellow","2002","Westernville","NY","","mfries@twcny.rr.com"
"4","1","38","Doug Winston","Super Touring 2","1:31.237","22","1 Lap","31.227","100","Chevrolet","Corvette","Yellow","","","","",""
"5","1","451","Bill Monde","GTS5","1:32.898","22","1 Lap","3.431","100","Porsche","GT3 Cup","White","2005","Westport","CT","","bmondejr@sbcglobal.net"
"6","1","77","Sean Curran","SpecE30","1:33.235","22","1 Lap","10.561","100","BMW","325is","White","1989","Clifton","NJ","","wb256@aol.com"
"7","1","99","Tony Senese","Spec Miata","1:35.642","22","1 Lap","23.837","100","Mazda","Miata","Black","1994","shaftsbury","VT","","tonys@nosenseyet.com"
"8","2","751","John Oldt","Honda Chal 1","1:34.498","22","1 Lap","5.081","90","Honda","S2000","Blue/Black/Silver","2001","","","","ar-inc@rcn.com"
"9","1","126","Neil Deye","GTS2","1:34.138","22","1 Lap","8.634","100","BMW","M3","White","","","","",""
"10","1","261","Aaron Povoledo","GTSU","1:25.157","21","2 Laps","1 Lap","100","BMW","","Black","","","","",""
"11","2","442","Michael Fuchswanz","Super Touring 2","1:35.048","21","2 Laps","4:21.586","90","Chevrolet","Corvette","Black","","","","",""
"12","2","163","AJ Gillum","Spec Miata","1:36.950","21","2 Laps","21.428","90","Mazda","Miata","Yellow/Gray","1991","Westville","NJ","","ajgillum@hotmail.com"
"13","3","120","Marc Fuchswanz","Super Touring 2","1:33.972","21","2 Laps","26.673","85","Chevrolet","Corvette","Black","","","","",""
"14","3","221","Steven Bessett","Spec Miata","1:38.067","21","2 Laps","7.029","85","Mazda","Miata","Blue","1991","chadds ford","PA","","madwrecking@yahoo.com"
"15","2","88","Andrea Cairone","SpecE30","1:39.177","21","2 Laps","18.298","90","BMW","325","Blue","1989","","","",""
"16","4","711","Gary Rubio","Super Touring 2","1:27.040","20","3 Laps","1 Lap","80","Nissan","Z","White/Orange/Black","","","","",""
"17","1","70","Albert Watson","American Iron","1:38.742","20","3 Laps","4:34.688","100","Ford","Mustang","White","1989","Cranford","NJ","","al_streetmotorsports@hotmail.com"
"18","3","327","Jeff Caldwell","SpecE30","1:38.717","20","3 Laps","4.021","85","BMW","325is","White","1990","","","",""
"19","4","114","Paul Redante","Spec Miata","1:42.340","20","3 Laps","30.208","80","Mazda","Miata","Blue","1990","Ivyland","PA","","pcdrj@verizon.net"
"20","5","8","Mario Boccongelli","Super Touring 2","1:39.446","20","3 Laps","3.268","75","Nissan","350z","Red/Black","2004","Kenilworth","NJ","Applied Graphics, Inc.","mario@appliedgrafx.com"
"21","2","24","AJ Hartman","American Iron","1:44.996","19","4 Laps","1 Lap","90","Ford","Mustang GT","Black","1999","Clementon","NJ","","adam_hartman@hotmail.com"
"22","1","161","Michael Gershanok","GTS3","1:43.717","19","4 Laps","42.915","100","BMW","M3","Silver","2002","Edgewater","NJ","",""
"23","4","523","Kishantha Galappatti","SpecE30","1:40.062","18","5 Laps","1 Lap","80","BMW","325i","Red","1991","","","",""
"24","1","25","Joseph Staurovsky","CMC","2:00.361","17","6 Laps","1 Lap","50","Ford","Mustang","White","","","","",""
"25","5","343","Peter Thibault","SpecE30","1:32.110","16","7 Laps","1 Lap","75","BMW","325i","Gray","1991","Hamilton","NJ","","mxstyles@aol.com"
"26","3","82","John Pattman","American Iron","1:55.434","11","12 Laps","5 Laps","85","Ford","Mustang","Black","1992","Midland Park","NJ","Pattman Plumbing","jack@pattmanplumbing.com"
"DNF","DNF","36","Robert Casella","Honda Chal 2","1:44.064","4","DNF","7 Laps","50",""Honda"","Challenged","White/Orange","","","","",""
"DNF","DNF","27","Devon Gregory","Super Touring 2","1:47.115","1","DNF","3 Laps","38","Subaru","STi","Silver","2005","","CT","EFI Logics",""
"DNS","DNS","32","Jon Baker","Honda Chal 2","","","DNS","1 Lap","0","Acura","Integra","Yellow/Gray","","","","",""
"DNS","DNS","103","Pete McIntosh II","Super Touring 2","","","DNS","","0","Chevrolet","Corvette","White/Black/Red","","","","",""
