"Pos","PIC","No.","Name","Class","Best Tm","Laps","Diff","Gap","Points","Make","Model","Color","Year","City","State","Sponsor","Email"
"1","1","177","Joe Fuchs","GTS2","1:15.538","19","","","100","BMW","M3","Blue","1995","","","",""
"2","1","611","Patrick McParland","Honda Chal 1","1:15.766","19","3.721","3.721","100","Honda","S2000","Black","2002","","","",""
"3","2","57","Dr. Frank Celenza","GTS2","1:16.101","19","13.738","10.017","90","Porsche","944 S2","Gray","","","","",""
"4","1","46","Michael Fries","Honda Chal 2","1:18.393","19","45.890","32.152","100","Honda","S2000","Yellow","2002","Westernville","NY","","mfries@twcny.rr.com"
"5","1","641","Kenneth Smith","Spec 986","1:19.746","19","1:18.497","32.607","100","Porsche","Boxster","Black","1997","North Haledon","NJ","","nitro5384@yahoo.com"
"6","1","147","Randy Petschauer","Spec Miata","1:20.078","18","1 Lap","1 Lap","100","Mazda","Miata","Black","","","","",""
"7","1","77","Sean Curran","SpecE30","1:19.885","18","1 Lap","0.963","100","BMW","325is","White","1989","Clifton","NJ","","wb256@aol.com"
"8","2","4","Ed Cangialosi","SpecE30","1:20.856","18","1 Lap","21.858","90","BMW","325","Black","1987","","","","edcangialosi@gmail.com"
"9","2","114","Paul Redante","Spec Miata","1:21.513","18","1 Lap","0.792","90","Mazda","Miata","Blue","1990","Ivyland","PA","","pcdrj@verizon.net"
"10","1","183","James Rothenberger","GTS1","1:21.396","18","1 Lap","5.776","100","Porsche","944","Orange/Gray","1985","","","",""
"11","2","73","Jim Clemens","Spec 986","1:24.626","17","2 Laps","1 Lap","90","Porsche","Boxster","White","1999","","","",""
"12","1","3","Pete McIntosh II","Spec Z","1:14.658","11","8 Laps","6 Laps","100","Nissan","Z","White","","","","",""
"DNF","DNF","516","Spencer Anderson","Honda Chal 2","1:19.179","9","DNF","2 Laps","50","Honda","Civic","Red/Silver","1994","Freeport","NY","","noriceef@aol.com"
"DNS","DNS","61","J. Wax","Spec Miata","","","DNS","","0","Mazda","Miata","Red","","","","",""
"DNS","DNS","86","Scott Smith","GTS1","","","DNS","","0","BMW","325","Yellow/Red/Black","1986","Chester","CT","","scott.w.smith@pfizer.com"
"DNS","DNS","53","David Yeager","PTD","","","DNS","","0","Volkswagen","","Silver/Black","","","","",""
