"Pos","PIC","No.","Name","Class","Best Tm","Laps","Diff","Gap","Points","Make","Model","Color","Year","City","State","Sponsor","Email"
"1","1","751","John Oldt","Honda Chal 1","1:16.743","22","","","100","Honda","S2000","Blue/Black/Silver","2001","","","","ar-inc@rcn.com"
"2","1","530","Mike Sousa","PTC","1:16.774","22","2.446","2.446","50","Subaru","2.5RS","White","","","","",""
"3","2","23","Michael Fries","Honda Chal 1","1:17.405","22","13.286","10.840","90","Honda","S2000","Yellow","2002","Westernville","NY","","mfries@twcny.rr.com"
"4","1","32","Jon Baker","Honda Chal 2","1:17.246","22","26.412","13.126","100","Acura","Integra","Yellow/Gray","","","","",""
"5","1","126","Neil Deye","GTS2","1:17.275","22","30.337","3.925","100","BMW","M3","White","","","","",""
"6","2","10","Erik Olson","Honda Chal 2","1:18.798","22","57.624","27.287","90","Honda","Civic","Red","1992","","","",""
"7","1","77","Sean Curran","SpecE30","1:20.255","21","1 Lap","1 Lap","100","BMW","325is","White","1989","Clifton","NJ","","wb256@aol.com"
"8","2","343","Peter Thibault","SpecE30","1:19.993","21","1 Lap","0.159","90","BMW","325i","Gray","1991","Hamilton","NJ","","mxstyles@aol.com"
"9","1","99","Tony Senese","Spec Miata","1:21.277","21","1 Lap","1.363","100","Mazda","Miata","Black","1994","shaftsbury","VT","","tonys@nosenseyet.com"
"10","2","221","Steven Bessett","Spec Miata","1:20.292","21","1 Lap","16.994","90","Mazda","Miata","Blue","1991","chadds ford","PA","","madwrecking@yahoo.com"
"11","3","163","AJ Gillum","Spec Miata","1:20.011","21","1 Lap","15.086","85","Mazda","Miata","Yellow/Gray","1991","Westville","NJ","","ajgillum@hotmail.com"
"12","3","88","Andrea Cairone","SpecE30","1:21.593","21","1 Lap","0.137","85","BMW","325","Blue","1989","","","",""
"13","1","193","Kendrick Giambattista","PTE","1:22.658","21","1 Lap","3.829","100","Dodge","Neon","White/Red","","","","",""
"14","4","327","Jeff Caldwell","SpecE30","1:21.864","21","1 Lap","0.021","80","BMW","","White","","","","",""
"15","1","183","James Rothenberger","GTS1","1:22.091","21","1 Lap","2.141","100","Porsche","944","Orange/Gray","1985","","","",""
"16","5","64","Edward Phillips","SpecE30","1:21.998","21","1 Lap","9.538","75","BMW","325i","Red/Black","","","","",""
"17","6","60","Michael Maduske","SpecE30","1:21.295","21","1 Lap","0.274","70","BMW","325i","Gray","1989","Danbury","CT","Coastal Graphics and MCM Motorsports","mcmaduske@gmail.com"
"18","4","114","Paul Redante","Spec Miata","1:22.349","21","1 Lap","1.199","80","Mazda","Miata","Blue","1990","Ivyland","PA","","pcdrj@verizon.net"
"19","7","87","Drivegear Rental 87","SpecE30","1:23.665","20","2 Laps","1 Lap","69","BMW","325is","Blue/Green","1987","","","",""
"20","2","133","Brion Martin","PTE","1:25.002","20","2 Laps","37.193","90","Mazda","Miata","Red","1995","","","Screwbird Racing",""
"21","5","191","Jim Cox","Spec Miata","1:29.041","19","3 Laps","1 Lap","75","Mazda","Miata","Red","","","","",""
"22","3","88G","Brian Casella","Honda Chal 1","1:21.409","11","11 Laps","8 Laps","85","Acura","Integra","White","","Pompton Plains","NJ","",""
"23","8","523","Kishantha Galappatti","SpecE30","1:22.998","6","16 Laps","5 Laps","35","BMW","325i","Red","1991","","","",""
"24","3","36","Robert Casella","Honda Chal 2","1:24.274","2","20 Laps","4 Laps","45",""Honda"","Challenged","White/Orange","","","","",""
"DQ","DQ","128","Matt Espinoza","Honda Chal 2","1:20.907","21","DQ","","0","Acura","Integra","White","","","","",""
