"Pos","PIC","No.","Name","Class","Best Tm","Laps","Diff","Gap","Points","Make","Model","Color","Year","City","State","Sponsor","Email"
"1","1","39","Joseph Catapano","GTS5","1:09.050","20","","","100","Porsche","GT3 Cup","White","2009","","","",""
"2","1","30","Ziggy Miejski","Super Touring 1","1:10.511","20","22.779","22.779","100","Chevrolet","Corvette","Red","2002","","","","Zigster316@optonline.net"
"3","1","13","Peter McIntosh II","Super Touring 2","1:10.948","20","25.169","2.390","100","Chevrolet","Corvette","White/Black","2005","","","","peteypablo511@hotmail.com"
"4","2","442","Michael Fuchswanz","Super Touring 2","1:11.372","20","32.773","6.014","90","Chevrolet","Corvette","Black","","","","",""
"5","3","58","Richard Cox","Super Touring 2","1:11.088","20","26.759","1.590","85","Chevrolet","Corvette","Black","","","","",""
"6","1","41","Vincent Allegretta","American Iron Extreme","1:10.216","20","37.688","4.915","100","Chevrolet","Camaro","Silver","1972","Hampton Bays","NY","Jakes Rod Shop, Jrs Motorsports","jakeparrott@gmail.com"
"7","1","831","Anthony Geraci","GTS4","1:13.725","20","58.943","21.255","100","BMW","M3","White/Black","2004","","","",""
"8","1","151","Mark Lounsbury","GTS3","1:13.177","20","1:11.816","12.873","100","BMW","M3","Black","1996","Chadds Ford","PA","","doclouns@comcast.net"
"9","2","43","Pinnacle Racing","GTS4","1:14.515","19","1 Lap","1 Lap","90","BMW","M3","Red","1995","Huntington Station","NY","","dm930@verizon.net"
"10","2","9","Stephan Laputka","GTS3","1:15.307","19","1 Lap","11.778","90","Porsche","944 Turbo","Red/White","1989","","","","stephan.laputka@gmail.com"
"11","4","120","Marc Fuchswanz","Super Touring 2","1:14.982","19","1 Lap","5.894","80","Chevrolet","Corvette","Black","","","","",""
"12","3","475","Ariel Jurmann","GTS3","1:15.963","19","1 Lap","12.355","85","Porsche","951","Black","1986","","","","ajurmann@gmail.com"
"13","4","2","Damon Galmin","GTS3","1:16.067","19","1 Lap","0.110","80","BMW","M3","White","","","","",""
"14","5","135","Carl Mehne","GTS3","1:16.992","19","1 Lap","5.434","75","BMW","135","Gray","","","","",""
"15","1","70","Albert Watson","American Iron","1:15.854","19","1 Lap","6.430","100","Ford","Mustang","White","1989","Cranford","NJ","","al_streetmotorsports@hotmail.com"
"16","1","920","Andrew Groelinger","GTSU","1:15.592","19","1 Lap","2.246","50","BMW","M3","Yellow","1995","","","",""
"17","2","24","AJ Hartman","American Iron","1:17.347","19","1 Lap","0.142","90","Ford","Mustang GT","Black","1999","Clementon","NJ","","adam_hartman@hotmail.com"
"18","6","161","Michael Gershanok","GTS3","1:17.492","19","1 Lap","9.073","70","BMW","M3","Silver","2002","Edgewater","NJ","",""
"19","7","646","Ronald Cohen","GTS3","1:15.478","19","1 Lap","5.427","69","Porsche","944 Turbo","Silver/Blue","1989","","","","ron@francorestoration.com"
"20","1","96","Kurt Hissong","Super Unlimited","1:06.738","18","2 Laps","1 Lap","100","Ford","Mustang","Black","2001","Kennebunk","ME","Hissong Motorsport","khissong@hissongdevelopment.com"
"21","5","3","Devon Gregory","Super Touring 2","1:16.553","18","2 Laps","1:50.060","75","Nissan","Z","White","","","","",""
"22","3","82","John Pattman","American Iron","1:20.088","18","2 Laps","29.240","85","Ford","Mustang","Black","1992","","","",""
"23","3","63","Timur Terpis","GTS4","1:15.370","18","2 Laps","9.400","85","BMW","","Orange","","","","",""
"24","2","274","Michal Kuna","GTS5","1:14.151","18","2 Laps","21.745","90","BMW","M3","Maroon","","","","",""
"25","4","25","Joseph Staurovsky","American Iron","1:22.589","18","2 Laps","27.711","80","Ford","Mustang","White","","","","",""
"26","8","127","Jonathan Vasquez","GTS3","1:13.806","15","5 Laps","3 Laps","68","BMW","325i","Green","1992","middle village","NY","","jvracing127@aol.com"
"27","2","35","Stephen Tomasso","American Iron Extreme","1:14.121","14","6 Laps","1 Lap","90","Chevrolet","Z28 Camaro","White/Black","1998","Vineland","NJ","","steve.tomasso@comcast.net"
"DNF","DNF","54","Luiz Serva","GTS3","1:20.017","2","DNF","12 Laps","34","BMW","M3","White","1997","Southbury","CT","","lserva@prysmalending.com"
"DNF","DNF","29","Jake Parrott","Super Unlimited","1:09.751","1","DNF","1 Lap","50","Chevrolet","Camaro","Silver","2002","","ME","","jakeparrott@gmail.com"
"DNS","DNS","66","Lawrence Lepurage","Super Unlimited","","","DNS","","0","Chevrolet","Camaro","Blue","","","","",""
"DNS","DNS","777","Mark Salvesen","Super Touring 1","","","DNS","","0","Chevrolet","Corvette","Black","","","","",""
