"Pos","PIC","No.","Name","Class","Best Tm","Laps","Diff","Gap","Points","Make","Model","Color","Year","City","State","Sponsor","Email"
"1","1","33","Scott Mohr","Super Unlimited","1:26.321","23","","","0","Chevrolet","Corvette","Green","2007","","","","rmohr@marsm-a.com"
"2","1","13","Peter McIntosh II","Super Touring 2","1:30.114","23","1:05.523","1:05.523","0","Chevrolet","Corvette","White/Black","2005","","","","peteypablo511@hotmail.com"
"3","1","39","Joseph Catapano","GTS5","1:31.559","23","1:17.765","12.242","0","Porsche","GT3 Cup","White","2009","","","",""
"4","2","151","Mark Lounsbury","GTS5","1:32.087","22","1 Lap","1 Lap","0","BMW","M3","Black","1996","Chadds Ford","PA","","doclouns@comcast.net"
"5","2","711","Gary Rubio","Super Touring 2","1:33.337","22","1 Lap","23.751","0","Nissan","Z","Black/Orange","","","","",""
"6","2","4","Steve Minghenelli","Super Unlimited","1:28.079","22","1 Lap","26.191","0","Ford","Fusion NASCAR","Sliver/Blue","","","","",""
"7","3","451","Bill Monde","GTS5","1:33.381","22","1 Lap","15.442","0","Porsche","GT3 Cup","White","2005","Westport","CT","","bmondejr@sbcglobal.net"
"8","4","274","Michal Kuna","GTS5","1:34.992","22","1 Lap","1.143","0","BMW","M3","Maroon","","","","",""
"9","1","48","John George","FFC","1:36.193","22","1 Lap","7.480","0","Factory Five","Challenge","Dark Gray","2005","","","",""
"10","3","58","Richard Cox","Super Touring 2","1:34.876","22","1 Lap","10.780","0","Chevrolet","Corvette","Black","","","","",""
"11","3","225","Matthew Gaetano","Super Unlimited","1:35.057","22","1 Lap","20.750","0","Chevrolet","S10","White","2000","White Plains","NY","","mgae1946@yahoo.com"
"12","1","23","Michael Fries","Honda Chal 1","1:37.475","21","2 Laps","1 Lap","0","Honda","S2000","Yellow","2002","Westernville","NY","","mfries@twcny.rr.com"
"13","1","530","Mike Sousa","PTC","1:37.958","21","2 Laps","4.549","0","Subaru","2.5RS","White","","","","",""
"14","4","14","Ralph Tommaso","Super Unlimited","1:33.302","21","2 Laps","13.726","0","Chevrolet","Camaro","Silver/Orange","2011","","","",""
"15","1","32","Jon Baker","Honda Chal 2","1:39.090","21","2 Laps","18.977","0","Acura","Integra","Gray/White","","","","",""
"16","2","36","Robert Casella","Honda Chal 2","1:39.493","21","2 Laps","1.265","0",""Honda"","Challenged","White/Orange","","","","",""
"17","2","71","Carl Thompson","FFC","1:39.331","21","2 Laps","4.568","0","Factory Five","Challenge","Red","2012","","","",""
"18","1","70","Albert Watson","American Iron","1:39.577","21","2 Laps","2.283","0","Ford","Mustang","White","1989","Cranford","NJ","","al_streetmotorsports@hotmail.com"
"19","1","77","Sean Curran","SpecE30","1:41.473","21","2 Laps","30.410","0","BMW","325is","White","1989","Clifton","NJ","","wb256@aol.com"
"20","1","161","Michael Gershanok","GTS3","1:41.067","21","2 Laps","0.262","0","BMW","M3","Silver","2002","Edgewater","NJ","",""
"21","1","13SM","Marcus Mazza","Spec Miata","1:42.531","20","3 Laps","1 Lap","0","Mazda","Miata","White/Orange","1991","","","",""
"22","2","99","Tony Senese","Spec Miata","1:42.582","20","3 Laps","0.398","0","Mazda","Miata","Black","1994","shaftsbury","VT","","tonys@nosenseyet.com"
"23","3","163","AJ Gillum","Spec Miata","1:42.566","20","3 Laps","23.566","0","Mazda","Miata","Yellow/Gray","1991","Westville","NJ","","ajgillum@hotmail.com"
"24","4","221","Steven Bessett","Spec Miata","1:42.155","20","3 Laps","1.105","0","Mazda","Miata","Blue","1991","chadds ford","PA","","madwrecking@yahoo.com"
"25","2","87","Andrea Cairone","SpecE30","1:42.853","20","3 Laps","0.232","0","BMW","325is","Blue/Green","1987","","","",""
"26","4","8","Mario Boccongelli","Super Touring 2","1:37.986","20","3 Laps","5.428","0","Nissan","350Z","Red/Black","2004","Kenilworth","NJ","Applied Graphics, Inc.","mario@appliedgrafx.com"
"27","3","343","Justin Styles","SpecE30","1:44.476","20","3 Laps","11.575","0","BMW","325i","Gray","1991","Hamilton","NJ","","mxstyles@aol.com"
"28","5","114","Paul Redante","Spec Miata","1:44.003","20","3 Laps","0.800","0","Mazda","Miata","Blue","1990","Ivyland","PA","","pcdrj@verizon.net"
"29","4","4","Ed Cangialosi","SpecE30","1:44.046","20","3 Laps","2.083","0","BMW","325","Black","1987","","","","edcangialosi@gmail.com"
"30","2","25","Joseph Staurovsky","American Iron","1:45.176","20","3 Laps","50.563","0","Ford","Mustang","White","","","","",""
"31","5","16","Thomas Statnick","Super Unlimited","1:27.000","19","4 Laps","1 Lap","0","Dodge","Charger","Blue","2007","New York","NY","","trs@itfais.com"
"32","6","182","Turk Petracca","Spec Miata","1:47.514","19","4 Laps","6:42.181","0","Mazda","Miata","White","1991","","","",""
"33","3","62","Wayne Patterson","FFC","1:40.660","15","8 Laps","4 Laps","0","Factory Five","Challenge","Dark Red","2006","","","",""
"34","6","17","John Brandenberg","Super Unlimited","1:30.579","14","9 Laps","1 Lap","0","Datsun","240Z","White","1973","","","",""
"35","3","24","AJ Hartman","American Iron","1:39.591","11","12 Laps","3 Laps","0","Ford","Mustang GT","Black","1999","Clementon","NJ","","adam_hartman@hotmail.com"
"36","5","103","Devon Gregory","Super Touring 2","1:46.453","7","16 Laps","4 Laps","0","Chevrolet","Corvette","White/Black/Red","","","","",""
"37","1","30","Ziggy Miejski","Super Touring 1","4:22.040","1","22 Laps","6 Laps","0","Chevrolet","Corvette","Red","2002","","","","Zigster316@optonline.net"
"38","6","442","Michael Fuchswanz","Super Touring 2","","","","","0","Chevrolet","Corvette","Black","","","","",""
"39","7","95","Ron Landis","Super Touring 2","","","","","0","Chevrolet","Corvette","Red","2008","","","",""
