"Pos","PIC","No.","Name","Class","Best Tm","Laps","Diff","Gap","Points","Make","Model","Color","Year","City","State","Sponsor","Email"
"1","1","5","Ziggy Miejski","Super Touring 1","1:06.511","15","","","50","Chevrolet","Corvette","Red","2002","","","","Zigster316@optonline.net"
"2","1","41","Vincent Allegretta","American Iron Extreme","1:06.448","15","3.252","3.252","50","Chevrolet","Camaro","Silver","1972","Hampton Bays","NY","Jakes Rod Shop, Jrs Motorsports",""
"3","1","442","Michael Fuchswanz","Super Touring 2","1:08.999","15","25.615","22.363","100","Chevrolet","Corvette","Black","","","","",""
"4","1","518","John Oskwarek","GTS5","1:08.734","15","27.345","1.730","50","Porsche","GT3RS","White","2011","Hillsdale","NJ","","oskwarek@icorassociates.com"
"5","1","111","Mark Lounsbury","GTS4","1:12.124","15","1:04.183","36.838","100","BMW","M3","White","1995","Cadds Ford","PA","Bimmerworld","doclounz@verizon.net"
"6","2","274","Michal Kuna","GTS4","1:10.695","15","1:05.756","1.573","90","BMW","M3","Maroon","","","","",""
"7","3","914","Jack Haberman","GTS4","1:12.208","15","1:10.400","4.644","85","BMW","M3","Black/Grey","2003","Chatham","NJ","","jack.b.haberman@gmail.com"
"8","1","712","Chris Petersen","GTS3","1:13.381","14","1 Lap","1 Lap","100","BMW","M3","Black","2004","Wayne","NJ","","craftyvtec@hotmail.com"
"9","2","11G","Marco Radisic","GTS3","1:13.095","14","1 Lap","5.372","90","BMW","M3","Yellow","","","","",""
"10","3","42","Rick Goryeb","GTS3","1:13.303","14","1 Lap","0.226","85","Porsche","Cayman","Silver","","","","",""
"11","1","70","Albert Watson","American Iron","1:14.642","14","1 Lap","4.454","100","Ford","Mustang","White","1989","Cranford","NJ","","al_streetmotorsports@hotmail.com"
"12","2","212","Olaaf Rossi","American Iron","1:15.452","14","1 Lap","1.378","90","Ford","Mustang GT","Black","2006","New York","NY","Flying Rat Motorsports","olaaf.rossi@gmail.com"
"13","4","85","John DeFelice","GTS3","1:12.499","14","1 Lap","0.209","80","BMW","M3","Silver","2005","Oceanside","NY","SOH","jdefelice@strianoelectric.com"
"14","3","72","Matthew Gaetano","American Iron","1:15.249","14","1 Lap","0.834","85","Ford","Mustang","Yellow","2006","White Plains","NY","","mag@nycgss.com"
"15","5","475","Ariel Jurmann","GTS3","1:15.108","14","1 Lap","5.297","75","Porsche","951","Black","1986","","","","ajurmann@gmail.com"
"16","6","314","William Schachat","GTS3","1:14.983","14","1 Lap","1.000","70","BMW","M3","Black","1997","Glen Ridge","NJ","ROCS Auto","billschachat@comcast.net"
"17","1","710","David Richardson","Super Unlimited","1:16.337","14","1 Lap","11.059","100","Panoz","Esperante","Silver/Black","2006","","","",""
"18","2","120","Marc Fuchswanz","Super Touring 2","1:15.710","14","1 Lap","2.911","90","Chevrolet","Corvette","Black","","","","",""
"19","7","53","Robert Goldlust","GTS3","1:16.031","14","1 Lap","5.411","69","BMW","M3","Red/Black","1996","Cherry Hill","NJ","","rgoldlust@gmail.com"
"20","4","15","Thom Baulisch","American Iron","1:16.613","14","1 Lap","2.826","80","Ford","Mustang Boss 302S","White","2013","Franklin Lakes","NJ","","thom@thombaulisch.com"
"21","8","999","Cecil Ramotar","GTS3","1:17.881","14","1 Lap","5.372","68","BMW","M3","Blue","1998","","","","cramotar@aol.com"
"22","4","34","Andrew Hadjiminas","GTS4","1:16.222","14","1 Lap","4.590","80","Audi","S4","Silver/Red","2001","Brooklyn","NY","","adnrew@vespabk.com"
"23","9","147","Paul Grillo","GTS3","1:19.279","14","1 Lap","15.952","67","Porsche","Cayman S","Black","2010","","","",""
"DNF","DNF","85G","Mario Boccongelli","Super Touring 2","1:20.422","2","DNF","12 Laps","45","Chevrolet","Corvette","Black","2000","Kenilworth","NJ","Applied Graphics, Inc.",""
"DNF","DNF","311","Jim Khoury","GTS3","","","DNF","2 Laps","0","BMW","M3","Blue","2001","Sterling","VA","Brakeswap.com","Jim.Khoury@gmail.com"
