"Pos","PIC","No.","Name","Class","Best Tm","Laps","Diff","Gap","Points","Make","Model","Color","Year","City","State","Sponsor","Email"
"1","1","5","Ziggy Miejski","Super Touring 1","1:06.950","23","","","50","Chevrolet","Corvette","Red","2002","","","","Zigster316@optonline.net"
"2","1","442","Michael Fuchswanz","Super Touring 2","1:09.191","23","9.332","9.332","100","Chevrolet","Corvette","Black","","","","",""
"3","2","55","Paul Plemenos","Super Touring 2","1:09.225","23","21.755","12.423","90","Chevrolet","Corvette Z06","Blue","2006","Lake Hopatcong","NJ","","Pauliep777@me.com"
"4","1","518","John Oskwarek","GTS5","1:08.331","23","22.264","0.509","50","Porsche","GT3RS","White","2011","Hillsdale","NJ","","oskwarek@icorassociates.com"
"5","1","166","Mathieu Lussier","GTS4","1:11.157","23","57.197","34.933","100","BMW","M3","Gray/Orange","2005","","","",""
"6","2","111","Mark Lounsbury","GTS4","1:10.923","23","59.308","2.111","90","BMW","M3","White","1995","Cadds Ford","PA","Bimmerworld","doclounz@verizon.net"
"7","3","47","Jason Judd","GTS4","1:11.350","22","1 Lap","1 Lap","85","Porsche","968","Red","1995","","","","flamthrowr@aol.com"
"8","4","914","Jack Haberman","GTS4","1:11.829","22","1 Lap","0.436","80","BMW","M3","Black/Grey","2003","Chatham","NJ","","jack.b.haberman@gmail.com"
"9","5","274","Michal Kuna","GTS4","1:11.509","22","1 Lap","21.842","75","BMW","M3","Maroon","","","","",""
"10","1","70","Albert Watson","American Iron","1:13.190","22","1 Lap","3.876","100","Ford","Mustang","White","1989","Cranford","NJ","","al_streetmotorsports@hotmail.com"
"11","1","85","John DeFelice","GTS3","1:12.512","22","1 Lap","3.000","100","BMW","M3","Silver","2005","Oceanside","NY","SOH","jdefelice@strianoelectric.com"
"12","2","712","Chris Petersen","GTS3","1:12.769","22","1 Lap","1.846","90","BMW","M3","Black","2004","Wayne","NJ","","craftyvtec@hotmail.com"
"13","2","72","Matthew Gaetano","American Iron","1:14.660","22","1 Lap","8.938","90","Ford","Mustang","Yellow","2006","White Plains","NY","","mag@nycgss.com"
"14","3","82","John Pattman","American Iron","1:15.362","21","2 Laps","1 Lap","85","Ford","Mustang","Blue","2008","Midland Park","NJ","","jack@pattmanplumbing.com"
"15","4","212","Olaaf Rossi","American Iron","1:16.306","21","2 Laps","9.726","80","Ford","Mustang GT","Black","2006","New York","NY","Flying Rat Motorsports","olaaf.rossi@gmail.com"
"16","3","314","William Schachat","GTS3","1:14.254","21","2 Laps","0.291","85","BMW","M3","Black","1997","Glen Ridge","NJ","ROCS Auto","billschachat@comcast.net"
"17","4","53","Robert Goldlust","GTS3","1:15.141","21","2 Laps","0.941","80","BMW","M3","Red/Black","1996","Cherry Hill","NJ","","rgoldlust@gmail.com"
"18","5","152","Paul Sedacca","GTS3","1:15.713","21","2 Laps","1.532","75","BMW","E36 325is","Red/White","1994","cherry hill","NJ","","psedacca@yahoo.com"
"19","3","120","Marc Fuchswanz","Super Touring 2","1:15.511","21","2 Laps","28.554","85","Chevrolet","Corvette","Black","","","","",""
"20","6","999","Cecil Ramotar","GTS3","1:16.050","21","2 Laps","6.386","70","BMW","M3","Blue","1998","","","","cramotar@aol.com"
"21","1","710","David Richardson","Super Unlimited","1:16.334","21","2 Laps","10.039","100","Panoz","Esperante","Silver/Black","2006","","","",""
"22","7","147","Paul Grillo","GTS3","1:20.765","20","3 Laps","1 Lap","69","Porsche","Cayman S","Black","2010","","","",""
"23","8","11G","Marco Radisic","GTS3","1:15.558","19","4 Laps","1 Lap","68","BMW","M3","Yellow","","","","",""
"24","5","15","Thom Baulisch","American Iron","1:16.564","18","5 Laps","1 Lap","75","Ford","Mustang Boss 302S","White","2013","Franklin Lakes","NJ","","thom@thombaulisch.com"
"25","2","16","Thomas Statnick","Super Unlimited","1:05.271","15","8 Laps","3 Laps","90","Ford","Mustang","White","2013","New York","NY","","trs@itfais.com"
"DQ","DQ","121","Eric Wong","GTS3","1:11.416","22","DQ","","0","BMW","","Blue/White","","","","",""
"DQ","DQ","42","Rick Goryeb","GTS3","1:13.258","22","DQ","","0","Porsche","Cayman","Silver","","","","",""
"DQ","DQ","475","Ariel Jurmann","GTS3","1:14.674","21","DQ","","0","Porsche","951","Black","1986","","","","ajurmann@gmail.com"
