"Pos","PIC","No.","Name","Class","Best Tm","Laps","Diff","Gap","Points","Make","Model","Color","Year","City","State","Sponsor","Email"
"1","1","16","Thomas Statnick","Super Unlimited","1:13.100","23","","","100","Ford","Mustang","White","2013","New York","NY","","trs@itfais.com"
"2","2","29","Jake Parrott","Super Unlimited","1:13.092","23","12.471","12.471","90","Chevrolet","Camaro","Silver","2002","","ME","","jakeparrott@gmail.com"
"3","1","5","Ziggy Miejski","Super Touring 1","1:15.234","22","1 Lap","1 Lap","50","Chevrolet","Corvette","Red","2002","","","","Zigster316@optonline.net"
"4","1","442","Michael Fuchswanz","Super Touring 2","1:17.158","22","1 Lap","10.354","100","Chevrolet","Corvette","Black","","","","",""
"5","2","33","Scott Mohr","Super Touring 2","1:17.143","22","1 Lap","12.056","90","Chevrolet","Corvette","Blue","2003","","","","rmohr@marsm-a.com"
"6","3","48","John George","Super Touring 2","1:16.988","22","1 Lap","0.234","85","Factory Five","Challenge","Black","2005","","","",""
"7","4","103","David Fazzino","Super Touring 2","1:17.296","22","1 Lap","4.658","80","Mitsubishi","Evo 8","Silver","2003","","","",""
"8","1","200","Miguel Aponte-Rios","GTS4","1:18.488","22","1 Lap","33.469","100","BMW","M3","Black","2002","","","Rachethead Racing",""
"9","2","274","Michal Kuna","GTS4","1:19.530","22","1 Lap","40.594","90","BMW","M3","Maroon","","","","",""
"10","1","19","Luiz Serva","GTS3","1:19.644","21","2 Laps","1 Lap","100","BMW","M3","Black","1997","Southbury","CT","","lserva@prysmalending.com"
"11","5","11","Patrick McMahon","Super Touring 2","1:20.508","21","2 Laps","5.259","75","Factory Five","Spec Cobra","Gray/Black","","Danville","NH","","patmcmahonracing@yahoo.com"
"12","1","70","Albert Watson","American Iron","1:20.434","21","2 Laps","4.070","100","Ford","Mustang","White","1989","Cranford","NJ","","al_streetmotorsports@hotmail.com"
"13","3","32","John Kabacinski","Super Unlimited","1:19.790","21","2 Laps","33.700","85","Factory Five","GTM","Black","","","","",""
"14","6","52G","Jim Schenk","Super Touring 2","1:21.359","21","2 Laps","14.736","70","Factory Five","Challenge","Blue","2003","","","",""
"15","2","271","Chad Waddell","GTS3","1:22.336","21","2 Laps","8.233","90","BMW","M3","Black","1997","","","",""
"16","3","123","Eyal Adler","GTS3","1:22.627","21","2 Laps","8.474","85","BMW","135i","Gray","2008","","","",""
"17","7","120","Marc Fuchswanz","Super Touring 2","1:20.429","20","3 Laps","1 Lap","69","Chevrolet","Corvette","Black","","","","",""
"18","4","168","Yiannis Tsiounis","Super Unlimited","1:24.818","20","3 Laps","2.269","80","Mazda","Miata","Silver","1999","","","",""
"19","8","92","John Gatzemeyer","Super Touring 2","1:23.566","20","3 Laps","15.160","68","Chevrolet","Corvette","Red","2001","Hillsborough","NJ","","john_Gatzemeyer@colpal.com"
"20","3","161","Michael Gershanok","GTS4","1:24.786","20","3 Laps","25.911","85","BMW","M3","Silver/Red","2002","Edgewater","NJ","",""
"21","4","646","Ronald Cohen","GTS3","1:25.591","20","3 Laps","2.612","80","Porsche","944 Turbo","Silver/Blue","1989","","","","ron@francorestoration.com"
"22","5","41","Vincent Allegretta","Super Unlimited","1:13.129","19","4 Laps","1 Lap","75","Chevrolet","Camaro","Silver","2002","Hampton Bays","NY","Jakes Rod Shop, Jrs Motorsports",""
"23","2","93G","Todd Honczarenko","American Iron","1:21.558","16","7 Laps","3 Laps","90","Ford","Mustang","Black","1989","","","",""
"24","9","38","Doug Winston","Super Touring 2","1:30.135","16","7 Laps","4:08.810","67","Chevrolet","Corvette","Yellow","","","","",""
"DNF","DNF","02","Kish Galappatti","GTS3","1:22.149","10","DNF","6 Laps","40","BMW","E46","Gray","2001","","","",""
"DNF","DNF","22","Hugh Stewart","GTS3","1:17.538","8","DNF","2 Laps","40","BMW","328","White/Red","1992","","","",""
"DNF","DNF","912","Emmet Murphy","Super Unlimited","1:16.726","7","DNF","1 Lap","38","Chevrolet","Camaro","Black","1968","","","",""
"DNF","DNF","65","Gabe Pettner","GTS3","1:26.104","4","DNF","3 Laps","40","BMW","M3","Red/White","1998","","","","gabriel.pettner@perkinelmer.com"
"DNF","DNF","712","Chris Petersen","GTS3","1:19.316","21","DNF","","40","BMW","M3","Black","2004","Wayne","NJ","","craftyvtec@hotmail.com"
