"Pos","PIC","No.","Name","Class","Best Tm","Laps","Diff","Gap","Points","Make","Model","Color","Year","City","State","Sponsor","Email"
"1","1","77G","Jeff Ricca","PTB","1:00.564","23","","","50","Hyundai","Genesis","White","2012","","","",""
"2","1","6","Liam Dwyer","Spec Z","1:00.699","23","6.540","6.540","100","Nissan","350Z","Red/Black","2007","Bethesda","MD","RDZ Motorsports/Redline Design/OG Racing","ldstang50@yahoo.com"
"3","1","212","Olaaf Rossi","Spec Iron","1:01.290","23","16.833","10.293","50","Ford","Mustang GT","Black","2006","New York","NY","Flying Rat Motorsports","olaaf.rossi@gmail.com"
"4","2","85","Mario Boccongelli","Spec Z","1:03.769","23","1:21.829","1:04.996","90","Nissan","Z","","","","","",""
"5","1","46","Michael Fries","Honda Chal 2","1:03.614","23","1:28.569","6.740","100","Honda","S2000","Yellow","2008","Westernville","NY","Lifted","mfries@twcny.rr.com"
"6","1","155","Pete  WE Racing","Spec Miata","1:03.947","22","1 Lap","1 Lap","100","Mazda","Miata","Blue/Yellow","1996","Sparta","NJ","","PaulieP777@aol.com"
"7","1","77","Sean Curran","SpecE30","1:04.047","22","1 Lap","10.759","100","BMW","325is","White/Green","1989","Clifton","NJ","","wb256@aol.com"
"8","2","99","Tony Senese","Spec Miata","1:03.934","22","1 Lap","2.267","90","Mazda","Miata","Purple/Yellow","1994","shaftsbury","VT","","tonys@nosenseyet.com"
"9","1","25","Joseph Staurovsky","CMC","1:04.162","22","1 Lap","7.215","50","Ford","Mustang","White","1995","","","",""
"10","2","219","Lenny Hong","Honda Chal 2","1:03.653","22","1 Lap","2.485","90","Acura","Integra","Red/Black","1997","","","#redteam",""
"11","2","81","Ray Prato","SpecE30","1:04.696","22","1 Lap","5.483","90","BMW","325i","Silver","1989","Ringwood","NJ","","raypratojr@gmail.com"
"12","3","30","Devin Gregory","Spec Miata","1:05.061","22","1 Lap","7.580","85","Mazda","Miata","Blue","","","","",""
"13","3","88","Drivegear Rental 88","SpecE30","1:05.054","22","1 Lap","5.257","85","BMW","325","White","1989","","","",""
"14","4","199","Scott Dennewitz","Spec Miata","1:05.490","22","1 Lap","0.069","80","Mazda","Miata","Red","1995","","","",""
"15","5","49","Mike Morrone","Spec Miata","1:04.962","22","1 Lap","0.660","75","Mazda","Miata","Red/White/Blue","1995","Norwalk","CT","",""
"16","4","89","Drivegear Rental 89","SpecE30","1:05.565","22","1 Lap","3.906","80","BMW","325i","Red","1989","","","",""
"17","6","777G","Agemiro de Paula","Spec Miata","1:05.449","22","1 Lap","4.187","70","Mazda","Miata","Black","1999","","","",""
"18","7","183","Xiang Li","Spec Miata","1:05.543","21","2 Laps","1 Lap","69","Mazda","Miata","Green/Black","1996","","","",""
"19","8","511","Wayne Holland","Spec Miata","1:06.093","21","2 Laps","22.797","68","Mazda","Miata","D.Green","","","","",""
"20","5","53","Sam Jadczak","SpecE30","1:07.424","21","2 Laps","22.348","75","BMW","325i","Bronze/D.Red","1989","Horsham","PA","","samjadczak@yahoo.com"
"21","9","133","Brion Martin","Spec Miata","1:07.490","21","2 Laps","0.344","67","Mazda","Miata","Red","1995","","","Screwbird Racing",""
"DNF","DNF","32G","Jon Baker","Honda Chal 2","1:02.224","9","DNF","","45","Acura","Integra","White","1998","","","#whiteteam",""
"DNF","DNF","7","Jan Wang","Honda Chal 2","1:04.115","8","DNF","","45","Honda","Civic","Red","1992","Tenafly","NJ","","JanWang74@aol.com"
"DNF","DNF","64","Edward Phillips","SpecE30","","","DNF","","38","BMW","325i","Red/Black","","","","",""
