"Pos","PIC","No.","Name","Class","Best Tm","Laps","Diff","Gap","Points","Make","Model","Color","Year","City","State","Sponsor","Email"
"1","1","6","Liam Dwyer","Spec Z","1:00.541","22","","","0","Nissan","350Z","Red/Black","2007","Bethesda","MD","RDZ Motorsports/Redline Design/OG Racing","ldstang50@yahoo.com"
"2","1","212","Olaaf Rossi","Spec Iron","1:01.463","22","14.980","14.980","0","Ford","Mustang GT","Black","2006","New York","NY","Flying Rat Motorsports","olaaf.rossi@gmail.com"
"3","1","155","Pete  WE Racing","Spec Miata","1:03.278","21","1 Lap","1 Lap","0","Mazda","Miata","Blue/Yellow","1996","Sparta","NJ","","PaulieP777@aol.com"
"4","1","77","Sean Curran","SpecE30","1:03.371","21","1 Lap","0.023","0","BMW","325is","White/Green","1989","Clifton","NJ","","wb256@aol.com"
"5","1","7","Jan Wang","Honda Chal 2","1:02.741","21","1 Lap","13.188","0","Honda","Civic","Red","1992","Tenafly","NJ","","JanWang74@aol.com"
"6","2","81","Ray Prato","SpecE30","1:04.120","21","1 Lap","2.460","0","BMW","325i","Silver","1989","Ringwood","NJ","","raypratojr@gmail.com"
"7","2","30","Devin Gregory","Spec Miata","1:04.593","21","1 Lap","5.031","0","Mazda","Miata","Blue","","","","",""
"8","3","49","Mike Morrone","Spec Miata","1:04.507","21","1 Lap","2.401","0","Mazda","Miata","Red/White/Blue","1995","Norwalk","CT","",""
"9","3","88","Drivegear Rental 88","SpecE30","1:04.635","21","1 Lap","3.012","0","BMW","325","White","1989","","","",""
"10","1","25","Joseph Staurovsky","CMC","1:04.713","21","1 Lap","3.072","0","Ford","Mustang","White","1995","","","",""
"11","4","777G","Agemiro de Paula","Spec Miata","1:05.021","21","1 Lap","5.030","0","Mazda","Miata","Black","1999","","","",""
"12","5","199","Scott Dennewitz","Spec Miata","1:04.905","21","1 Lap","0.448","0","Mazda","Miata","Red","1995","","","",""
"13","4","89","Drivegear Rental 89","SpecE30","1:05.028","21","1 Lap","2.455","0","BMW","325i","Red","1989","","","",""
"14","6","183","Xiang Li","Spec Miata","1:05.310","21","1 Lap","0.383","0","Mazda","Miata","Green/Black","1996","","","",""
"15","7","511","Wayne Holland","Spec Miata","1:05.929","20","2 Laps","1 Lap","0","Mazda","Miata","D.Green","","","","",""
"16","5","53","Sam Jadczak","SpecE30","1:06.535","20","2 Laps","2.819","0","BMW","325i","Bronze/D.Red","1989","Horsham","PA","","samjadczak@yahoo.com"
"17","8","133","Brion Martin","Spec Miata","1:06.539","20","2 Laps","16.111","0","Mazda","Miata","Red","1995","","","Screwbird Racing",""
"18","2","46","Michael Fries","Honda Chal 2","1:03.141","19","3 Laps","1 Lap","0","Honda","S2000","Yellow","2008","Westernville","NY","Lifted","mfries@twcny.rr.com"
"19","1","77G","Jeff Ricca","PTB","59.809","15","7 Laps","4 Laps","0","Hyundai","Genesis","White","2012","","","",""
"20","9","99","Tony Senese","Spec Miata","1:04.776","12","10 Laps","3 Laps","0","Mazda","Miata","Purple/Yellow","1994","shaftsbury","VT","","tonys@nosenseyet.com"
"DNF","DNF","85","Mario Boccongelli","Spec Z","1:06.251","3","DNF","","0","Nissan","Z","","","","","",""
