"Pos","PIC","No.","Name","Class","Best Tm","Laps","Diff","Gap","Points","Make","Model","Color","Year","City","State","Sponsor","Email"
"1","1","29","Jake Parrott","Super Unlimited","54.269","22","","","100","Chevrolet","Camaro","Silver","2002","","ME","","jakeparrott@gmail.com"
"2","1","5","Ziggy Miejski","Super Touring 1","57.318","22","14.894","14.894","100","Chevrolet","Corvette","Red","2002","","","","Zigster316@optonline.net"
"3","1","55","Paul Plemenos","Super Touring 2","58.207","21","1 Lap","1 Lap","100","Chevrolet","Corvette Z06","Blue","2006","Lake Hopatcong","NJ","","Pauliep777@me.com"
"4","2","481","John George","Super Touring 2","58.155","21","1 Lap","0.228","90","Factory Five","Challenge","Black","2005","","","",""
"5","2","912","Emmet Murphy","Super Unlimited","59.166","21","1 Lap","0.477","90","Chevrolet","Camaro","Black","1968","","","",""
"6","3","11","Patrick McMahon","Super Touring 2","59.674","21","1 Lap","2.865","85","Factory Five","Spec Cobra","Gray/Black","","Danville","NH","","patmcmahonracing@yahoo.com"
"7","1","70","Albert Watson","American Iron","1:00.554","21","1 Lap","4.995","100","Ford","Mustang","White","1989","Cranford","NJ","","al_streetmotorsports@hotmail.com"
"8","2","24","AJ Hartman","American Iron","1:00.346","21","1 Lap","0.248","90","Ford","Mustang GT","Blue","1999","Clementon","NJ","","adam_hartman@hotmail.com"
"9","3","93G","Todd Honczarenko","American Iron","1:01.334","21","1 Lap","1.235","85","Ford","Mustang","Black","1989","","","",""
"10","4","15","Thom Baulisch","American Iron","1:01.368","21","1 Lap","4.161","80","Ford","Mustang Boss 302S","White","2013","Franklin Lakes","NJ","","thom@thombaulisch.com"
"11","4","471","David Martinez","Super Touring 2","1:02.393","20","2 Laps","1 Lap","80","Panoz","GT-RA","White/Blue","1999","","","",""
"12","5","82","John Pattman","American Iron","1:03.263","20","2 Laps","1.545","75","Ford","Mustang","Blue","2008","Midland Park","NJ","","jack@pattmanplumbing.com"
"13","2","58","Richard Cox","Super Touring 1","59.596","11","11 Laps","9 Laps","90","Chevrolet","Corvette","Black","1999","","","",""
"DNF","DNF","891","Tom Otis","American Iron","1:01.309","7","DNF","4 Laps","38","Ford","Mustang","Blue","","","","",""
"DNF","DNF","710","David Richardson","Super Unlimited","1:08.893","2","DNF","","45","Panoz","Esperante","Silver/Black","2006","","","",""
