"Pos","PIC","No.","Name","Class","Best Tm","Laps","Diff","Gap","Points","Make","Model","Color","Year","City","State","Sponsor","Email"
"1","1","29","Vincent Allegretta","Super Unlimited","54.245","19","","","0","Chevrolet","Camaro","Silver","2002","","ME","","jakeparrott@gmail.com"
"2","1","5","Ziggy Miejski","Super Touring 1","58.295","19","27.847","27.847","0","Chevrolet","Corvette","Red","2002","","","","Zigster316@optonline.net"
"3","1","481","John George","Super Touring 2","58.571","19","32.839","4.992","0","Factory Five","Challenge","Black","2005","","","",""
"4","1","24","AJ Hartman","American Iron","59.593","19","44.899","12.060","0","Ford","Mustang GT","Blue","1999","Clementon","NJ","","adam_hartman@hotmail.com"
"5","2","70","Albert Watson","American Iron","59.953","19","54.277","9.378","0","Ford","Mustang","White","1989","Cranford","NJ","","al_streetmotorsports@hotmail.com"
"6","2","11","Patrick McMahon","Super Touring 2","59.877","19","55.437","1.160","0","Factory Five","Spec Cobra","Gray/Black","","Danville","NH","","patmcmahonracing@yahoo.com"
"7","2","912","Emmet Murphy","Super Unlimited","1:00.390","18","1 Lap","1 Lap","0","Chevrolet","Camaro","Black","1968","","","",""
"8","3","93G","Todd Honczarenko","American Iron","1:01.213","18","1 Lap","1.488","0","Ford","Mustang","Black","1989","","","",""
"9","4","15","Thom Baulisch","American Iron","1:01.234","18","1 Lap","2.570","0","Ford","Mustang Boss 302S","White","2013","Franklin Lakes","NJ","","thom@thombaulisch.com"
"10","5","891","Tom Otis","American Iron","1:01.113","18","1 Lap","0.591","0","Ford","Mustang","Blue","","","","",""
"11","6","82","John Pattman","American Iron","1:03.895","18","1 Lap","24.475","0","Ford","Mustang","Blue","2008","Midland Park","NJ","","jack@pattmanplumbing.com"
"12","3","32","John Kabacinski","Super Unlimited","1:03.770","18","1 Lap","0.459","0","Factory Five","GTM","Black","","","","",""
"DNF","DNF","471","David Martinez","Super Touring 2","1:06.859","1","DNF","","0","Panoz","GT-RA","White/Blue","1999","","","",""
