"Pos","PIC","No.","Name","Class","Best Tm","Laps","Diff","Gap","Points","Make","Model","Color","Year","City","State","Sponsor","Email"
"1","1","16","Thomas Statnick","Super Unlimited","1:23.163","19","","","100","Ford","Mustang","White","2013","New York","NY","","trs@itfais.com"
"2","1","32G","Joe Aquilante","Super Touring 2","1:27.656","19","46.601","46.601","100","Chevrolet","Corvette","Black","2007","","","",""
"3","2","55","Paul Plemenos","Super Touring 2","1:26.450","19","47.363","0.762","90","Chevrolet","Corvette Z06","Blue","2006","Lake Hopatcong","NJ","","Pauliep777@me.com"
"4","2","117","Brian Casella","Super Unlimited","1:26.462","19","52.067","4.704","90","Datsun","Z","White","","","","",""
"5","3","98","Benjamin Lesnak","Super Touring 2","1:26.830","19","53.402","1.335","85","Chevrolet","Corvette","Gray","2001","Brooklyn","NY","","benlesnak@gmail.com"
"6","3","66","Lawrence Lepurage","Super Unlimited","1:26.005","19","1:19.475","26.073","85","Chevrolet","Camaro","Blue","","","","",""
"7","4","33","Scott Mohr","Super Touring 2","1:27.690","19","1:19.603","0.128","80","Chevrolet","Corvette","Blue","2003","","","","rmohr@marsm-a.com"
"8","1","111","Mark Lounsbury","GTS4","1:27.973","18","1 Lap","1 Lap","100","BMW","M3","White","1995","Chadds Ford","PA","","doclouns@comcast.net"
"9","2","274","Michal Kuna","GTS4","1:28.139","18","1 Lap","6.128","90","BMW","M3","Maroon","","","","",""
"10","1","i81","Lucas Catania","ITC-P2","1:28.586","18","1 Lap","2.340","0","","","","","","","",""
"11","2","i37","Charlie Belluado","ITC-P2","1:27.257","18","1 Lap","8.491","0","","","","","","","",""
"12","1","22","Hugh Stewart","GTS3","1:29.783","18","1 Lap","5.443","100","BMW","328","Black","1992","","","",""
"13","2","42","Rick Goryeb","GTS3","1:29.464","18","1 Lap","0.362","90","Porsche","Cayman","Silver","","","","",""
"14","3","54","Luiz Serva","GTS3","1:29.457","18","1 Lap","3.127","85","BMW","M3","Black","1997","Southbury","CT","","lserva@prysmalending.com"
"15","3","914","Jack Haberman","GTS4","1:30.021","18","1 Lap","1.970","85","BMW","M3","Black/Grey","2003","Chatham","NJ","","jack.b.haberman@gmail.com"
"16","1","58","Richard Cox","Super Touring 1","1:32.091","18","1 Lap","4.098","100","Chevrolet","Corvette","Black","1999","","","",""
"17","2","951","John Khoury","Super Touring 1","1:30.445","18","1 Lap","0.374","90","BMW","318is","White","1993","","","",""
"18","5","11","Patrick McMahon","Super Touring 2","1:32.204","18","1 Lap","10.100","75","Factory Five","Spec Cobra","Gray/Black","","Danville","NH","","patmcmahonracing@yahoo.com"
"19","1","48","John George","Factory Five Challenge","1:30.970","18","1 Lap","0.121","100","Factory Five","Challenge","Black","2005","","","",""
"20","3","i22","Rick Stavola","ITC-P2","1:28.835","18","1 Lap","3.740","0","","","","","","","",""
"21","4","712","Chris Petersen","GTS3","1:29.401","18","1 Lap","2.845","80","BMW","M3","Black","2004","Wayne","NJ","","craftyvtec@hotmail.com"
"22","1","70","Albert Watson","American Iron","1:32.385","18","1 Lap","1.800","100","Ford","Mustang","White","1989","Cranford","NJ","","al_streetmotorsports@hotmail.com"
"23","2","93G","Todd Honczarenko","American Iron","1:32.773","18","1 Lap","1.030","90","Ford","Mustang","Black","1989","","","",""
"24","4","710","David Richardson","Super Unlimited","1:32.709","18","1 Lap","5.682","80","Panoz","Esperante","Silver/Black","2006","","","",""
"25","5","999","Cecil Ramotar","GTS3","1:31.239","18","1 Lap","2.241","75","BMW","M3","Blue","1998","","","","cramotar@aol.com"
"26","4","i82","Joe Catania","ITC-P2","1:31.122","18","1 Lap","1.308","0","","","","","","","",""
"27","5","i87","Scott Leder","ITC-P2","1:30.347","18","1 Lap","10.772","0","Porsche","Cayman","Orange","2007","","","Bodymotion",""
"28","6","475","Ariel Jurmann","GTS3","1:31.908","18","1 Lap","0.310","70","Porsche","911 Carrera","Silver","2005","","","","ajurmann@gmail.com"
"29","6","i29","David Speights","ITC-P2","1:30.959","18","1 Lap","0.382","0","","","","","","","",""
"30","3","15","Thom Baulisch","American Iron","1:33.016","18","1 Lap","5.956","85","Ford","Mustang Boss 302S","White","2013","Franklin Lakes","NJ","","thom@thombaulisch.com"
"31","7","18","Benjamin Miller","GTS3","1:31.579","18","1 Lap","0.558","69","BMW","M3","White","1999","","","",""
"32","7","i21","Ralph Marra","ITC-P2","1:28.411","18","1 Lap","1.462","0","Porsche","Cayman","Green/White","2012","","","Bodymotion/Health Warehouse",""
"33","6","85G","Mario Boccongelli","Super Touring 2","1:32.913","18","1 Lap","13.588","70","Chevrolet","Corvette","Black","2000","Kenilworth","NJ","Applied Graphics, Inc.",""
"34","8","123","Eyal Adler","GTS3","1:34.048","17","2 Laps","1 Lap","68","BMW","135i","Gray","2008","","","",""
"35","4","161","Michael Gershanok","GTS4","1:33.388","17","2 Laps","9.916","80","BMW","M3","Silver/Red","2002","Edgewater","NJ","",""
"36","9","53","Robert Goldlust","GTS3","1:36.480","17","2 Laps","41.314","67","BMW","M3","Red/Black","1996","Cherry Hill","NJ","","rgoldlust@gmail.com"
"37","1","i27","Tom Kievit","ITC-P1","1:36.499","17","2 Laps","0.624","0","","","","","","","",""
"38","1","83","Chris D'Ambrosio","Super Touring 3","1:39.542","17","2 Laps","13.632","100","Cadillac","CTS-V","Silver","2005","Long Island","NY","","bulmrkt@earthlink.net"
"39","5","912","Emmet Murphy","Super Unlimited","1:28.231","16","3 Laps","1 Lap","75","Chevrolet","Camaro","Black","1968","","","",""
"40","10","92G","Leo Massurami","GTS3","1:40.589","16","3 Laps","2:36.311","66","BMW","M3","Yellow","","","","",""
"41","11","147","Paul Grillo","GTS3","1:40.727","16","3 Laps","39.966","65","Porsche","Cayman S","Black","2010","","","",""
"42","5","281","Aaron Turek","GTS4","1:40.870","16","3 Laps","8.885","75","BMW","M3","Blue","2001","","","",""
"43","12","136","Kazimierz Sperling","GTS3","1:33.893","14","5 Laps","2 Laps","64","BMW","M3","Orange","1997","","","",""
"44","6","166","Mathieu Lussier","GTS4","1:29.748","11","8 Laps","3 Laps","70","BMW","M3","Gray/Orange","2005","","","",""
"45","7","92","John Gatzemeyer","Super Touring 2","1:31.832","10","9 Laps","1 Lap","69","Chevrolet","Corvette","Red","2001","Hillsborough","NJ","","john_Gatzemeyer@colpal.com"
"DNF","DNF","38","Doug Winston","Super Touring 2","1:33.201","8","DNF","2 Laps","35","Chevrolet","Corvette","Yellow","","","","",""
"47","2","62","Wayne Patterson","Factory Five Challenge","1:39.998","8","11 Laps","3.429","90","Factory Five","Challenge","Blue","2006","","","",""
"48","13","85","John DeFelice","GTS3","1:31.525","8","11 Laps","1.624","32","BMW","M3","Silver","2005","Oceanside","NY","SOH","jdefelice@strianoelectric.com"
"49","2","77ng","Preston Calvert","Super Touring 3","1:38.679","5","14 Laps","3 Laps","90","Ford","Mustang","Red","2011","","","",""
"DNF","DNF","41","Vincent Allegretta","Super Unlimited","1:38.957","3","DNF","2 Laps","37","Chevrolet","Camaro","Silver","1972","Hampton Bays","NY","Jakes Rod Shop, Jrs Motorsports",""
"DNF","DNF","200","Miguel Aponte-Rios","GTS4","1:28.688","17","DNF","","35","BMW","M3","Black","2002","","","Rachethead Racing",""
"DQ","DQ","646","Ronald Cohen","GTS3","1:31.243","17","DQ","","0","Porsche","944 Turbo","Silver/Blue","1989","","","","ron@francorestoration.com"
