"Pos","PIC","No.","Name","Class","Best Tm","Laps","Diff","Gap","Points","Make","Model","Color","Year","City","State","Sponsor","Email"
"1","1","41","Vincent Allegretta","Super Unlimited","1:23.768","20","","","100","Chevrolet","Camaro","Silver","2002","Hampton Bays","NY","Jakes Rod Shop, Jrs Motorsports",""
"2","1","5","Ziggy Miejski","Super Touring 1","1:23.845","20","15.189","15.189","100","Chevrolet","Corvette","Red","2002","","","","Zigster316@optonline.net"
"3","2","44G","Bernardo Zozaya","Super Unlimited","1:23.705","20","38.730","23.541","90","Silver-Car","S2","Blue","2014","","","",""
"4","1","33","Scott Mohr","Super Touring 2","1:27.726","20","1:24.363","45.633","100","Chevrolet","Corvette","Blue","2003","","","","rmohr@marsm-a.com"
"5","1","111","Mark Lounsbury","GTS4","1:27.215","19","1 Lap","1 Lap","100","BMW","M3","White","1995","Chadds Ford","PA","","doclouns@comcast.net"
"6","3","39G","Mike Longo","Super Unlimited","1:28.941","19","1 Lap","1.480","85","Pontiac","Grand Prix","White/Black/Red","2004","","","",""
"7","2","274","Michal Kuna","GTS4","1:27.349","19","1 Lap","3.703","90","BMW","M3","Maroon","","","","",""
"8","1","93","Todd Honczarenko","American Iron","1:30.289","19","1 Lap","6.634","100","Ford","Mustang","Black","1989","","","",""
"9","1","22","Hugh Stewart","GTS3","1:27.867","19","1 Lap","7.003","100","BMW","328","White/Red","1992","","","",""
"10","2","85","Jonathan Vasquez","GTS3","1:28.049","19","1 Lap","0.984","90","BMW","M3","Silver","2005","Oceanside","NY","SOH","jdefelice@strianoelectric.com"
"11","2","70","Albert Watson","American Iron","1:30.206","19","1 Lap","2.990","90","Ford","Mustang","White","1989","Cranford","NJ","","al_streetmotorsports@hotmail.com"
"12","3","19","Luiz Serva","GTS3","1:27.887","19","1 Lap","0.389","85","BMW","M3","Black","1997","Southbury","CT","","lserva@prysmalending.com"
"13","3","166","Mathieu Lussier","GTS4","1:27.197","19","1 Lap","1.977","85","BMW","M3","Gray/Orange","2005","","","",""
"14","4","360","Jeffrey Segal","GTS4","1:28.584","19","1 Lap","0.757","80","BMW","M3","White/Blue","1997","Glastonbury","CT","CIG Private Wealth Management","Jsegal@ctinvestors.com"
"15","2","58","Richard Cox","Super Touring 1","1:31.348","19","1 Lap","13.442","90","Chevrolet","Corvette","Black","1999","","","",""
"16","3","302G","Eric Fuehrer","American Iron","1:30.942","19","1 Lap","3.702","85","Ford","Mustang","White","2013","","","",""
"17","4","712","Chris Petersen","GTS3","1:29.540","19","1 Lap","0.687","80","BMW","M3","Black","2004","Wayne","NJ","","craftyvtec@hotmail.com"
"18","5","18G","Robert Jackowitz","GTS3","1:29.703","19","1 Lap","2.116","75","BMW","M3","White","1999","","","",""
"19","6","42","Rick Goryeb","GTS3","1:30.210","19","1 Lap","4.502","70","Porsche","Cayman","Silver","","","","",""
"20","7","311","Jim Khoury","GTS3","1:30.728","19","1 Lap","0.161","69","BMW","M3","Blue","2001","Sterling","VA","Brakeswap.com","Jim.Khoury@gmail.com"
"21","1","35","Stephen Tomasso","American Iron Extreme","1:31.342","19","1 Lap","9.792","100","Chevrolet","Z28 Camaro","White/Black","1998","Vineland","NJ","","steve.tomasso@comcast.net"
"22","4","72","Matthew Gaetano","American Iron","1:31.388","19","1 Lap","0.106","80","Ford","Mustang","Yellow","2006","White Plains","NY","","mag@nycgss.com"
"23","5","47","Jason Judd","GTS4","1:30.861","19","1 Lap","4.192","75","Porsche","968","Red","1995","","","","flamthrowr@aol.com"
"24","6","28","AJ Ashley","GTS4","1:31.408","19","1 Lap","17.948","70","BMW","M3","White","1999","","","",""
"25","7","8","Frank Ferrara","GTS4","1:30.737","18","2 Laps","1 Lap","69","BMW","M3","Blue","2001","Oreland","PA","","Frank@Ferrarait.com"
"26","2","92","John Gatzemeyer","Super Touring 2","1:33.622","18","2 Laps","5.945","90","Chevrolet","Corvette","Red","2001","Hillsborough","NJ","","john_Gatzemeyer@colpal.com"
"27","4","710","David Richardson","Super Unlimited","1:33.370","18","2 Laps","1.155","80","Panoz","Esperante","Silver/Black","2006","","","",""
"28","5","82","John Pattman","American Iron","1:34.617","18","2 Laps","6.699","75","Ford","Mustang","Blue","2008","Midland Park","NJ","","jack@pattmanplumbing.com"
"29","8","363G","David Shields","GTS4","1:32.711","18","2 Laps","5.639","68","Porsche","Cayman","Blue/White","2007","","","",""
"30","8","53","Robert Goldlust","GTS3","1:31.785","18","2 Laps","7.267","68","BMW","M3","Red/Black","1996","Cherry Hill","NJ","","rgoldlust@gmail.com"
"31","9","123","Eyal Adler","GTS3","1:32.325","18","2 Laps","5.258","67","BMW","135i","Gray","2008","","","",""
"32","10","314","William Schachat","GTS3","1:33.886","18","2 Laps","1.661","66","BMW","M3","Black","1997","Glen Ridge","NJ","ROCS Auto","billschachat@comcast.net"
"33","11","65","Gabe Pettner","GTS3","1:34.397","18","2 Laps","15.144","65","BMW","M3","Red/White","1998","","","","gabriel.pettner@perkinelmer.com"
"34","3","85G","Mario Boccongelli","Super Touring 2","1:36.459","18","2 Laps","37.516","85","Nissan","350Z","Black","","","","",""
"35","12","147","Paul Grillo","GTS3","1:34.932","17","3 Laps","1 Lap","64","Porsche","Cayman S","Black","2010","","","",""
"36","4","83","Chris D'Ambrosio","Super Touring 2","1:33.655","16","4 Laps","1 Lap","80","Cadillac","CTS-V","Silver","2005","Long Island","NY","","bulmrkt@earthlink.net"
"37","9","331","Michael Gershanok","GTS4","1:38.313","16","4 Laps","2:56.346","67","BMW","M3","Blue","","","","",""
"38","2","891","Tom Otis","American Iron Extreme","1:35.034","15","5 Laps","1 Lap","90","Ford","Mustang","Blue","2004","","","",""
"39","5","16","Thomas Statnick","Super Unlimited","1:22.643","14","6 Laps","1 Lap","75","Ford","Mustang","White","2013","New York","NY","","trs@itfais.com"
"40","6","29","Jake Parrott","Super Unlimited","1:21.969","10","10 Laps","4 Laps","70","Chevrolet","Camaro","Silver","2002","","ME","","jakeparrott@gmail.com"
"DNF","DNF","914","Jack Haberman","GTS4","1:28.542","8","DNF","2 Laps","34","BMW","M3","Black/Grey","2003","Chatham","NJ","","jack.b.haberman@gmail.com"
"DNF","DNF","174","Jason Briedis","GTS3","1:27.378","3","DNF","5 Laps","32","BMW","M3","Silver","2002","","","",""
"DNF","DNF","951","John Khoury","Super Touring 1","1:42.056","2","DNF","1 Lap","45","BMW","318is","White","1993","","","",""
"DNF","DNF","38","Doug Winston","Super Touring 2","","","DNF","2 Laps","40","Chevrolet","Corvette","Yellow","","","","",""
"DQ","DQ","187","Edgar Cabrera","GTS3","1:26.994","19","DQ","","0","BMW","M3","Gray","2004","Santo Domingo","DR","IMC","hopofthese@aol.com"
"DQ","DQ","15","Thom Baulisch","American Iron","1:30.888","19","DQ","","0","Ford","Mustang Boss 302S","White","2013","Franklin Lakes","NJ","","thom@thombaulisch.com"
