"Pos","PIC","No.","Name","Class","Best Tm","Laps","Diff","Gap","Points","Make","Model","Color","Year","City","State","Sponsor","Email"
"1","1","11","Patrick McMahon","Super Touring 2","1:11.757","19","","","100","Factory Five","Spec Cobra","Gray/Black","","Danville","NH","","patmcmahonracing@yahoo.com"
"2","2","55","Paul Plemenos","Super Touring 2","1:13.612","18","1 Lap","1 Lap","90","Chevrolet","Corvette Z06","Blue","2006","Lake Hopatcong","NJ","","Pauliep777@me.com"
"3","1","24","AJ Hartman","American Iron","1:16.296","18","1 Lap","5.439","100","Ford","Mustang GT","Blue","1999","Clementon","NJ","","adam_hartman@hotmail.com"
"4","1","481","John George","Factory Five Challenge","1:13.579","17","2 Laps","1 Lap","50","Factory Five","Challenge","Black","2005","","","",""
"5","2","82","John Pattman","American Iron","1:20.492","17","2 Laps","1:36.349","90","Ford","Mustang","Blue","2008","Midland Park","NJ","","jack@pattmanplumbing.com"
"6","3","70","Albert Watson","American Iron","1:15.283","14","5 Laps","3 Laps","85","Ford","Mustang","White","1989","Cranford","NJ","","al_streetmotorsports@hotmail.com"
"7","4","15","Thom Baulisch","American Iron","1:30.657","14","5 Laps","3:55.742","80","Ford","Mustang Boss 302S","White","2013","Franklin Lakes","NJ","","thom@thombaulisch.com"
"8","5","891","Tom Otis","American Iron","1:19.420","12","7 Laps","2 Laps","75","Ford","Mustang","Blue","","","","",""
