"Pos","PIC","No.","Name","Class","Best Tm","Laps","Diff","Gap","Points","Make","Model","Color","Year","City","State","Sponsor","Email"
"1","1","111","Mark Lounsbury","GTS4","1:10.228","26","","","100","BMW","M3","White","1995","Chadds Ford","PA","","doclouns@comcast.net"
"2","1","33","Scott Mohr","Super Touring 2","1:10.676","26","0.621","0.621","100","Chevrolet","Corvette","Blue","2003","","","","rmohr@marsm-a.com"
"3","1","22","Hugh Stewart","GTS3","1:12.087","26","18.617","17.996","100","BMW","328","White/Red","1992","","","",""
"4","1","777","Chris Rallo","American Iron","1:11.902","26","25.756","7.139","100","Ford","Mustang","Black","2005","Mt Laurel","NJ","","ralloracing@gmail.com"
"5","2","712","Chris Petersen","GTS3","1:12.633","26","30.298","4.542","90","BMW","M3","Black","2004","Wayne","NJ","","craftyvtec@hotmail.com"
"6","2","713","Walter Markes","GTS4","1:13.988","26","1:05.031","34.733","90","BMW","M3","White","2004","Bronx","NY","",""
"7","3","8","Frank Ferrara","GTS4","1:13.550","26","1:05.695","0.664","85","BMW","M3","Blue","2001","Oreland","PA","","Frank@Ferrarait.com"
"8","2","15","Thom Baulisch","American Iron","1:14.125","25","1 Lap","1 Lap","90","Ford","Mustang Boss 302S","White","2013","Franklin Lakes","NJ","","thom@thombaulisch.com"
"9","3","82","John Pattman","American Iron","1:14.874","25","1 Lap","13.653","85","Ford","Mustang","Blue","2008","Midland Park","NJ","","jack@pattmanplumbing.com"
"10","1","710","David Richardson","Super Unlimited","1:13.868","25","1 Lap","5.766","100","Panoz","Esperante","Silver/Black","2006","","","",""
"11","1","77G","Jeff Ricca","PTB","1:13.512","25","1 Lap","0.202","100","Hyundai","Genesis","White","2012","","","",""
"12","3","123","Eyal Adler","GTS3","1:14.746","25","1 Lap","1.005","85","BMW","135i","Gray","2008","","","",""
"13","1","336","Jon Vasquez","GTS2","1:13.426","25","1 Lap","1.016","100","BMW","M3","Black","1998","NY","NY","","dharnick@gmail.com"
"14","4","53","Robert Goldlust","GTS3","1:14.774","25","1 Lap","14.824","80","BMW","M3","Red/Black","1996","Cherry Hill","NJ","","rgoldlust@gmail.com"
"15","2","118","Nick Evancich","PTB","1:16.487","25","1 Lap","46.152","90","Mazda","MX-5","Red","2008","","","",""
"16","1","400","David Dunigan","Super Touring 3","1:14.414","24","2 Laps","1 Lap","50","Porsche","911","Orange","2001","","","",""
"17","4","72","Matthew Gaetano","American Iron","1:14.820","24","2 Laps","4.783","80","Ford","Mustang","Yellow","2006","White Plains","NY","","mag@nycgss.com"
"18","1","46","Michael Fries","Honda Chal 2","1:16.785","24","2 Laps","1:09.577","100","Honda","S2000","Yellow","2008","Westernville","NY","Lifted","mfries@twcny.rr.com"
"19","2","36","Robert Casella","Honda Chal 2","1:17.002","24","2 Laps","2.145","90",""Honda"","Challenged","White","","","","",""
"20","4","331","Michael Gershanok","GTS4","1:17.496","24","2 Laps","19.181","80","BMW","M3","Blue","","Edgewater","NJ","",""
"21","2","85G","Mario Boccongelli","Super Touring 2","1:16.864","24","2 Laps","1.224","90","Nissan","350Z","Black","","","","",""
"22","1","71","Sean Gibbons","Spec 986","1:17.470","24","2 Laps","1.453","50","Porsche","Boxster","Silver","1998","","","",""
"23","3","115","Dan Gregory","PTB","1:18.160","24","2 Laps","8.038","85","Porsche","944","Black/Silver","1989","Wayne","PA","","daniellgregory@gmail.com"
"24","1","73","Marcus Mazza","Spec Miata","1:18.768","24","2 Laps","9.087","100","Mazda","Miata","White/Orange","1991","","","",""
"25","1","28G","Jonathan Beeler","Honda Chal 1","1:18.810","24","2 Laps","22.170","50","Honda","Civic","Black/Blue","2007","","","",""
"26","3","7","Jan Wang","Honda Chal 2","1:17.639","24","2 Laps","25.612","85","Honda","Civic","Red","1992","Tenafly","NJ","","JanWang74@aol.com"
"27","2","147G","Randy Petschauer","Spec Miata","1:19.110","23","3 Laps","1 Lap","90","Mazda","Miata","Black","1999","","","",""
"28","5","25","Joseph Staurovsky","American Iron","1:19.165","23","3 Laps","14.202","75","Ford","Mustang","White","1995","","","",""
"29","1","89","James Mertz","SpecE30","1:21.010","23","3 Laps","27.793","100","BMW","325i","Red","1989","","","",""
"30","3","99","Tony Senese","Spec Miata","1:21.453","23","3 Laps","1.951","85","Mazda","Miata","Purple/Yellow","1994","shaftsbury","VT","","tonys@nosenseyet.com"
"31","2","153","Sam Jadczak","SpecE30","1:21.407","23","3 Laps","14.052","90","BMW","325i","Bronze/D.Red","1989","Horsham","PA","","samjadczak@yahoo.com"
"32","5","85","John DeFelice","GTS3","1:12.373","22","4 Laps","1 Lap","75","BMW","M3","Silver","2005","Oceanside","NY","SOH","jdefelice@strianoelectric.com"
"33","1","90","Martin Okun","GTS1","1:23.519","22","4 Laps","3:17.911","100","Porsche","944","Red","1986","Ledgewood","NJ","","tanporsh@optonline.net"
"34","4","133","Brion Martin","Spec Miata","1:21.528","21","5 Laps","1 Lap","80","Mazda","Miata","Red","1995","","","Screwbird Racing",""
"35","2","421","Nicholas Porcella","GTS1","1:27.478","21","5 Laps","2:29.711","90","Porsche","924","Blue","1986","","","",""
"36","5","96G","Dominick Vellucci","Spec Miata","1:29.966","20","6 Laps","1 Lap","75","Mazda","Miata","White/Black","1991","","","",""
"DNF","DNF","914","Jack Haberman","GTS4","1:56.567","1","DNF","19 Laps","75","BMW","M3","Black/Grey","2003","Chatham","NJ","","jack.b.haberman@gmail.com"
"DQ","DQ","21","David Greenman","Super Unlimited","1:13.512","26","DQ","","0","Chevrolet","Corvette","Black","1997","","","",""
"DQ","DQ","04","Gerald Cohen","GTS2","1:15.380","25","DQ","","0","Porsche","944 Turbo","Green","1989","","","",""
