"Pos","PIC","No.","Name","Class","Best Tm","Laps","Diff","Gap","Points","Make","Model","Color","Year","City","State","Sponsor","Email"
"1","1","112","Daniel Koch","Super Touring 4","1:01.189","25","","","50","BMW","M3","Black","1995","Wappingers Falls","NY","Killa' Beez","daniel_koch@steris.com"
"2","1","60","Kurt Washeim","Super Touring 5","1:02.869","25","21.441","21.441","100","Mini","R-58 Coupe","D.Gray/Red","2012","Lake Hopatcong","NJ","Heinlein Racing Development","cadmad@optonline.net"
"3","1","36","Robert Casella","SpecE30","1:03.341","25","26.904","5.463","100","BMW","325is","Black","1990","Pompton Plains","NJ","Axle Casella","rcasella18@aol.com"
"4","2","81","Jeffrey Randolph","Super Touring 5","1:03.391","25","27.827","0.923","90","BMW","M3","Black","1998","Glenn Rock","NJ","","lawyerlr@aol.com"
"5","1","285","Christopher Carter","Honda Chal 1","1:02.423","25","28.424","0.597","100","Honda","Civic","Black/Gray/Green","1992","Webster","MA","","christophercarter285@gmail.com"
"6","2","391","Jason Griscavage","SpecE30","1:03.851","25","28.578","0.154","90","BMW","325is","Multicolor","1989","Springfield","VA","AKG Motorsport","jasongriscavage@yahoo.com"
"7","3","77","Team Curran-Casella","SpecE30","1:03.661","25","28.763","0.185","85","BMW","325is","White/Green","1989","","","",""
"8","4","477","Christopher Allen","SpecE30","1:04.063","25","28.932","0.169","80","BMW","325is","Gray","1988","Rydal","PA","","chrisblakeallen@gmail.com"
"9","1","7","Jan Wang","Honda Chal 2","1:02.919","25","29.153","0.221","100","Honda","Civic","Red","1992","Tenafly","NJ","#redteam","JanWang74@aol.com"
"10","5","88","Andrew Zimmerman","SpecE30","1:04.005","25","31.085","1.932","75","BMW","325","Gray","1989","","","Drivegear",""
"11","1","18","Benjamin Miller","Spec Miata","1:03.221","25","34.312","3.227","100","Mazda","Miata","Red","1991","Midland Park","NJ","EFI Logics","benm@milleraa.com"
"12","2","19G","Anthony Zappone","Spec Miata","1:03.388","25","34.902","0.590","90","Mazda","Miata","White","2003","Lakewood Ranch","FL","","mranthonyz@gmail.com"
"13","3","757","Dean Lambros","Spec Miata","1:03.242","25","35.254","0.352","85","Mazda","Miata","Red/White","1991","Northport","NY","","gfly11954@gmail.com"
"14","6","71","Ray Prato","SpecE30","1:03.922","25","37.210","1.956","70","BMW","325is","Silver","1989","Ringwood","NJ","","raypratojr@gmail.com"
"15","7","76","TJ Yard","SpecE30","1:04.431","25","37.593","0.383","69","BMW","325i","D.Gray","1991","Manasquan","NJ","","timjyard@gmail.com"
"16","8","141","Dario Cangialosi","SpecE30","1:03.538","25","38.061","0.468","68","BMW","325","Black","1987","White Plains","NY","Reparto Corse","edcangialosi@gmail.com"
"17","4","27","Devin Gregory","Spec Miata","1:03.812","25","38.120","0.059","80","Mazda","Miata","Red","1991","Redding","CT","EFI Logics","dpgregory@gregory-builders.com"
"18","5","415","Michael Smith","Spec Miata","1:03.982","25","40.205","2.085","75","Mazda","Miata","Blue","2003","Clay","NY","Spec13 Motorsports","mbsmit05@gmail.com"
"19","2","46","Michael Fries","Honda Chal 2","1:03.846","25","41.134","0.929","90","Honda","S2000","Yellow","2008","Westernville","NY","Lifted","mfries@twcny.rr.com"
"20","9","762","Matthew Herd","SpecE30","1:04.846","25","44.401","3.267","67","BMW","325i","White","1989","Lyndell","PA","","herd.matt@gmail.com"
"21","3","111ng","Kristina Esposito","Super Touring 5","1:05.147","25","51.038","6.637","85","Mazda","Miata","White","1991","Mamaroneck","NY","","espo3006@gmail.com"
"22","1","358","Kenneth Martinez","Honda Chal 4","1:04.078","24","1 Lap","1 Lap","100","Acura","Integra","White","1996","Plainfield","NJ","","kennethmartinez35@yahoo.com"
"23","3","373","Nathan Bookbinder","Honda Chal 2","1:05.029","24","1 Lap","1.084","85","Acura","Integra","White/Blue/Orange","1996","Middletown","NY","","nbookbinder@gmail.com"
"24","2","6126","Damien Price","Honda Chal 4","1:04.766","24","1 Lap","1.314","90","Honda","Civic","Silver","1997","Belleville","NJ","Hollow Tree Candle Co.","afterdarkmotorsports@gmail.com"
"25","3","139","Dillon Brennan","Honda Chal 4","1:04.038","24","1 Lap","0.416","85","Honda","Civic","Red","1993","Trevose","PA","Babie Deebus Racing","10dsbrennan@gmail.com"
"26","6","370","Chris Graham","Spec Miata","1:04.689","24","1 Lap","1.592","70","Mazda","Miata","Green","1994","Fayetteville","NY","","Cgraham278@gmail.com"
"27","7","313","Jim Tramontano","Spec Miata","1:04.011","24","1 Lap","1.662","69","Mazda","Miata","White","1996","Lambertville","NJ","Infamous Jim's Auto Art","jimtramontano@gmail.com"
"28","8","888","Daniel Kim","Spec Miata","1:05.420","24","1 Lap","8.093","68","Mazda","Miata","White","1999","Montville","NJ","","danhkim84@gmail.com"
"29","10","86","Scott Smith","SpecE30","1:05.858","24","1 Lap","1.261","66","BMW","325","White/Gray/Black","1986","Chester","CT","","scott.w.smith@pfizer.com"
"30","4","888G","Jeremy Zeitler","Honda Chal 2","1:04.489","24","1 Lap","0.976","80","Acura","Integra","Orange","1995","Cortland Manor","NY","","wholesaleparts2004@yahoo.com"
"31","11","73","Derek Ody","SpecE30","1:07.204","24","1 Lap","1.229","65","BMW","318i","Black","1984","Neptune","NJ","","derekody@gmail.com"
"32","4","386","Brian Lenahan","Honda Chal 4","1:06.242","24","1 Lap","1.036","80","Acura","Integra","White","1993","Clifton","NJ","","blenahan973@gmail.com"
"33","12","466","Christian Sandmann","SpecE30","1:05.704","24","1 Lap","3.192","64","BMW","325is","White","1989","Wayne","NJ","MSC Gross B�lten e.V. im ADAC","csandmann@mac.com"
"34","5","69","Alex Herman","Honda Chal 4","1:06.779","24","1 Lap","2.628","75","Acura","Integra","Silver","1997","Philadelphia","PA","","alexx.herman@gmail.com"
"35","6","49","Kallie Kanakos","Honda Chal 4","1:06.508","24","1 Lap","0.453","70","Acura","Integra","Gray","1999","Valley Stream","NY","","k.kanakos@aol.com"
"36","13","520","Larry Marks","SpecE30","1:06.602","24","1 Lap","13.597","63","BMW","318is","White","1990","South Windsor","CT","","nomowhal@gmail.com"
"37","9","194","Jeffrey Lombardo","Spec Miata","1:05.259","17","8 Laps","7 Laps","67","Mazda","Miata","Red/Black","1992","Roxbury","CT","","jeffrey.lombardo@gmail.com"
"DNF","DNF","944","Christopher Rose","Super Touring 5","1:03.255","12","DNF","5 Laps","43","Porsche","944","Purple","1984","Stratford","CT","","jayskyco@yahoo.com"
"DNF","DNF","96","Peter Raymond","SpecE30","1:06.196","10","DNF","2 Laps","32","BMW","318is","White","1991","Clarks Summit","PA","","ptrskycam@yahoo.com"
"DNF","DNF","315","Tom Samuelson","SpecE30","1:06.122","10","DNF","1.591","32","BMW","325","Gray","1987","Marblehead","MA","","tom@tomsamuelson.com"
