"Pos","PIC","No.","Name","Class","Best Tm","Laps","Diff","Gap","Points","Make","Model","Color","Year","City","State","Sponsor","Email"
"1","1","265","Mark Petronis","Super Touring 2","55.182","28","","","100","Chevrolet","Corvette Z06","Red","2004","Saratoga Springs","NY","AMTMotorsport.com","streetspeed@gmail.com"
"2","1","113","Steve Katz","GTS5","55.821","28","47.795","47.795","50","Porsche","996 GT3 Cup","White","2005","Bardonia","NY","","steve@katzinsurance.com"
"3","2","38","Doug Winston","Super Touring 2","56.895","28","52.399","4.604","90","Chevrolet","Corvette Z06","Yellow","2002","Elmsford","NY","D&M Electrical Contracting","doug@dmelectrical.com"
"4","3","808","Chris Benoist","Super Touring 2","56.973","28","52.654","0.255","85","Chevrolet","Corvette","Gray","2012","Sewell","NJ","","chrisbenoist@verizon.net"
"5","4","24","AJ Hartman","Super Touring 2","56.686","28","54.195","1.541","80","Ford","Mustang GT","Carbon","1999","Millville","NJ","AJ Hartman Racing","aj@ajhartmanracing.com"
"6","1","19","Luiz Serva","GTS3","55.891","27","1 Lap","1 Lap","100","BMW","M3","Green/White","2001","Danbury","CT","Prysma Lending Group","lserva@prysma.com"
"7","2","8","Josh Prinzivalli","GTS3","57.020","27","1 Lap","6.364","90","BMW","M3","Black","2004","Vernon","CT","Munich Motorsports","joshprinzivalli@gmail.com"
"8","3","712","Chris Petersen","GTS3","58.458","27","1 Lap","27.652","85","BMW","M3","Gray","2004","Wayne","NJ","","craftyvtec@hotmail.com"
"9","5","79","Jake Namer","Super Touring 2","58.361","26","2 Laps","1 Lap","75","Porsche","996 GT3","Blue","2002","Brooklyn","NY","Hamfist Racing","jakenamer@gmail.com"
"10","1","161","Michael Gershanok","GTS4","58.347","26","2 Laps","0.230","50","BMW","M3","Gray","2002","Scarsdale","NJ","Northeast Motorsports","mgershanok@motorsportsne.com"
"11","1","530","Michael Sousa","GTS2","58.724","26","2 Laps","1.257","100","BMW","M3","Red/Black/White","1997","Coventry","CT","CIP Motorsports","rokkitman1@gmail.com"
"12","4","556","Matthew Kingsley","GTS3","59.547","26","2 Laps","13.945","80","BMW","M3","Black","2004","Loudonville","NY","556 Motorsports","info@nyshis.com"
"13","6","92","John Gatzemeyer","Super Touring 2","59.409","26","2 Laps","1.170","70","Chevrolet","Corvette","Red","2001","Piscataway","NJ","Elusive Racing","john_gatzemeyer@colpal.com"
"14","2","305","Nick DeRosa","GTS2","59.137","26","2 Laps","1.866","90","BMW","M3","Silver","1999","","","",""
"15","3","311","Frank Millan","GTS2","59.170","26","2 Laps","1.161","85","BMW","M3","D.Blue","2006","Dix Hills","NY","","fmillan0113@gmail.com"
"16","5","31","Vasil Vykhopen","GTS3","59.553","26","2 Laps","3.271","75","BMW","M3","White","2002","Manalapan","NJ","Exelegent","vasil@exelegent.com"
"17","6","136","Kazimierz Sperling","GTS3","59.370","26","2 Laps","0.156","70","BMW","M3","White","2003","New Hyde Park","NY","","kazsperling@gmail.com"
"18","1","401","Mark Mattice","American Iron Extreme","1:00.100","26","2 Laps","1.620","100","Ford","FR500C","Gray","2005","Beaver Dams","NY","","matticem@kimbleinc.com"
"19","4","121","Douglas Horton","GTS2","59.294","26","2 Laps","0.764","80","BMW","M3","White","1995","Brooklyn","NY","","doug.bmxdude77@gmail.com"
"20","1","28","Michael Kanisczak","Spec E46","1:00.881","26","2 Laps","2.738","100","BMW","330ci","Black","2002","Astoria","NY","AutoSport Fabrication","gearhead1186@gmail.com"
"21","2","58","Chris Sullivan","Spec E46","1:00.931","26","2 Laps","13.088","90","BMW","330ci","Orange/Black","2001","Milford","MA","","csullivanracing38@hotmail.com"
"22","2","147","Artur Dopart","American Iron Extreme","1:01.450","25","3 Laps","1 Lap","90","Ford","Mustang","Orange/White","2015","Maspeth","NY","FAST","arturdo123@gmail.com"
"23","1","33","Scott Mohr","Super Unlimited","55.119","18","10 Laps","7 Laps","50","Chevrolet","Corvette","Black","2009","Northport","NY","MohrSpeed Motorsports","mohrspeedltd@gmail.com"
"24","5","944","Christopher Rose","GTS2","","1","","","40","Porsche","944","Purple","1984","Stratford","CT","","jayskyco@yahoo.com"
