"Pos","PIC","No.","Name","Class","Best Tm","Laps","Diff","Gap","Points","Make","Model","Color","Year","City","State","Sponsor","Email"
"1","1","7","Jan Wang","Honda Chal 2","1:02.470","20","","","100","Honda","Civic","Red","1992","Tenafly","NJ","#redteam","JanWang74@aol.com"
"2","2","517","Zephyr Belski","Honda Chal 2","1:03.164","20","5.361","5.361","90","Acura","Integra","L.Blue/Black","1994","Middlesex","NJ","#blueteam","zbelski@gmail.com"
"3","3","46","Michael Fries","Honda Chal 2","1:03.075","20","7.928","2.567","85","Honda","S2000","Yellow","2008","Westernville","NY","Lifted","mfries@twcny.rr.com"
"4","1","18","Benjamin Miller","Spec Miata","1:03.697","20","12.899","4.971","100","Mazda","Miata","Red","1991","Midland Park","NJ","EFI Logics","benm@milleraa.com"
"5","1","285","Christopher Carter","Honda Chal 1","1:03.112","20","18.311","5.412","100","Honda","Civic","Black/Gray/Green","1992","Webster","MA","","christophercarter285@gmail.com"
"6","2","27","Devin Gregory","Spec Miata","1:03.843","20","20.339","2.028","90","Mazda","Miata","Red","1991","Redding","CT","EFI Logics","dpgregory@gregory-builders.com"
"7","3","19G","Anthony Zappone","Spec Miata","1:03.793","20","27.183","6.844","85","Mazda","Miata","White","2003","Lakewood Ranch","FL","","mranthonyz@gmail.com"
"8","4","415","Michael Smith","Spec Miata","1:03.691","20","27.418","0.235","80","Mazda","Miata","Blue","2003","Clay","NY","Spec13 Motorsports","mbsmit05@gmail.com"
"9","1","36","Robert Casella","SpecE30","1:03.269","20","27.785","0.367","100","BMW","325is","Black","1990","Pompton Plains","NJ","Axle Casella","rcasella18@aol.com"
"10","4","373","Nathan Bookbinder","Honda Chal 2","1:04.251","20","28.890","1.105","80","Acura","Integra","White/Blue/Orange","1996","Middletown","NY","","nbookbinder@gmail.com"
"11","5","888G","Jeremy Zeitler","Honda Chal 2","1:04.169","20","30.611","1.721","75","Acura","Integra","Orange","1995","Cortland Manor","NY","","wholesaleparts2004@yahoo.com"
"12","5","313","Jim Tramontano","Spec Miata","1:03.830","20","32.936","2.325","75","Mazda","Miata","White","1996","Lambertville","NJ","Infamous Jim's Auto Art","jimtramontano@gmail.com"
"13","2","77","Team Curran-Casella","SpecE30","1:03.608","20","34.814","1.878","90","BMW","325is","White/Green","1989","","","",""
"14","3","477","Christopher Allen","SpecE30","1:03.834","20","35.447","0.633","85","BMW","325is","Gray","1988","Rydal","PA","","chrisblakeallen@gmail.com"
"15","6","757","Dean Lambros","Spec Miata","1:04.416","20","38.821","3.374","70","Mazda","Miata","Red/White","1991","Northport","NY","","gfly11954@gmail.com"
"16","4","391","Jason Griscavage","SpecE30","1:03.926","20","40.468","1.647","80","BMW","325is","Multicolor","1989","Springfield","VA","AKG Motorsport","jasongriscavage@yahoo.com"
"17","5","71","Ray Prato","SpecE30","1:03.838","20","42.029","1.561","75","BMW","325is","Silver","1989","Ringwood","NJ","","raypratojr@gmail.com"
"18","1","6126","Damien Price","Honda Chal 4","1:04.511","20","43.703","1.674","100","Honda","Civic","Silver","1997","Belleville","NJ","Hollow Tree Candle Co.","afterdarkmotorsports@gmail.com"
"19","2","139","Dillon Brennan","Honda Chal 4","1:04.330","20","46.951","3.248","90","Honda","Civic","Red","1993","Trevose","PA","Babie Deebus Racing","10dsbrennan@gmail.com"
"20","6","76","TJ Yard","SpecE30","1:04.185","20","48.292","1.341","70","BMW","325i","D.Gray","1991","Manasquan","NJ","","timjyard@gmail.com"
"21","7","141","Dario Cangialosi","SpecE30","1:03.854","20","50.142","1.850","69","BMW","325","Black","1987","White Plains","NY","Reparto Corse","edcangialosi@gmail.com"
"22","7","888","Daniel Kim","Spec Miata","1:05.175","20","50.870","0.728","69","Mazda","Miata","White","1999","Montville","NJ","","danhkim84@gmail.com"
"23","8","370","Chris Graham","Spec Miata","1:04.897","20","51.223","0.353","68","Mazda","Miata","Green","1994","Fayetteville","NY","","Cgraham278@gmail.com"
"24","3","358","Kenneth Martinez","Honda Chal 4","1:04.422","20","51.467","0.244","85","Acura","Integra","White","1996","Plainfield","NJ","","kennethmartinez35@yahoo.com"
"25","8","466","Christian Sandmann","SpecE30","1:05.204","20","1:06.544","15.077","68","BMW","325is","White","1989","Wayne","NJ","MSC Gross B�lten e.V. im ADAC","csandmann@mac.com"
"26","9","86","Scott Smith","SpecE30","1:05.290","20","1:07.078","0.534","67","BMW","325","White/Gray/Black","1986","Chester","CT","","scott.w.smith@pfizer.com"
"27","1","66","Gary Alpert","Super Touring 5","1:03.959","19","1 Lap","1 Lap","100","BMW","M3","Blue","1998","Boalsburg","PA","","Garyalpusa@gmail.com"
"28","9","194","Jeffrey Lombardo","Spec Miata","1:05.830","19","1 Lap","0.464","67","Mazda","Miata","Red/Black","1992","Roxbury","CT","","jeffrey.lombardo@gmail.com"
"29","10","762","Matthew Herd","SpecE30","1:04.925","19","1 Lap","6.557","66","BMW","325i","White","1989","Lyndell","PA","","herd.matt@gmail.com"
"30","11","88","Andrew Zimmerman","SpecE30","1:05.695","19","1 Lap","2.089","65","BMW","325","Gray","1989","","","Drivegear",""
"31","2","111ng","Kristina Esposito","Super Touring 5","1:06.780","19","1 Lap","32.103","90","Mazda","Miata","White","1991","Mamaroneck","NY","","espo3006@gmail.com"
"32","4","69","Alex Herman","Honda Chal 4","1:07.884","19","1 Lap","2.391","80","Acura","Integra","Silver","1997","Philadelphia","PA","","alexx.herman@gmail.com"
"33","12","722","Evan Luce","SpecE30","1:05.747","19","1 Lap","2.575","64","BMW","325i","Blue","1987","Langhorn","PA","Condor Speed Shop / VAC Motorsports","evanrluce@gmail.com"
"34","13","73","Derek Ody","SpecE30","1:07.428","19","1 Lap","0.461","63","BMW","318i","Black","1984","Neptune","NJ","","derekody@gmail.com"
"35","5","49","Kallie Kanakos","Honda Chal 4","1:07.880","19","1 Lap","2.404","75","Acura","Integra","Gray","1999","Valley Stream","NY","","k.kanakos@aol.com"
"36","3","60","Kurt Washeim","Super Touring 5","1:07.315","19","1 Lap","15.527","85","Mini","R-58 Coupe","D.Gray/Red","2012","Lake Hopatcong","NJ","Heinlein Racing Development","cadmad@optonline.net"
"37","14","315","Tom Samuelson","SpecE30","1:06.882","19","1 Lap","1.929","62","BMW","325","Gray","1987","Marblehead","MA","","tom@tomsamuelson.com"
"38","1","821","Charlie Greenhaus","SU-E","1:03.328","18","2 Laps","1 Lap","50","Entropy Racing","EVSR","Yellow","2013","Sacramento","PA","EVSR.net","clgreenhaus@gmail.com"
"39","15","520","Larry Marks","SpecE30","1:08.337","18","2 Laps","1:37.231","61","BMW","318is","White","1990","South Windsor","CT","","nomowhal@gmail.com"
"40","6","386","Brian Lenahan","Honda Chal 4","1:07.167","18","2 Laps","11.323","70","Acura","Integra","White","1993","Clifton","NJ","","blenahan973@gmail.com"
"DNF","DNF","802","Daniel Honovich","Honda Chal 1","1:01.158","8","DNF","10 Laps","50","Honda","S2000","D.Gray","2002","Carmel","NY","www.MossbergOwners.com","sales@danhonovich.com"
"DNF","DNF","767","Will Lambros","Spec Miata","1:10.328","2","DNF","6 Laps","34","Mazda","Miata","Silver","1999","Montauk","NY","WilliamDeanPlatinum/Precimet/SkipBarber","williamlambros2003@gmail.com"
"DNF","DNF","153","Sam Jadczak","SpecE30","1:33.186","1","DNF","1 Lap","32","BMW","325i","Bronze/D.Red","1989","Horsham","PA","PJ Auto Repair","samjadczak@yahoo.com"
