"Pos","PIC","No.","Name","Class","Best Tm","Laps","Diff","Gap","Points","Make","Model","Color","Year","City","State","Sponsor","Email"
"1","1","265","Mark Petronis","Super Touring 2","56.084","30","","","100","Chevrolet","Corvette Z06","Red","2004","Saratoga Springs","NY","AMTMotorsport.com","streetspeed@gmail.com"
"2","2","24","AJ Hartman","Super Touring 2","57.045","30","28.806","28.806","90","Ford","Mustang GT","Carbon","1999","Millville","NJ","AJ Hartman Racing","aj@ajhartmanracing.com"
"3","1","8","Josh Prinzivalli","GTS3","57.366","30","48.582","19.776","100","BMW","M3","Black","2004","Vernon","CT","Munich Motorsports","joshprinzivalli@gmail.com"
"4","2","19","Luiz Serva","GTS3","57.252","30","52.779","4.197","90","BMW","M3","Green/White","2001","Danbury","CT","Prysma Lending Group","lserva@prysma.com"
"5","3","118","Keith Workman","Super Touring 2","57.237","30","55.171","2.392","85","Chevrolet","Corvette","Yellow/Black","2005","east patchogue","NY","","horsplay@optonline.net"
"6","1","161","Michael Gershanok","GTS4","57.735","29","1 Lap","1 Lap","50","BMW","M3","Gray","2002","Scarsdale","NJ","Northeast Motorsports","mgershanok@motorsportsne.com"
"7","1","147","Artur Dopart","American Iron Extreme","59.591","29","1 Lap","23.510","100","Ford","Mustang","Orange/White","2015","Maspeth","NY","FAST","arturdo123@gmail.com"
"8","3","556","Matthew Kingsley","GTS3","59.172","29","1 Lap","2.803","85","BMW","M3","Black","2004","Loudonville","NY","556 Motorsports","info@nyshis.com"
"9","4","31","Vasil Vykhopen","GTS3","58.635","29","1 Lap","1.163","80","BMW","M3","White","2002","Manalapan","NJ","Exelegent","vasil@exelegent.com"
"10","1","530","Michael Sousa","GTS2","58.822","29","1 Lap","1.921","100","BMW","M3","Red/Black/White","1997","Coventry","CT","CIP Motorsports","rokkitman1@gmail.com"
"11","4","79","Jake Namer","Super Touring 2","58.791","29","1 Lap","6.487","80","Porsche","996 GT3","Blue","2002","Brooklyn","NY","Hamfist Racing","jakenamer@gmail.com"
"12","5","712","Chris Petersen","GTS3","59.249","29","1 Lap","3.756","75","BMW","M3","Gray","2004","Wayne","NJ","","craftyvtec@hotmail.com"
"13","2","311","Frank Millan","GTS2","59.788","28","2 Laps","1 Lap","90","BMW","M3","D.Blue","2006","Dix Hills","NY","","fmillan0113@gmail.com"
"14","5","92","John Gatzemeyer","Super Touring 2","59.643","28","2 Laps","18.326","75","Chevrolet","Corvette","Red","2001","Piscataway","NJ","Elusive Racing","john_gatzemeyer@colpal.com"
"15","3","999","Cecil Ramotar","GTS2","1:00.786","28","2 Laps","24.025","85","BMW","M3","Blue","1998","","","","cramotar@aol.com"
"16","2","401","Mark Mattice","American Iron Extreme","1:01.109","28","2 Laps","4.333","90","Ford","FR500C","Gray","2005","Beaver Dams","NY","","matticem@kimbleinc.com"
"17","1","58","Chris Sullivan","Spec E46","1:02.139","28","2 Laps","27.797","100","BMW","330ci","Orange/Black","2001","Milford","MA","","csullivanracing38@hotmail.com"
"18","6","38","Doug Winston","Super Touring 2","57.309","22","8 Laps","6 Laps","70","Chevrolet","Corvette Z06","Yellow","2002","Elmsford","NY","D&M Electrical Contracting","doug@dmelectrical.com"
"19","4","121","Douglas Horton","GTS2","59.810","22","8 Laps","1:28.035","80","BMW","M3","White","1995","Brooklyn","NY","","doug.bmxdude77@gmail.com"
"20","1","193","Todd Honczarenko","American Iron","59.920","18","12 Laps","4 Laps","50","Ford","Mustang","Black","1989","Ringwood","NJ","","thonczarenko@yahoo.com"
"DNF","DNF","305","Nick DeRosa","GTS2","59.838","14","DNF","4 Laps","40","BMW","M3","Silver","1999","","","",""
"DNF","DNF","114G","Jack Orlan","Super Touring 2","59.480","4","DNF","10 Laps","35","BMW","M3","White","2009","","","",""
