"Pos","PIC","No.","Name","Class","Best Tm","Laps","Diff","Gap","Points","Make","Model","Color","Year","City","State","Sponsor","Email"
"1","1","802","Daniel Honovich","Honda Chal 1","1:14.956","16","","","100","Honda","S2000","D.Gray","2002","Carmel","NY","www.MossbergOwners.com","sales@danhonovich.com"
"2","2","75","John Oldt","Honda Chal 1","1:15.222","16","3.241","3.241","90","Honda","S2000","Blue/Black/Silver","2001","","","","ar-inc@rcn.com"
"3","1","28","Michael Kanisczak","Spec E46","1:15.365","16","4.144","0.903","100","BMW","330ci","White","2002","Astoria","NY","AutoSport Fabrication","gearhead1186@gmail.com"
"4","2","29","Richard Bocanegra","Spec E46","1:15.507","16","4.564","0.420","90","BMW","330i","Silver/Red","2001","Bergenfield","NJ","Rogue Engineering","richjr@wymbs.com"
"5","3","80","David Pan","Spec E46","1:15.297","16","6.116","1.552","85","BMW","330ci","White","2003","Mt. Kisco","NY","","ephillips@kblaw.com"
"6","3","738","Jose Suero","Honda Chal 1","1:14.414","16","6.358","0.242","85","Honda","S2000","Red","2005","Elmsford","NY","","josesuero16@gmail.com"
"7","1","5","Jonathan Giahn","Super Touring 4","1:13.507","16","14.904","8.546","50","Nissan","350Z","Red","2004","Tuckahoe","NY","","Jonathan.giahn@gmail.com"
"8","4","58","Chris Sullivan","Spec E46","1:16.169","16","17.183","2.279","80","BMW","330ci","Orange/Black","2001","Milford","MA","","csullivanracing38@hotmail.com"
"9","5","745","Gregory Hartman","Spec E46","1:16.730","16","24.119","6.936","75","BMW","330i","Black/Blue/Red","2001","Fleetwood","PA","","hartmags9@gmail.com"
"10","1","60","Kurt Washeim","Super Touring 5","1:16.432","16","26.285","2.166","100","Mini","R-58 Coupe","D.Gray/Red","2012","Lake Hopatcong","NJ","Heinlein Racing Development","cadmad@optonline.net"
"11","2","211","Thai Diep","Super Touring 5","1:16.882","16","36.124","9.839","90","Mazda","RX-8","Red","2006","Carlisle","PA","Motorsports Performance Group","thaidiep@gmail.com"
"12","1","517","Zephyr Belski","Honda Chal 2","1:18.444","16","37.017","0.893","100","Acura","Integra","L.Blue/Black","1994","Middlesex","NJ","#blueteam","zbelski@gmail.com"
"13","2","219","Lenny Hong","Honda Chal 2","1:18.854","16","37.315","0.298","90","Acura","Integra","Red/Black","1997","Santa Monica","CA","#redteam","lennyhong@gmail.com"
"14","3","7","Jan Wang","Honda Chal 2","1:17.849","16","38.577","1.262","85","Honda","Civic","Red","1992","Tenafly","NJ","#redteam","JanWang74@aol.com"
"15","4","285","Christopher Carter","Honda Chal 1","1:18.683","16","39.619","1.042","80","Honda","Civic","Black/Gray/Green","1992","Webster","MA","","christophercarter285@gmail.com"
"16","1","36","Robert Casella","SpecE30","1:19.122","16","42.631","3.012","100","BMW","325is","Black","1990","Pompton Plains","NJ","Axle Casella","rcasella18@aol.com"
"17","2","76","TJ Yard","SpecE30","1:18.720","16","47.742","5.111","90","BMW","325i","D.Gray","1991","Manasquan","NJ","","timjyard@gmail.com"
"18","3","20","James Mertz","SpecE30","1:19.173","16","48.749","1.007","85","BMW","E30","Red","1991","Saylorsburg","PA","StoogeMoe Racing","goldie83@ptd.net"
"19","4","761","Michael Kovac","SpecE30","1:19.038","16","49.579","0.830","80","BMW","325i","Yellow/Red/Black","1988","Bloomfield","NJ","Drivegear","euroe28m5@gmail.com"
"20","5","71","Ray Prato","SpecE30","1:19.277","16","49.816","0.237","75","BMW","325is","Silver","1989","Ringwood","NJ","","raypratojr@gmail.com"
"21","4","206","Marc Dias","Honda Chal 2","1:19.880","16","50.334","0.518","80","Honda","Civic","White","1992","Valley Stream","NY","Project One Motorsport","Mdias206@gmail.com"
"22","1","6126","Damien Price","Honda Chal 4","1:21.040","16","52.858","2.524","100","Honda","Civic","Silver","1997","Belleville","NJ","Hollow Tree Candle Co.","afterdarkmotorsports@gmail.com"
"23","6","141","Ed Cangialosi","SpecE30","1:20.001","16","54.877","2.019","70","BMW","325","Black","1987","White Plains","NY","Reparto Corse","edcangialosi@gmail.com"
"24","7","762","Matthew Herd","SpecE30","1:20.185","16","56.637","1.760","69","BMW","325i","White","1989","","","",""
"25","1","415","Michael Smith","Spec Miata","1:19.452","15","1 Lap","1 Lap","100","Mazda","Miata","Blue","2003","Clay","NY","Spec13 Motorsports","mbsmit05@gmail.com"
"26","2","18","Benjamin Miller","Spec Miata","1:19.944","15","1 Lap","4.190","90","Mazda","Miata","Red","1991","Midland Park","NJ","EFI Logics","benm@milleraa.com"
"27","8","87","Andrew Zimmerman","SpecE30","1:21.195","15","1 Lap","7.697","68","BMW","325is","Blue/Green","1987","","","Drivegear",""
"28","3","27","Devin Gregory","Spec Miata","1:20.382","15","1 Lap","1.092","85","Mazda","Miata","Red","1991","Redding","CT","EFI Logics","dpgregory@gregory-builders.com"
"29","9","466","Christian Sandmann","SpecE30","1:21.343","15","1 Lap","1.198","67","BMW","325is","White","1989","Wayne","NJ","MSC Gross B�lten e.V. im ADAC","csandmann@mac.com"
"30","4","14","David Deerson","Spec Miata","1:19.744","15","1 Lap","0.052","80","Mazda","Miata","White","2002","South River","NJ","","daviddeerson@yahoo.com"
"31","10","616","Jay Menzo","SpecE30","1:21.203","15","1 Lap","4.977","66","BMW","E30","Orange","1987","Brick","NJ","NJ Bent Wheel","jjmenzo@yahoo.com"
"32","11","86","Scott Smith","SpecE30","1:21.540","15","1 Lap","2.293","65","BMW","325","White/Gray/Black","1986","Chester","CT","","scott.w.smith@pfizer.com"
"33","1","821","Charlie Greenhaus","Super Unlimited","1:20.909","15","1 Lap","2.582","50","Entropy Racing","EVSR","Yellow","2013","Sacramento","PA","EVSR.net","clgreenhaus@gmail.com"
"34","12","153","Sam Jadczak","SpecE30","1:22.080","15","1 Lap","0.052","64","BMW","325i","Bronze/D.Red","1989","Horsham","PA","PJ Auto Repair","samjadczak@yahoo.com"
"35","5","370","Chris Graham","Spec Miata","1:20.660","15","1 Lap","0.197","75","Mazda","Miata","Green","1994","Fayetteville","NY","","Cgraham278@gmail.com"
"36","13","722","Evan Luce","SpecE30","1:21.012","15","1 Lap","0.940","63","BMW","325i","Blue","1987","Langhorn","PA","Condor Speed Shop / VAC Motorsports","evanrluce@gmail.com"
"37","14","73","Derek Ody","SpecE30","1:23.090","15","1 Lap","4.080","62","BMW","318i","Black","1984","Neptune","NJ","","derekody@gmail.com"
"38","2","49","Kallie Kanakos","Honda Chal 4","1:23.399","15","1 Lap","0.630","90","Acura","Integra","Gray","1999","Valley stream","NY","","k.kanakos@aol.com"
"39","15","520","Larry Marks","SpecE30","1:24.425","15","1 Lap","3.298","61","BMW","318is","White","1990","South Windsor","CT","","nomowhal@gmail.com"
"40","6","194","Jeffrey Lombardo","Spec Miata","1:23.917","15","1 Lap","1.122","70","Mazda","Miata","Red/Black","1992","Roxbury","CT","","jeffrey.lombardo@gmail.com"
"41","16","315","Tom Samuelson","SpecE30","1:23.616","15","1 Lap","4.776","60","BMW","325","Gray","1987","Marblehead","MA","","tom@tomsamuelson.com"
"42","3","386","Brian Lenahan","Honda Chal 4","1:26.259","15","1 Lap","21.003","85","Acura","Integra","White","1993","Clifton","NJ","","blenahan973@gmail.com"
"43","7","313","Jim Tramontano","Spec Miata","1:21.963","13","3 Laps","2 Laps","69","Mazda","Miata","White","1996","Lambertville","NJ","Infamous Jim's Auto Art","jimtramontano@gmail.com"
"DNF","DNF","69","Alex Herman","Honda Chal 4","1:27.446","4","DNF","9 Laps","43","Acura","Integra","Silver","1997","Philadelphia","PA","","alexx.herman@gmail.com"
"DNF","DNF","373","Nathan Bookbinder","Honda Chal 2","1:53.947","1","DNF","3 Laps","40","Acura","Integra","White/Blue/Orange","1996","Middletown","NY","","nbookbinder@gmail.com"
"DQ","DQ","139","Dillon Brennan","Honda Chal 4","1:21.771","16","DQ","","0","Honda","Civic","Red","1993","Trevose","PA","Babie Deebus Racing","10dsbrennan@gmail.com"
