"Pos","PIC","No.","Name","Class","Best Tm","Laps","Diff","Gap","Points","Make","Model","Color","Year","City","State","Sponsor","Email"
"1","1","5","Jonathan Giahn","Super Touring 4","1:26.906","19","","","50","Nissan","350Z","Red","2004","Tuckahoe","NY","","Jonathan.giahn@gmail.com"
"2","1","60","Kurt Washeim","Super Touring 5","1:28.843","19","10.765","10.765","100","Mini","R-58 Coupe","D.Gray/Red","2012","Lake Hopatcong","NJ","Heinlein Racing Development","cadmad@optonline.net"
"3","1","28","Michael Kanisczak","Spec E46","1:30.819","19","18.014","7.249","100","BMW","330ci","White","2002","Astoria","NY","AutoSport Fabrication","gearhead1186@gmail.com"
"4","2","211","Thai Diep","Super Touring 5","1:28.766","19","18.870","0.856","90","Mazda","RX-8","Red","2006","Carlisle","PA","Motorsports Performance Group","thaidiep@gmail.com"
"5","2","58","Chris Sullivan","Spec E46","1:33.647","19","1:37.284","1:18.414","90","BMW","330ci","Orange/Black","2001","Milford","MA","","csullivanracing38@hotmail.com"
"6","1","36","Robert Casella","SpecE30","1:34.270","18","1 Lap","1 Lap","100","BMW","325is","Black","1990","Pompton Plains","NJ","Axle Casella","rcasella18@aol.com"
"7","1","75","John Oldt","Honda Chal 1","1:37.062","18","1 Lap","25.310","100","Honda","S2000","Blue/Black/Silver","2001","","","","ar-inc@rcn.com"
"8","1","139","Dillon Brennan","Honda Chal 4","1:36.904","18","1 Lap","0.160","100","Honda","Civic","Red","1993","Trevose","PA","Babie Deebus Racing","10dsbrennan@gmail.com"
"9","2","20","James Mertz","SpecE30","1:35.084","18","1 Lap","9.380","90","BMW","E30","Red","1991","Saylorsburg","PA","StoogeMoe Racing","goldie83@ptd.net"
"10","2","6126","Damien Price","Honda Chal 4","1:37.755","18","1 Lap","8.635","90","Honda","Civic","Silver","1997","Belleville","NJ","Hollow Tree Candle Co.","afterdarkmotorsports@gmail.com"
"11","1","517","Zephyr Belski","Honda Chal 2","1:38.504","18","1 Lap","6.807","100","Acura","Integra","L.Blue/Black","1994","Middlesex","NJ","#blueteam","zbelski@gmail.com"
"12","1","27","Devin Gregory","Spec Miata","1:36.952","18","1 Lap","9.991","100","Mazda","Miata","Red","1991","Redding","CT","EFI Logics","dpgregory@gregory-builders.com"
"13","3","761","Michael Kovac","SpecE30","1:38.208","17","2 Laps","1 Lap","85","BMW","325i","Yellow/Red/Black","1988","Bloomfield","NJ","Drivegear","euroe28m5@gmail.com"
"14","4","762","Matthew Herd","SpecE30","1:38.377","17","2 Laps","1.817","80","BMW","325i","White","1989","Lyndell","PA","","herd.matt@gmail.com"
"15","3","49","Kallie Kanakos","Honda Chal 4","1:40.249","17","2 Laps","8.513","85","Acura","Integra","Gray","1999","Valley stream","NY","","k.kanakos@aol.com"
"16","2","206","Marc Dias","Honda Chal 2","1:40.013","17","2 Laps","2.624","90","Honda","Civic","White","1992","Valley Stream","NY","Project One Motorsport","Mdias206@gmail.com"
"17","2","415","Michael Smith","Spec Miata","1:38.633","17","2 Laps","6.649","90","Mazda","Miata","Blue","2003","Clay","NY","Spec13 Motorsports","mbsmit05@gmail.com"
"18","3","14","David Deerson","Spec Miata","1:36.316","17","2 Laps","6.865","85","Mazda","Miata","White","2002","South River","NJ","","daviddeerson@yahoo.com"
"19","4","18","Benjamin Miller","Spec Miata","1:36.317","17","2 Laps","2.104","80","Mazda","Miata","Red","1991","Midland Park","NJ","EFI Logics","benm@milleraa.com"
"20","5","76","TJ Yard","SpecE30","1:37.533","17","2 Laps","8.170","75","BMW","325i","D.Gray","1991","Manasquan","NJ","","timjyard@gmail.com"
"21","6","96","Peter Raymond","SpecE30","1:39.694","17","2 Laps","2.681","70","BMW","318is","White","1991","Clarks Summit","PA","","ptrskycam@yahoo.com"
"22","7","141","Ed Cangialosi","SpecE30","1:39.196","17","2 Laps","1.291","69","BMW","325","Black","1987","White Plains","NY","Reparto Corse","edcangialosi@gmail.com"
"23","5","370","Chris Graham","Spec Miata","1:38.969","17","2 Laps","5.808","75","Mazda","Miata","Green","1994","Fayetteville","NY","","Cgraham278@gmail.com"
"24","6","194","Jeffrey Lombardo","Spec Miata","1:39.903","17","2 Laps","7.655","70","Mazda","Miata","Red/Black","1992","Roxbury","CT","","jeffrey.lombardo@gmail.com"
"25","7","313","Jim Tramontano","Spec Miata","1:37.445","17","2 Laps","5.901","69","Mazda","Miata","White","1996","Lambertville","NJ","Infamous Jim's Auto Art","jimtramontano@gmail.com"
"26","8","520","Larry Marks","SpecE30","1:42.501","17","2 Laps","22.709","68","BMW","318is","White","1990","South Windsor","CT","","nomowhal@gmail.com"
"27","2","285","Christopher Carter","Honda Chal 1","1:37.014","17","2 Laps","5.267","90","Honda","Civic","Black/Gray/Green","1992","Webster","MA","","christophercarter285@gmail.com"
"28","3","745","Gregory Hartman","Spec E46","1:37.771","16","3 Laps","1 Lap","85","BMW","330i","Black/Blue/Red","2001","Fleetwood","PA","","hartmags9@gmail.com"
"29","4","386","Brian Lenahan","Honda Chal 4","1:44.412","16","3 Laps","1:39.951","80","Acura","Integra","White","1993","Clifton","NJ","","blenahan973@gmail.com"
"30","9","73","Derek Ody","SpecE30","1:45.446","16","3 Laps","18.797","67","BMW","318i","Black","1984","Neptune","NJ","","derekody@gmail.com"
"31","10","153","Sam Jadczak","SpecE30","1:48.214","16","3 Laps","1:24.778","66","BMW","325i","Bronze/D.Red","1989","Horsham","PA","PJ Auto Repair","samjadczak@yahoo.com"
"32","1","821","Charlie Greenhaus","Super Unlimited","1:35.164","15","4 Laps","1 Lap","50","Entropy Racing","EVSR","Yellow","2013","Sacramento","PA","EVSR.net","clgreenhaus@gmail.com"
"33","3","66","Gary Alpert","Super Touring 5","1:43.641","15","4 Laps","2:47.631","85","BMW","M3","Blue","1998","Boalsburg","PA","","Garyalpusa@gmail.com"
"34","11","466","Christian Sandmann","SpecE30","1:48.761","15","4 Laps","1:43.535","65","BMW","325is","White","1989","Wayne","NJ","MSC Gross B�lten e.V. im ADAC","csandmann@mac.com"
"DNF","DNF","802","Daniel Honovich","Honda Chal 1","1:41.272","8","DNF","7 Laps","45","Honda","S2000","D.Gray","2002","Carmel","NY","www.MossbergOwners.com","sales@danhonovich.com"
"DNF","DNF","7","Jan Wang","Honda Chal 2","1:43.748","3","DNF","5 Laps","45","Honda","Civic","Red","1992","Tenafly","NJ","#redteam","JanWang74@aol.com"
"DNF","DNF","722","Evan Luce","SpecE30","1:43.190","2","DNF","1 Lap","33","BMW","325i","Blue","1987","Langhorn","PA","Condor Speed Shop / VAC Motorsports","evanrluce@gmail.com"
"38","4","9","Anthony Robison","Honda Chal 2","2:08.997","1","18 Laps","1 Lap","80","Honda","Civic","White","1992","Bensalem","PA","","tony@fortrob.com"
"DNS","DNS","219","Lenny Hong","Honda Chal 2","","","DNS","","0","Acura","Integra","Red/Black","1997","Santa Monica","CA","#redteam","lennyhong@gmail.com"
