"Pos","PIC","No.","Name","Class","Best Tm","Laps","Diff","Gap","Points","Make","Model","Color","Year","City","State","Sponsor","Email"
"1","1","29","Richard Bocanegra","Spec E46","1:01.588","20","","","100","BMW","330i","Silver/Red","2001","Bergenfield","NJ","Rogue Engineering","richjr@wymbs.com"
"2","2","64","Edward/David Phillips/Pan","Spec E46","1:01.468","20","2.493","2.493","90","BMW","330ci","White","2003","Mt. Kisco","NY","","ephillips@kblaw.com"
"3","3","58","Chris Sullivan","Spec E46","1:01.561","20","3.391","0.898","85","BMW","330ci","Orange","2001","Milford","MA","","csullivanracing38@hotmail.com"
"4","1","738","Jose Suero","Honda Chal 1","1:01.267","20","11.770","8.379","50","Honda","S2000","Red","2005","Elmsford","NY","","josesuero16@gmail.com"
"5","4","149","Steve Coppola","Spec E46","1:02.331","20","14.411","2.641","80","BMW","330ci","Black/Red","2001","Guilford","CT","","coppolas53@gmail.com"
"6","5","67","Scott Rosen","Spec E46","1:02.964","20","17.357","2.946","75","BMW","330ci","Blue","2001","Swampscott","MA","","scottarosen@gmail.com"
"7","1","36","Robert Casella","SpecE30","1:03.361","20","22.245","4.888","100","BMW","325is","Black","1990","Pompton Plains","NJ","Axle Casella","rcasella18@aol.com"
"8","1","122","Brian Sewell","Super Touring 5","1:01.885","20","22.577","0.332","100","BMW","M3","Blue","1995","Shelton","CT","","bsewell2338@gmail.com"
"9","2","20","James Mertz","SpecE30","1:03.480","20","23.591","1.014","90","BMW","E30","Red","1991","Saylorsburg","PA","StoogeMoe Racing","goldie83@ptd.net"
"10","3","71","Ray Prato","SpecE30","1:03.814","20","27.656","4.065","85","BMW","325is","Silver","1989","Ringwood","NJ","","raypratojr@gmail.com"
"11","1","46","Michael Fries","Honda Chal 2","1:03.076","20","34.249","6.593","100","Honda","S2000","Yellow","2008","Westernville","NY","Lifted","mfries@twcny.rr.com"
"12","2","60","Kurt Washeim","Super Touring 5","1:02.881","20","34.485","0.236","90","Mini","R-58 Coupe","D.Gray/Red","2012","Lake Hopatcong","NJ","Heinlein Racing Development","cadmad@optonline.net"
"13","1","27","Devin Gregory","Spec Miata","1:03.378","20","44.984","10.499","100","Mazda","Miata","Red","1991","Redding","CT","EFI Logics","dpgregory@gregory-builders.com"
"14","2","13","Peter McIntosh II","Spec Miata","1:03.423","20","45.910","0.926","90","Mazda","Miata","Silver","","Annandale","NJ","McIncelli Mechanical","peteypablo511@hotmail.com"
"15","6","17","Scott Joy","Spec E46","1:03.661","20","46.139","0.229","70","BMW","330ci","Red","2001","Lewisville","NC","New England Racing Fuel - Sunoco","scottrjoy17@gmail.com"
"16","3","18","Benjamin Miller","Spec Miata","1:03.864","20","46.769","0.630","85","Mazda","Miata","Red","1991","Midland Park","NJ","EFI Logics","benm@milleraa.com"
"17","2","517","Zephyr Belski","Honda Chal 2","1:03.393","20","47.620","0.851","90","Acura","Integra","L.Blue/Black","1994","Middlesex","NJ","#blueteam","zbelski@gmail.com"
"18","4","141","Ed Cangialosi","SpecE30","1:05.374","20","54.038","6.418","80","BMW","325","Black","1987","White Plains","NY","Reparto Corse","edcangialosi@gmail.com"
"19","5","129","Daniel Livingston","SpecE30","1:05.557","20","54.417","0.379","75","BMW","E30","Black","1989","Coventry","CT","Munich Motorsports","dlivingston1229@gmail.com"
"20","3","373","Nathan Bookbinder","Honda Chal 2","1:04.204","20","54.670","0.253","85","Acura","Integra","White/Blue/Orange","1996","Middletown","NY","","nbookbinder@gmail.com"
"21","6","762","Matthew Herd","SpecE30","1:05.536","20","57.867","3.197","70","BMW","325i","White","1989","","","",""
"22","4","51","Paul Redante","Spec Miata","1:04.117","20","59.893","2.026","80","Mazda","Miata","Orange/Black","1999","Ivyland","PA","drmachine.com","pcdrj@verizon.net"
"23","5","767","Will Lambros","Spec Miata","1:04.316","20","1:03.434","3.541","75","Mazda","Miata","Silver","1999","Montauk","NY","WilliamDeanPlatinum/Precimet/SkipBarber","williamlambros2003@gmail.com"
"24","7","88","Ian Carpenter","SpecE30","1:05.951","19","1 Lap","1 Lap","69","BMW","325","Gray","1989","","","Drivegear",""
"25","8","87","Andrew Zimmerman","SpecE30","1:07.229","19","1 Lap","0.034","68","BMW","325is","Blue/Green","1987","","","Drivegear",""
"26","9","466","Christian Sandmann","SpecE30","1:06.108","19","1 Lap","1.038","67","BMW","325is","White","1989","Wayne","NJ","MSC Gross B�lten e.V. im ADAC","csandmann@mac.com"
"27","10","153","Sam Jadczak","SpecE30","1:06.173","19","1 Lap","0.555","66","BMW","325i","Bronze/D.Red","1989","Horsham","PA","PJ Auto Repair","samjadczak@yahoo.com"
"28","3","211","Thai Diep","Super Touring 5","1:04.593","19","1 Lap","1.570","85","Mazda","RX-8","Red","2006","Carlisle","PA","Motorsports Performance Group","thaidiep@gmail.com"
"29","11","315","Tom Samuelson","SpecE30","1:07.583","19","1 Lap","9.253","65","BMW","E30","Gray","1987","Marblehead","MA","","tom@tomsamuelson.com"
"30","1","358","Kenneth Martinez","Honda Chal 4","1:05.918","19","1 Lap","0.768","100","Acura","Integra","White","1996","Plainfield","NJ","","kennethmartinez35@yahoo.com"
"31","12","96","Peter Raymond","SpecE30","1:07.817","19","1 Lap","4.068","64","BMW","318is","White","1991","Clarks Summit","PA","","ptrskycam@yahoo.com"
"32","2","49","Kallie Kanakos","Honda Chal 4","1:06.665","19","1 Lap","0.421","90","Acura","Integra","Gray","1999","Valley stream","NY","","k.kanakos@aol.com"
"33","13","520","Larry Marks","SpecE30","1:07.050","19","1 Lap","6.394","63","BMW","325i","Green","1987","South Windsor","CT","","nomowhal@gmail.com"
"34","6","415","Michael Smith","Spec Miata","1:04.891","19","1 Lap","6.910","70","Mazda","Miata","Blue","2003","Clay","NY","Spec13 Motorsports","mbsmit05@gmail.com"
"35","3","139","Dillon Brennan","Honda Chal 4","1:05.932","18","2 Laps","1 Lap","85","Honda","Civic","Red","1993","Trevose","PA","Babie Deebus Racing","10dsbrennan@gmail.com"
"36","4","81","Jeffrey Randolph","Super Touring 5","1:03.837","18","2 Laps","1.369","80","BMW","M3","Black","1998","Glenn Rock","NJ","","lawyerlr@aol.com"
"37","7","421","Mike Joy","Spec E46","1:11.286","10","10 Laps","8 Laps","69","BMW","330ci","Silver","2003","Lewisville","NC","New England Racing Fuel - Sunoco","two00mph@aol.com"
"DNF","DNF","516","Spencer Anderson","Honda Chal 2","1:03.496","8","DNF","2 Laps","43","Honda","Civic","Red/Silver","1994","Freeport","NY","#redteam","noriceef@aol.com"
"39","1","112","Daniel Koch","Super Touring 4","1:03.683","8","12 Laps","24.963","50","BMW","M3","Black","1995","Wappingers Falls","NY","Killa' Beez","daniel_koch@steris.com"
"DNF","DNF","219","Lenny Hong","Honda Chal 2","1:12.468","8","DNF","10:52.359","43","Acura","Integra","Red/Black","1997","Santa Monica","CA","#redteam","lennyhong@gmail.com"
"DNF","DNF","7","Jan Wang","Honda Chal 2","1:52.774","2","DNF","6 Laps","43","Honda","Civic","Red","1992","Tenafly","NJ","#redteam","JanWang74@aol.com"
