"Pos","PIC","No.","Name","Class","Best Tm","Laps","Diff","Gap","Points","Make","Model","Color","Year","City","State","Sponsor","Email"
"1","1","58","Chris Sullivan","Spec E46","1:01.580","27","","","100","BMW","330ci","Orange","2001","Milford","MA","","csullivanracing38@hotmail.com"
"2","2","29","Richard Bocanegra","Spec E46","1:01.624","27","2.354","2.354","90","BMW","330i","Silver/Red","2001","Bergenfield","NJ","Rogue Engineering","richjr@wymbs.com"
"3","3","64","Edward Phillips","Spec E46","1:01.384","27","7.995","5.641","85","BMW","330ci","White","2003","Mt. Kisco","NY","","ephillips@kblaw.com"
"4","1","738","Jose Suero","Honda Chal 1","59.754","27","17.865","9.870","51","Honda","S2000","Red","2005","Elmsford","NY","","josesuero16@gmail.com"
"5","4","67","Scott Rosen","Spec E46","1:01.977","27","21.153","3.288","80","BMW","330ci","Blue","2001","Swampscott","MA","","scottarosen@gmail.com"
"6","5","149","Steve Coppola","Spec E46","1:02.385","27","29.631","8.478","75","BMW","330ci","Black/Red","2001","Guilford","CT","","coppolas53@gmail.com"
"7","6","17","Scott Joy","Spec E46","1:02.812","27","43.571","13.940","70","BMW","330ci","Red","2001","Lewisville","NC","New England Racing Fuel - Sunoco","scottrjoy17@gmail.com"
"8","1","36","Robert Casella","SpecE30","1:03.310","27","44.807","1.236","100","BMW","325is","Black","1990","Pompton Plains","NJ","Axle Casella","rcasella18@aol.com"
"9","1","516","Spencer Anderson","Honda Chal 2","1:02.131","27","47.890","3.083","100","Honda","Civic","Red/Silver","1994","Freeport","NY","#redteam","noriceef@aol.com"
"10","2","20","James Mertz","SpecE30","1:03.475","27","51.983","4.093","90","BMW","E30","Red","1991","Saylorsburg","PA","StoogeMoe Racing","goldie83@ptd.net"
"11","3","71","Ray Prato","SpecE30","1:03.922","27","57.796","5.813","85","BMW","325is","Silver","1989","Ringwood","NJ","","raypratojr@gmail.com"
"12","1","60","Kurt Washeim","Super Touring 5","1:02.244","27","1:05.126","7.330","100","Mini","R-58 Coupe","D.Gray/Red","2012","Lake Hopatcong","NJ","Heinlein Racing Development","cadmad@optonline.net"
"13","4","762","Matthew Herd","SpecE30","1:03.862","26","1 Lap","1 Lap","80","BMW","325i","White","1989","","","",""
"14","2","46","Michael Fries","Honda Chal 2","1:03.306","26","1 Lap","1.180","90","Honda","S2000","Yellow","2008","Westernville","NY","Lifted","mfries@twcny.rr.com"
"15","3","517","Zephyr Belski","Honda Chal 2","1:03.365","26","1 Lap","1.652","85","Acura","Integra","L.Blue/Black","1994","Middlesex","NJ","#blueteam","zbelski@gmail.com"
"16","5","129","Daniel Livingston","SpecE30","1:04.204","26","1 Lap","1.888","75","BMW","E30","Black","1989","Coventry","CT","Munich Motorsports","dlivingston1229@gmail.com"
"17","1","27","Devin Gregory","Spec Miata","1:03.317","26","1 Lap","4.800","100","Mazda","Miata","Red","1991","Redding","CT","EFI Logics","dpgregory@gregory-builders.com"
"18","2","51","Paul Redante","Spec Miata","1:03.589","26","1 Lap","6.242","90","Mazda","Miata","Orange/Black","1999","Ivyland","PA","drmachine.com","pcdrj@verizon.net"
"19","3","767","Will Lambros","Spec Miata","1:03.590","26","1 Lap","1.640","85","Mazda","Miata","Silver","1999","Montauk","NY","WilliamDeanPlatinum/Precimet/SkipBarber","williamlambros2003@gmail.com"
"20","6","141","Ed Cangialosi","SpecE30","1:04.137","26","1 Lap","5.353","70","BMW","325","Black","1987","White Plains","NY","Reparto Corse","edcangialosi@gmail.com"
"21","4","373","Nathan Bookbinder","Honda Chal 2","1:03.570","26","1 Lap","9.398","80","Acura","Integra","White/Blue/Orange","1996","Middletown","NY","","nbookbinder@gmail.com"
"22","2","211","Thai Diep","Super Touring 5","1:04.053","26","1 Lap","7.129","90","Mazda","RX-8","Red","2006","Carlisle","PA","Motorsports Performance Group","thaidiep@gmail.com"
"23","4","18","Benjamin Miller","Spec Miata","1:03.460","26","1 Lap","2.693","80","Mazda","Miata","Red","1991","Midland Park","NJ","EFI Logics","benm@milleraa.com"
"24","3","66","Gary Alpert","Super Touring 5","1:02.776","26","1 Lap","0.379","85","BMW","M3","Blue","1998","Boalsburg","PA","","Garyalpusa@gmail.com"
"25","7","88","Ian Carpenter","SpecE30","1:05.584","26","1 Lap","1.775","69","BMW","325","Gray","1989","","","Drivegear",""
"26","4","81","Jeffrey Randolph","Super Touring 5","1:02.735","26","1 Lap","0.041","80","BMW","M3","Black","1998","Glenn Rock","NJ","","lawyerlr@aol.com"
"27","8","466","Christian Sandmann","SpecE30","1:05.897","26","1 Lap","4.402","68","BMW","325is","White","1989","Wayne","NJ","MSC Gross B�lten e.V. im ADAC","csandmann@mac.com"
"28","5","415","Michael Smith","Spec Miata","1:04.281","26","1 Lap","0.286","75","Mazda","Miata","Blue","2003","Clay","NY","Spec13 Motorsports","mbsmit05@gmail.com"
"29","6","370","Chris Graham","Spec Miata","1:04.687","26","1 Lap","0.500","70","Mazda","Miata","Green","1994","Fayetteville","NY","","Cgraham278@gmail.com"
"30","9","153","Sam Jadczak","SpecE30","1:05.676","26","1 Lap","0.973","67","BMW","325i","Bronze/D.Red","1989","Horsham","PA","PJ Auto Repair","samjadczak@yahoo.com"
"31","10","722","Evan Luce","SpecE30","1:05.966","26","1 Lap","27.470","66","BMW","325i","Blue","1987","Langhorn","PA","Condor Speed Shop / VAC Motorsports","evanrluce@gmail.com"
"32","11","96","Peter Raymond","SpecE30","1:06.965","25","2 Laps","1 Lap","65","BMW","318is","White","1991","Clarks Summit","PA","","ptrskycam@yahoo.com"
"33","1","139","Dillon Brennan","Honda Chal 4","1:04.796","25","2 Laps","3.500","100","Honda","Civic","Red","1993","Trevose","PA","Babie Deebus Racing","10dsbrennan@gmail.com"
"34","2","6126","Damien Price","Honda Chal 4","1:04.690","25","2 Laps","1.564","90","Honda","Civic","Silver","1997","Belleville","NJ","Hollow Tree Candle Co.","afterdarkmotorsports@gmail.com"
"35","3","49","Kallie Kanakos","Honda Chal 4","1:05.616","25","2 Laps","9.157","85","Acura","Integra","Gray","1999","Valley stream","NY","","k.kanakos@aol.com"
"36","12","520","Larry Marks","SpecE30","1:07.393","25","2 Laps","18.889","64","BMW","325i","Green","1987","South Windsor","CT","","nomowhal@gmail.com"
"37","13","315","Tom Samuelson","SpecE30","1:06.556","25","2 Laps","20.472","63","BMW","325","Gray","1987","Marblehead","MA","","tom@tomsamuelson.com"
"38","4","358","Kenneth Martinez","Honda Chal 4","1:04.445","24","3 Laps","1 Lap","80","Acura","Integra","White","1996","Plainfield","NJ","","kennethmartinez35@yahoo.com"
"39","7","13","Peter McIntosh II","Spec Miata","1:03.366","13","14 Laps","11 Laps","69","Mazda","Miata","Silver","","Annandale","NJ","McIncelli Mechanical","peteypablo511@hotmail.com"
"DNF","DNF","122","Brian Sewell","Super Touring 5","1:01.822","11","DNF","2 Laps","40","BMW","M3","Blue","1995","Shelton","CT","","bsewell2338@gmail.com"
"DNF","DNF","530","Michael Sousa","Super Touring 5","1:14.199","3","DNF","8 Laps","40","BMW","M3","Red/Black/White","1997","Coventry","CT","CIP Motorsports","rokkitman1@gmail.com"
