"Pos","PIC","No.","Name","Class","Best Tm","Laps","Diff","Gap","Points","Make","Model","Color","Year","City","State","Sponsor","Email"
"1","1","226","Will Vanjonack","GTS4","55.389","30","","","100","BMW","M3","Gray","1997","Chester Springs","PA","Pioneer","william.vanjonack@westpharma.com"
"2","2","542","Joshua Prinzivalli","GTS4","55.815","30","4.217","4.217","90","BMW","M3","White","1995","Vernon","CT","Munich Motorsports","joshprinzivalli@yahoo.com"
"3","3","914","Jack Haberman","GTS4","56.456","30","14.936","10.719","85","BMW","M3","Orange/Black","2003","Chatham","NJ","Modern Auto Body | VAC Motorsports","jack.b.haberman@gmail.com"
"4","4","800","Robert Thorne","GTS4","55.310","30","18.083","3.147","80","BMW","M3","Black","1995","Newtown","PA","","rthorne@robert-thorneracing.com"
"5","5","161","Brian Casella","GTS4","56.936","30","39.249","21.166","75","BMW","M3","Gray","2002","Scarsdale","NJ","Northeast Motorsports","mgershanok@motorsportsne.com"
"6","1","113","Steve Katz","GTS5","55.720","30","43.437","4.188","50","Porsche","GT3 Cup","White","2005","Bardonia","NY","","steve@katzinsurance.com"
"7","1","714","Aaron Turek","GTS3","57.124","30","45.337","1.900","100","BMW","M3","Green/Black/White","1997","East Windsor","CT","Munich Motorsports","munichaaron@gmail.com"
"8","1","420","Brian Goldburg","Super Touring 1","56.243","30","51.568","6.231","50","Panoz","GTS","Yellow/Black/Red","2002","","","Milestone MotorWorX",""
"9","2","19","Luiz Serva","GTS3","57.062","30","53.054","1.486","90","BMW","M3","Green/White","2001","Danbury","CT","Prysma Lending Group","lserva@prysma.com"
"10","1","274","Michal Kuna","Super Touring 2","56.763","29","1 Lap","1 Lap","100","BMW","M3","Black","2003","Kennebunk","ME","","michalkuna@me.com"
"11","2","619","Adrian Wlostowski","Super Touring 2","57.449","29","1 Lap","9.928","90","Chevrolet","Corvette Grand Sport","Black","2010","Maspeth","NY","F.A.S.T. Auto","adrian@fast-auto-repair.com"
"12","3","909","Foad Razavi","GTS3","58.169","29","1 Lap","1.472","85","BMW","M3","D.Red","2004","East Windsor","CT","Munich Motorsports","foadrazavi@yahoo.com"
"13","4","311","Frank Millan","GTS3","58.027","29","1 Lap","0.073","80","BMW","M3","D.Blue","2006","Dix Hills","NY","","fmillan0113@gmail.com"
"14","1","16G","Roland Veit","Super Unlimited","57.586","29","1 Lap","16.625","100","Ferrari","458 Challenge","Red/Silver","2011","White Plains","NY","","rolaveit@gmail.com"
"15","3","38","Doug Winston","Super Touring 2","58.045","29","1 Lap","23.602","85","Chevrolet","Corvette Z06","Yellow","2002","Elmsford","NY","D&M Electrical Contracting","doug@dmelectrical.com"
"16","5","90","Rob Jackowitz","GTS3","59.903","29","1 Lap","4.944","75","BMW","M3","White/Black","1999","Irvington","NY","VAC Motorsports","rjme@msn.com"
"17","6","556","Matthew Kingsley","GTS3","59.283","28","2 Laps","1 Lap","70","BMW","M3","Black","2004","Loudonville","NY","556 Motorsports","info@nyshis.com"
"18","1","24","AJ Hartman","American Iron","58.720","28","2 Laps","0.927","100","Ford","Mustang GT","Black","1999","Millville","NJ","AJ Hartman Racing","aj@ajhartmanracing.com"
"19","1","530","Michael Sousa","GTS2","59.166","28","2 Laps","3.346","100","BMW","M3","Red/Black/White","1997","Coventry","CT","CIP Motorsports","rokkitman1@gmail.com"
"20","2","336","Dan Harnick","GTS2","1:00.128","28","2 Laps","4.017","90","BMW","M3","Black","1998","New York","NY","","dharnick@gmail.com"
"21","3","121","Douglas Horton","GTS2","59.552","28","2 Laps","1.288","85","BMW","M3","White","1995","Brooklyn","NY","","doug.bmxdude77@gmail.com"
"22","2","70","Albert Watson","American Iron","59.534","28","2 Laps","12.066","90","Ford","Mustang","D.Red","1989","Whitehouse Station","NJ","Street Motorsports","al_streetmotorsports@hotmail.com"
"23","3","193","Todd Honczarenko","American Iron","59.880","28","2 Laps","0.919","85","Ford","Mustang","Black","1989","Ringwood","NJ","","thonczarenko@yahoo.com"
"24","4","92","John Gatzemeyer","Super Touring 2","1:00.131","28","2 Laps","4.111","80","Chevrolet","Corvette","Red","2001","Piscataway","NJ","Elusive Racing","john_gatzemeyer@colpal.com"
"25","7","25","David Seidman","GTS3","1:01.276","28","2 Laps","25.139","69","BMW","M3","Blue","1995","West Harrison","NY","VAC Motorsports","daseidman@aol.com"
"26","2","94","Jim Granitzki","Super Unlimited","1:00.209","28","2 Laps","7.791","90","VanDieman","Prototype","Blue","1995","Blairstown","NJ","","jsgauto@gmail.com"
"27","1","32","David DeJesus","American Iron Extreme","1:01.230","27","3 Laps","1 Lap","100","Chevrolet","Camaro","White/Red","2014","Massapequa","NY","","dehay@optonline.net"
"28","5","118","Keith Workman","Super Touring 2","1:00.159","27","3 Laps","52.709","75","Chevrolet","Corvette","Yellow/Black","2005","east patchogue","NY","","horsplay@optonline.net"
"29","2","82","John Pattman","American Iron Extreme","1:03.958","26","4 Laps","1 Lap","90","Ford","Mustang","Blue","2008","Midland Park","NJ","Pattman Plumbing Motorsports","jack@pattmanplumbing.com"
"30","8","470","Curt Wickett","GTS3","1:00.266","24","6 Laps","2 Laps","68","BMW","M3","Silver","2002","Shelton","CT","","curt.wickett@gmail.com"
"31","6","95","John Cassano","Super Touring 2","58.764","16","14 Laps","8 Laps","70","Porsche","944T","White/Blue","1986","","","",""
"DNF","DNF","34","Sarth Benoit","American Iron Extreme","1:04.481","5","DNF","11 Laps","45","Ford","Mustang","Silver","2003","North Haven","CT","","sbenoit44@hotmail.com"
"DNF","DNF","122","Brian Sewell","GTS2","1:08.545","3","DNF","2 Laps","43","BMW","M3","Blue","1995","Shelton","CT","","bsewell2338@gmail.com"
