"Pos","PIC","No.","Name","Class","Best Tm","Laps","Diff","Gap","Points","Make","Model","Color","Year","City","State","Sponsor","Email"
"1","1","77G","Jesse Clark","Spec E46","1:31.187","16","","","100","BMW","330ci","Blue","2001","Richmond","VA","","jclark86@gmail.com"
"2","2","29","Richard Bocanegra","Spec E46","1:31.376","16","3.020","3.020","90","BMW","330i","Silver/Red","2001","Bergenfield","NJ","Rogue Engineering","richjr@wymbs.com"
"3","3","58","Chris Sullivan","Spec E46","1:31.848","16","11.741","8.721","85","BMW","330ci","Orange/Black","2001","Milford","MA","","csullivanracing38@hotmail.com"
"4","4","750","David Ameen","Spec E46","1:34.220","16","48.807","37.066","80","BMW","330","Blue","2002","Elkton","MD","","davidjameen@gmail.com"
"5","1","738","Jose Suero","Honda Chal 1","1:29.940","16","50.628","1.821","50","Honda","S2000","Red","2005","Elmsford","NY","","josesuero16@gmail.com"
"6","1","60","Kurt Washeim","Super Touring 5","1:33.806","16","51.241","0.613","100","Mini","R-58 Coupe","D.Gray/Red","2012","Lake Hopatcong","NJ","Heinlein Racing Development","cadmad@optonline.net"
"7","2","211","Thai Diep","Super Touring 5","1:34.850","16","57.845","6.604","90","Mazda","RX-8","Red","2006","Carlisle","PA","Motorsports Performance Group","thaidiep@gmail.com"
"8","1","27","Devin Gregory","Spec Miata","1:37.252","16","1:14.319","16.474","100","Mazda","Miata","Red","1991","Redding","CT","EFI Logics","dpgregory@gregory-builders.com"
"9","2","767","Will Lambros","Spec Miata","1:37.194","16","1:14.490","0.171","90","Mazda","Miata","Silver","1999","Montauk","NY","WilliamDeanPlatinum/Precimet/SkipBarber","williamlambros2003@gmail.com"
"10","1","517","Zephyr Belski","Honda Chal 2","1:35.131","16","1:16.024","1.534","100","Acura","Integra","L.Blue/Black","1994","Middlesex","NJ","#blueteam","zbelski@gmail.com"
"11","3","313","Jim Tramontano","Spec Miata","1:36.951","16","1:18.226","2.202","85","Mazda","Miata","White","1996","Lambertville","NJ","Infamous Jim's Auto Art","jimtramontano@gmail.com"
"12","1","44G","Lev Uretsky","Spec MX-5","1:37.640","16","1:28.191","9.965","50","Mazda","MX-5","White","2013","Brooklyn","NY","","russian.antique@gmail.com"
"13","1","88","Andrew Zimmerman","SpecE30","1:39.145","16","1:31.097","2.906","100","BMW","325","Gray","1989","","","Drivegear",""
"14","3","122","Brian Sewell","Super Touring 5","1:34.408","16","1:35.576","4.479","85","BMW","M3","Blue","1995","Shelton","CT","","bsewell2338@gmail.com"
"15","4","370","Chris Graham","Spec Miata","1:37.642","16","1:36.260","0.010","80","Mazda","Miata","Green","1994","Fayetteville","NY","","Cgraham278@gmail.com"
"16","2","373","Nathan Bookbinder","Honda Chal 2","1:36.028","16","1:38.149","1.889","90","Acura","Integra","White/Blue/Orange","1996","Middletown","NY","","nbookbinder@gmail.com"
"17","1","944","Christopher Rose","PTE","1:39.925","16","1:39.760","1.611","50","Porsche","944","Purple","1984","Stratford","CT","","jayskyco@yahoo.com"
"18","1","308","Ben Carey","PTD","1:39.257","16","1:39.772","0.012","50","Mazda","Miata","Yellow/Black","1999","Frenchtown","NJ","","benjamin.carey@hotmail.com"
"19","5","194","Jeffrey Lombardo","Spec Miata","1:40.516","15","1 Lap","1 Lap","75","Mazda","Miata","Red/Black","1992","Roxbury","CT","","jeffrey.lombardo@gmail.com"
"20","3","46","Michael Fries","Honda Chal 2","1:35.870","15","1 Lap","45.883","85","Honda","S2000","Yellow","2008","Westernville","NY","Lifted","mfries@twcny.rr.com"
"21","6","18","Benjamin Miller","Spec Miata","1:37.079","15","1 Lap","7.266","70","Mazda","Miata","Red","1991","Midland Park","NJ","EFI Logics","benm@milleraa.com"
"22","4","219","Lenny Hong","Honda Chal 2","1:35.200","15","1 Lap","3.579","80","Acura","Integra","Red/Black","1997","Santa Monica","CA","#redteam","lennyhong@gmail.com"
"23","7","14","David Deerson","Spec Miata","1:37.329","16","1:36.250","0.674","69","Mazda","Miata","White","2002","South River","NJ","","daviddeerson@yahoo.com"
"24","2","141","Ed Cangialosi","SpecE30","1:40.874","15","1 Lap","19.438","90","BMW","325","Black","1987","White Plains","NY","Reparto Corse","edcangialosi@gmail.com"
"25","3","153","Sam Jadczak","SpecE30","1:40.772","15","1 Lap","1.830","85","BMW","325i","Bronze/D.Red","1989","Horsham","PA","PJ Auto Repair","samjadczak@yahoo.com"
"26","1","358","Kenneth Martinez","Honda Chal 4","1:38.224","15","1 Lap","2.227","100","Acura","Integra","White","1996","Plainfield","NJ","","kennethmartinez35@yahoo.com"
"27","4","86","Scott Smith","SpecE30","1:40.932","15","1 Lap","0.411","80","BMW","325","Yellow/Red/Black","1986","Chester","CT","","scott.w.smith@pfizer.com"
"28","5","466","Christian Sandmann","SpecE30","1:39.870","15","1 Lap","1.795","75","BMW","325is","White","1989","Wayne","NJ","MSC Gross B�lten e.V. im ADAC","csandmann@mac.com"
"29","5","9","Anthony Robison","Honda Chal 2","1:38.433","15","1 Lap","0.934","75","Honda","Civic","White","1992","Bensalem","PA","","tony@fortrob.com"
"30","6","722","Evan Luce","SpecE30","1:40.565","15","1 Lap","0.977","70","BMW","325i","Blue","1987","Langhorn","PA","Condor Speed Shop / VAC Motorsports","evanrluce@gmail.com"
"31","7","520","Larry Marks","SpecE30","1:41.118","15","1 Lap","0.234","69","BMW","325i","Green","1987","South Windsor","CT","","nomowhal@gmail.com"
"32","8","762","Matthew Herd","SpecE30","1:38.630","15","1 Lap","9.517","68","BMW","325i","White","1989","","","",""
"33","2","49","Kallie Kanakos","Honda Chal 4","1:42.459","14","2 Laps","1 Lap","90","Acura","Integra","Gray","1999","Valley stream","NY","","k.kanakos@aol.com"
"34","5","64","Edward Phillips","Spec E46","1:31.995","14","2 Laps","1:00.437","75","BMW","330ci","White","2003","Mt. Kisco","NY","","ephillips@kblaw.com"
"35","9","36","Robert Casella","SpecE30","1:36.771","12","4 Laps","2 Laps","67","BMW","325is","Black","1990","Pompton Plains","NJ","Axle Casella","rcasella18@aol.com"
"36","3","139","Dillon Brennan","Honda Chal 4","1:39.144","11","5 Laps","1 Lap","85","Honda","Civic","Red","1993","Trevose","PA","Babie Deebus Racing","10dsbrennan@gmail.com"
"37","6","7","Jan Wang","Honda Chal 2","1:35.239","10","6 Laps","1 Lap","70","Honda","Civic","Red","1992","Tenafly","NJ","#redteam","JanWang74@aol.com"
"38","10","20","James Mertz","SpecE30","1:37.414","8","8 Laps","2 Laps","66","BMW","E30","Red","1991","Saylorsburg","PA","StoogeMoe Racing","goldie83@ptd.net"
"DNF","DNF","89","Leo Massarani","SpecE30","2:01.890","1","DNF","7 Laps","33","BMW","325i","Red","1989","","","Drivegear",""
"DNF","DNF","66","Gary Alpert","Super Touring 5","","1","DNF","","43","BMW","M3","Blue","1998","Boalsburg","PA","","Garyalpusa@gmail.com"
"DQ","DQ","71","Ray Prato","SpecE30","1:37.489","16","DQ","","0","BMW","325is","Silver","1989","Ringwood","NJ","","raypratojr@gmail.com"
"DQ","DQ","6126","Damien Price","Honda Chal 4","1:37.815","15","DQ","","0","Honda","Civic","Silver","1997","Belleville","NJ","Hollow Tree Candle Co.","afterdarkmotorsports@gmail.com"
