"Pos","PIC","No.","Name","Class","Best Tm","Laps","Diff","Gap","Points","Make","Model","Color","Year","City","State","Sponsor","Email"
"1","1","800","Robert Thorne","GTS4","1:24.382","18","","","100","BMW","M3","Black","1995","Newtown","PA","","rthorne@robert-thorneracing.com"
"2","1","714","Aaron Turek","GTS3","1:26.036","18","1:12.911","1:12.911","100","BMW","M3","Green/Black/White","1997","East Windsor","CT","Munich Motorsports","munichaaron@gmail.com"
"3","2","330","Eric Magnussen","GTS3","1:27.189","18","1:21.615","8.704","90","BMW","M3","Yellow","2001","Exton","PA","Pocono Autowerks","epm5019@gmail.com"
"4","2","914","Jack Haberman","GTS4","1:27.533","17","1 Lap","1 Lap","90","BMW","M3","Orange/Black","2003","Chatham","NJ","Modern Auto Body | VAC Motorsports","jack.b.haberman@gmail.com"
"5","1","530","Michael Sousa","GTS2","1:29.638","17","1 Lap","6.728","100","BMW","M3","Red/Black/White","1997","Coventry","CT","CIP Motorsports","rokkitman1@gmail.com"
"6","2","62G","Matthew Wasilewski","GTS2","1:28.752","17","1 Lap","3.585","90","BMW","","White/Black","1993","Alexandria","VA","Ron Lewis Automotive","matthew.e.wasilewski@gmail.com"
"7","3","336","Dan Harnick","GTS2","1:30.343","17","1 Lap","21.503","85","BMW","M3","Black","1998","New York","NY","","dharnick@gmail.com"
"8","4","121","Douglas Horton","GTS2","1:31.146","17","1 Lap","0.741","80","BMW","M3","White","1995","Brooklyn","NY","","doug.bmxdude77@gmail.com"
"9","1","24G","Steve Minghenelli","Super Unlimited","1:25.821","17","1 Lap","5.156","100","Ford","Fusion NASCAR","Blue/Silver","2009","","","",""
"10","1","491","David Moore","Super Touring 1","1:24.138","17","1 Lap","5.608","100","Dodge","Viper","Red","2005","Bridgewater","NJ","Complete Performance Motorsports","df.screw@verizon.net"
"11","3","90","Rob Jackowitz","GTS3","1:30.975","17","1 Lap","16.085","85","BMW","M3","White/Black","1999","Irvington","NY","VAC Motorsports","rjme@msn.com"
"12","1","24","AJ Hartman","American Iron Extreme","1:27.567","17","1 Lap","12.540","100","Ford","Mustang GT","Carbon","1999","Millville","NJ","AJ Hartman Racing","aj@ajhartmanracing.com"
"13","4","470","Curt Wickett","GTS3","1:30.099","16","2 Laps","1 Lap","80","BMW","M3","Silver","2002","Shelton","CT","","curt.wickett@gmail.com"
"14","1","79","Jake Namer","Super Touring 2","1:29.222","16","2 Laps","11.937","100","Porsche","996 GT3","Blue","2002","Brooklyn","NY","Hamfist Racing","jakenamer@gmail.com"
"15","2","274","Michal Kuna","Super Touring 2","1:27.550","16","2 Laps","0.201","90","BMW","M3","D.Red","2003","Kennebunk","ME","","michalkuna@me.com"
"16","3","38","Doug Winston","Super Touring 2","1:28.996","16","2 Laps","0.100","85","Chevrolet","Corvette Z06","Yellow","2002","Elmsford","NY","D&M Electrical Contracting","doug@dmelectrical.com"
"17","2","70","Albert Watson","American Iron Extreme","1:31.630","16","2 Laps","16.763","90","Ford","Mustang","D.Red","1989","Whitehouse Station","NJ","Street Motorsports","al_streetmotorsports@hotmail.com"
"18","5","31","Vasil Vykhopen","GTS3","1:31.913","16","2 Laps","4.955","75","BMW","M3","White","2002","Manalapan","NJ","Exelegent","vasil@exelegent.com"
"19","6","3G","Marcus Casimir","GTS3","1:34.635","16","2 Laps","8.067","70","BMW","M3","Black","1998","Freehold","NJ","","mal@acelz.com"
"20","3","267","Tony Salloum","GTS4","1:34.086","16","2 Laps","4.249","85","BMW","","Black","1995","","","VAC Motorsports",""
"21","5","824","Vinh Chau","GTS2","1:33.752","16","2 Laps","0.028","75","BMW","M3","Yellow","1995","Philadelphia","PA","","vchau76@gmail.com"
"22","4","118","Keith Workman","Super Touring 2","1:30.250","16","2 Laps","1.690","80","Chevrolet","Corvette","Yellow/Black","2005","east patchogue","NY","","horsplay@optonline.net"
"23","6","12","Anthony Bodine","GTS2","1:37.525","16","2 Laps","3.942","70","BMW","330i","Red","2003","Cranston","RI","","ajbodine2@gmail.com"
"24","7","556","Matthew Kingsley","GTS3","1:33.917","16","2 Laps","29.890","69","BMW","M3","Black","2004","Loudonville","NY","556 Motorsports","info@nyshis.com"
"25","2","94","Jim Granitzki","Super Unlimited","1:34.921","15","3 Laps","1 Lap","90","VanDieman","Prototype","Blue","1995","Blairstown","NJ","","jsgauto@gmail.com"
"26","4","161","Michael Gershanok","GTS4","1:39.220","14","4 Laps","1 Lap","80","BMW","M3","Gray","2002","Scarsdale","NJ","Northeast Motorsports","mgershanok@motorsportsne.com"
"27","8","136","Kazimierz Sperling","GTS3","1:39.591","14","4 Laps","1.883","68","BMW","M3","White","2003","New Hyde Park","NY","","kazsperling@gmail.com"
"28","3","82","John Pattman","American Iron Extreme","1:46.793","14","4 Laps","37.652","85","Ford","Mustang","Blue","2008","Midland Park","NJ","Pattman Plumbing Motorsports","jack@pattmanplumbing.com"
"DNF","DNF","21","David Greenman","Super Touring 1","2:04.192","5","DNF","9 Laps","50","Chevrolet","Corvette Z06","Black","2008","","","","dgreenman@silbertrealestate.com"
"DNF","DNF","346","Mathieu Lussier","GTS4","3:15.723","1","DNF","4 Laps","40","BMW","M3","White Cow","2002","Malvern","PA","","matlussier@comcast.net"
"DNF","DNF","198","Scott Chambers","American Iron Extreme","","","DNF","1 Lap","43","Ford","Mustang Cobra","Black","1998","Millis","MA","","sdcham@msn.com"
"DNS","DNS","92","John Gatzemeyer","Super Touring 2","","","DNS","","0","Chevrolet","Corvette","Red","2001","Piscataway","NJ","Elusive Racing","john_gatzemeyer@colpal.com"
