"Pos","PIC","No.","Name","Class","Best Tm","Laps","Diff","Gap","Points","Make","Model","Color","Year","City","State","Sponsor","Email"
"1","1","77G","Jesse Clark","Spec E46","1:30.842","19","","","100","BMW","330ci","Blue","2001","Richmond","VA","","jclark86@gmail.com"
"2","2","29","Richard Bocanegra","Spec E46","1:31.785","19","18.958","18.958","90","BMW","330i","Silver/Red","2001","Bergenfield","NJ","Rogue Engineering","richjr@wymbs.com"
"3","1","106","Enrik Benazic","Super Touring 4","1:32.010","19","28.058","9.100","50","Honda","Prelude","White","","Brooklyn","NY","All Star Sheet Metal","rickb1@allstarsheetmetal.com"
"4","1","738","Jose Suero","Honda Chal 1","1:28.719","19","31.174","3.116","50","Honda","S2000","Red","2005","Elmsford","NY","","josesuero16@gmail.com"
"5","1","211","Thai Diep","Super Touring 5","1:33.790","19","1:03.745","32.571","100","Mazda","RX-8","Red","2006","Carlisle","PA","Motorsports Performance Group","thaidiep@gmail.com"
"6","1","517","Zephyr Belski","Honda Chal 2","1:34.217","19","1:33.646","29.901","100","Acura","Integra","L.Blue/Black","1994","Middlesex","NJ","#blueteam","zbelski@gmail.com"
"7","2","46","Michael Fries","Honda Chal 2","1:34.169","19","1:34.228","0.582","90","Honda","S2000","Yellow","2008","Westernville","NY","Lifted","mfries@twcny.rr.com"
"8","1","27","Devin Gregory","Spec Miata","1:35.855","18","1 Lap","1 Lap","100","Mazda","Miata","Red","1991","Redding","CT","EFI Logics","dpgregory@gregory-builders.com"
"9","2","18","Benjamin Miller","Spec Miata","1:35.756","18","1 Lap","0.090","90","Mazda","Miata","Red","1991","Midland Park","NJ","EFI Logics","benm@milleraa.com"
"10","2","60","Kurt Washeim","Super Touring 5","1:33.930","18","1 Lap","1.593","90","Mini","R-58 Coupe","D.Gray/Red","2012","Lake Hopatcong","NJ","Heinlein Racing Development","cadmad@optonline.net"
"11","1","36","Robert Casella","SpecE30","1:35.535","18","1 Lap","4.671","100","BMW","325is","Black","1990","Pompton Plains","NJ","Axle Casella","rcasella18@aol.com"
"12","3","415","Michael Smith","Spec Miata","1:36.374","18","1 Lap","0.470","85","Mazda","Miata","Blue","2003","Clay","NY","Spec13 Motorsports","mbsmit05@gmail.com"
"13","4","767","Will Lambros","Spec Miata","1:36.586","18","1 Lap","1.573","80","Mazda","Miata","Silver","1999","Montauk","NY","WilliamDeanPlatinum/Precimet/SkipBarber","williamlambros2003@gmail.com"
"14","1","44G","Lev Uretsky","Spec MX-5","1:36.933","18","1 Lap","4.515","50","Mazda","MX-5","White","2013","Brooklyn","NY","","russian.antique@gmail.com"
"15","3","373","Nathan Bookbinder","Honda Chal 2","1:35.318","18","1 Lap","1.806","85","Acura","Integra","White/Blue/Orange","1996","Middletown","NY","","nbookbinder@gmail.com"
"16","2","71","Ray Prato","SpecE30","1:35.993","18","1 Lap","2.170","90","BMW","325is","Silver","1989","Ringwood","NJ","","raypratojr@gmail.com"
"17","5","370","Chris Graham","Spec Miata","1:36.766","18","1 Lap","5.115","75","Mazda","Miata","Green","1994","Fayetteville","NY","","Cgraham278@gmail.com"
"18","1","308","Ben Carey","PTD","1:37.466","18","1 Lap","5.410","50","Mazda","Miata","Yellow/Black","1999","Frenchtown","NJ","","benjamin.carey@hotmail.com"
"19","1","139","Dillon Brennan","Honda Chal 4","1:37.281","18","1 Lap","16.847","100","Honda","Civic","Red","1993","Trevose","PA","Babie Deebus Racing","10dsbrennan@gmail.com"
"20","2","358","Kenneth Martinez","Honda Chal 4","1:37.163","18","1 Lap","5.977","90","Acura","Integra","White","1996","Plainfield","NJ","","kennethmartinez35@yahoo.com"
"21","3","6126","Damien Price","Honda Chal 4","1:36.997","18","1 Lap","0.801","85","Honda","Civic","Silver","1997","Belleville","NJ","Hollow Tree Candle Co.","afterdarkmotorsports@gmail.com"
"22","3","762","Matthew Herd","SpecE30","1:38.372","18","1 Lap","6.997","85","BMW","325i","White","1989","","","",""
"23","4","86","Scott Smith","SpecE30","1:39.255","18","1 Lap","31.745","80","BMW","325","Yellow/Red/Black","1986","Chester","CT","","scott.w.smith@pfizer.com"
"24","5","153","Sam Jadczak","SpecE30","1:39.857","18","1 Lap","0.799","75","BMW","325i","Bronze/D.Red","1989","Horsham","PA","PJ Auto Repair","samjadczak@yahoo.com"
"25","6","194","Jeffrey Lombardo","Spec Miata","1:40.564","17","2 Laps","1 Lap","70","Mazda","Miata","Red/Black","1992","Roxbury","CT","","jeffrey.lombardo@gmail.com"
"26","1","944","Christopher Rose","PTE","1:41.213","17","2 Laps","0.719","50","Porsche","944","Purple","1984","Stratford","CT","","jayskyco@yahoo.com"
"27","6","520","Larry Marks","SpecE30","1:41.489","17","2 Laps","23.759","70","BMW","325i","Green","1987","South Windsor","CT","","nomowhal@gmail.com"
"28","4","49","Kallie Kanakos","Honda Chal 4","1:41.865","17","2 Laps","17.456","80","Acura","Integra","Gray","1999","Valley stream","NY","","k.kanakos@aol.com"
"29","7","96","Peter Raymond","SpecE30","","17","","","69","BMW","318is","White","1991","Clarks Summit","PA","","ptrskycam@yahoo.com"
"DNF","DNF","20","James Mertz","SpecE30","1:35.922","7","DNF","","35","BMW","E30","Red","1991","Saylorsburg","PA","StoogeMoe Racing","goldie83@ptd.net"
"DNF","DNF","66","Gary Alpert","Super Touring 5","1:37.437","7","DNF","21.469","45","BMW","M3","Blue","1998","Boalsburg","PA","","Garyalpusa@gmail.com"
