"Pos","PIC","No.","Name","Class","Best Tm","Laps","Diff","Gap","Points","Make","Model","Color","Year","City","State","Sponsor","Email"
"1","1","800","Robert Thorne","GTS4","1:23.599","17","","","100","BMW","M3","Black","1995","Newtown","PA","","rthorne@robert-thorneracing.com"
"2","2","914","Jack Haberman","GTS4","1:24.742","17","8.013","8.013","90","BMW","M3","Orange/Black","2003","Chatham","NJ","Modern Auto Body | VAC Motorsports","jack.b.haberman@gmail.com"
"3","1","330","Eric Magnussen","GTS3","1:25.954","17","34.474","26.461","100","BMW","M3","Yellow","2001","Exton","PA","Pocono Autowerks","epm5019@gmail.com"
"4","2","714","Aaron Turek","GTS3","1:25.972","17","34.719","0.245","90","BMW","M3","Green/Black/White","1997","East Windsor","CT","Munich Motorsports","munichaaron@gmail.com"
"5","1","62G","Matthew Wasilewski","GTS2","1:28.017","17","1:05.237","30.518","100","BMW","","White/Black","1993","Alexandria","VA","Ron Lewis Automotive","matthew.e.wasilewski@gmail.com"
"6","3","31","Vasil Vykhopen","GTS3","1:28.214","17","1:08.548","3.311","85","BMW","M3","White","2002","Manalapan","NJ","Exelegent","vasil@exelegent.com"
"7","2","530","Michael Sousa","GTS2","1:27.888","17","1:12.581","4.033","90","BMW","M3","Red/Black/White","1997","Coventry","CT","CIP Motorsports","rokkitman1@gmail.com"
"8","1","24G","Steve Minghenelli","Super Unlimited","1:24.553","17","1:12.600","0.019","100","Ford","Fusion NASCAR","Blue/Silver","2009","","","",""
"9","1","491","David Moore","Super Touring 1","1:24.192","17","2:23.573","1:10.973","100","Dodge","Viper","Red","2005","Bridgewater","NJ","Complete Performance Motorsports","df.screw@verizon.net"
"10","4","90","Rob Jackowitz","GTS3","1:29.695","16","1 Lap","1 Lap","80","BMW","M3","White/Black","1999","Irvington","NY","VAC Motorsports","rjme@msn.com"
"11","3","121","Douglas Horton","GTS2","1:29.513","16","1 Lap","6.937","85","BMW","M3","White","1995","Brooklyn","NY","","doug.bmxdude77@gmail.com"
"12","3","161","Michael Gershanok","GTS4","1:28.647","16","1 Lap","0.042","85","BMW","M3","Gray","2002","Scarsdale","NJ","Northeast Motorsports","mgershanok@motorsportsne.com"
"13","4","346","Mathieu Lussier","GTS4","1:29.262","16","1 Lap","0.606","80","BMW","M3","White Cow","2002","Malvern","PA","","matlussier@comcast.net"
"14","4","336","Dan Harnick","GTS2","1:29.615","16","1 Lap","5.290","80","BMW","M3","Black","1998","New York","NY","","dharnick@gmail.com"
"15","5","556","Matthew Kingsley","GTS3","1:29.824","16","1 Lap","2.103","75","BMW","M3","Black","2004","Loudonville","NY","556 Motorsports","info@nyshis.com"
"16","1","38","Doug Winston","Super Touring 2","1:26.880","16","1 Lap","15.161","100","Chevrolet","Corvette Z06","Yellow","2002","Elmsford","NY","D&M Electrical Contracting","doug@dmelectrical.com"
"17","2","274","Michal Kuna","Super Touring 2","1:26.701","16","1 Lap","0.675","90","BMW","M3","D.Red","2003","Kennebunk","ME","","michalkuna@me.com"
"18","5","824","Vinh Chau","GTS2","1:31.270","16","1 Lap","10.908","75","BMW","M3","Yellow","1995","Philadelphia","PA","","vchau76@gmail.com"
"19","3","118","Keith Workman","Super Touring 2","1:28.681","16","1 Lap","3.438","85","Chevrolet","Corvette","Yellow/Black","2005","east patchogue","NY","","horsplay@optonline.net"
"20","4","79","Jake Namer","Super Touring 2","1:27.642","16","1 Lap","2.090","80","Porsche","996 GT3","Blue","2002","Brooklyn","NY","Hamfist Racing","jakenamer@gmail.com"
"21","6","12","Anthony Bodine","GTS2","1:31.835","16","1 Lap","2.763","70","BMW","330i","Red","2003","Cranston","RI","","ajbodine2@gmail.com"
"22","1","24","AJ Hartman","American Iron Extreme","1:26.052","16","1 Lap","0.045","100","Ford","Mustang GT","Carbon","1999","Millville","NJ","AJ Hartman Racing","aj@ajhartmanracing.com"
"23","5","267","Tony Salloum","GTS4","1:31.879","16","1 Lap","1.838","75","BMW","","Black","1995","","","VAC Motorsports",""
"24","7","39","Mike Miller","GTS2","1:31.460","16","1 Lap","0.501","69","BMW","M3","Yellow/Black/White","1992","Woodbridge","CT","","mike@millersoftwareservices.com"
"25","2","70","Albert Watson","American Iron Extreme","1:29.725","16","1 Lap","20.465","90","Ford","Mustang","D.Red","1989","Whitehouse Station","NJ","Street Motorsports","al_streetmotorsports@hotmail.com"
"26","3","188","J. Michael Stillwagon","American Iron Extreme","1:30.819","16","1 Lap","2.635","85","Ford","FR500S","White/Red","2008","East Northport","NY","","still500kr@aol.com"
"27","5","92","John Gatzemeyer","Super Touring 2","1:30.232","16","1 Lap","3.331","75","Chevrolet","Corvette","Red","2001","Piscataway","NJ","Elusive Racing","john_gatzemeyer@colpal.com"
"28","8","119","Mark Santerian","GTS2","1:35.423","16","1 Lap","39.882","68","BMW","3 Series","White","1994","Glennmills","PA","","msanterian01@gmail.com"
"29","2","62","Wayne Patterson","Super Unlimited","1:30.267","15","2 Laps","1 Lap","90","Factory Five","Challenge","Blue","2006","Yardley","PA","","wayne@wwoc33.com"
"30","3","94","Jim Granitzki","Super Unlimited","1:31.910","15","2 Laps","29.337","85","VanDieman","Prototype","Blue","1995","Blairstown","NJ","","jsgauto@gmail.com"
"31","4","82","Kyle Pattman","American Iron Extreme","1:34.120","15","2 Laps","10.396","80","Ford","Mustang","Blue","2008","Midland Park","NJ","Pattman Plumbing Motorsports","jack@pattmanplumbing.com"
"32","6","3G","Marcus Casimir","GTS3","1:33.603","15","2 Laps","0.460","70","BMW","M3","Black","1998","Freehold","NJ","","mal@acelz.com"
"33","5","34","Sarth Benoit","American Iron Extreme","1:34.431","15","2 Laps","16.184","75","Ford","Mustang","Silver","2003","North Haven","CT","","sbenoit44@hotmail.com"
"34","2","21","David Greenman","Super Touring 1","1:32.137","14","3 Laps","1 Lap","90","Chevrolet","Corvette Z06","Black","2008","","","","dgreenman@silbertrealestate.com"
"35","6","198","Scott Chambers","American Iron Extreme","1:33.812","14","3 Laps","53.551","70","Ford","Mustang Cobra","Black","1998","Millis","MA","","sdcham@msn.com"
"36","7","470","Curt Wickett","GTS3","1:29.786","9","8 Laps","5 Laps","69","BMW","M3","Silver","2002","Shelton","CT","","curt.wickett@gmail.com"
"DNF","DNF","79","Jake Namer","Super Touring 2","","","DNF","","38","Mazda","RX-7","Gray Multi","2005","Brooklyn","NY","Hamfist Racing",""
