"Pos","PIC","No.","Name","Class","Best Tm","Laps","Diff","Gap","Points","Make","Model","Color","Year","City","State","Sponsor","Email"
"1","1","66","Michael Cohen","Super Unlimited","53.172","23","","","100","PONTIAC","GRAND PRIX","BLUE","2008","Staten Island","NY","","mrcohen@henegan.com"
"2","2","16","Thomas Statnick","Super Unlimited","53.552","23","5.991","5.991","90","Dodge","Charger","Blue","2007","New York","NY","","trs@itfais.com"
"3","3","49","David Moore","Super Unlimited","56.083","23","31.757","25.766","85","Dodge","Viper Comp Coupe Chassie #49","Red","2005","Bridgewater","NJ","","df.screw@verizon.net"
"4","1","42","Anthony DeLuca","Super Touring 2","57.032","22","1 Lap","1 Lap","100","mitsubishi","EVO-9-mr","grey","2006","Redding","CT","","Tonyevo@optonline.net"
"5","2","27","Devon Gregory","Super Touring 2","57.121","22","1 Lap","4.480","90","Subaru","STi","Silver","2005","","CT","EFI Logics",""
"6","1","101","Michael Yaskin","GTS3","58.045","22","1 Lap","2.070","100","bmw","m3","black","1995","king of prussia","PA","","bavspec@aol.com"
"7","1","211","Kurt Hissong","GTS5","57.021","22","1 Lap","7.919","50","BMW","M3","black","1999","Kennebunk","ME","","khissong@hissongdevelopment.com"
"8","3","06","Richard Wilson","Super Touring 2","57.820","22","1 Lap","18.401","85","Chevrolet","Corvette","Orange and White","1992","Hilton","NY","","rnw@empireprecision.com"
"9","1","28","Brett Sandberg","Honda Chal 1","1:01.472","21","2 Laps","1 Lap","100","Acura","Integra","white","1998","Allendale","NJ","","sandberg1@aol.com"
"10","2","64","Edward Phillips","GTS3","1:01.684","21","2 Laps","1.740","90","BMW","M3","black","1990","Mount Kisco","NY","","ephillips@kblaw.com"
"11","3","333","John Dunn","GTS3","54.689","21","2 Laps","3.645","85","bmw","e36","white","1995","woodcliff Lake","NJ","","dunncpt@aol.com"
"12","2","23","Michael Fries","Honda Chal 1","1:02.072","21","2 Laps","3.876","90","Honda","S2000","Yellow","2002","Westernville","NY","","mfries@twcny.rr.com"
"13","1","061","Michael Gershanok","GTS4","59.388","18","5 Laps","3 Laps","50","BMW","M3","blue","1999","Closter","NJ","","mgershanok@motorsportsne.com"
"14","4","149","Kevin Burns","Super Unlimited","55.192","14","9 Laps","4 Laps","80","Shannon","ProSport","orange white blue","1994","Hauppauge","Long Island","","kcburmec@aol.com"