"Pos","PIC","No.","Name","Class","Overall BestTm","Appeared","Diff","Gap","Points","Make","Model","Year","Color","City","State","Sponsor","Email"
1,1,"96x","Ray K","Instructor","01:40.6",2,,,0,"Nissan","Sentra",,"Grey",,,,
3,2,"7x","Chris Allen","Instructor","01:42.2",2,1.628,0.351,0,"Honda","Qualude",,"Blue",,,,
5,4,73,"Bryant Henson","Instructor","01:43.5",2,2.926,0.961,0,"BMW","M Coupe",2000,"Red","Nutley","NJ",,"kimjoon@hotmail.com"
6,5,801,"Stephanie C","Instructor","01:46.0",1,5.451,2.525,0,"Acura","Integra GSR",1994,"White","Morris Plains","NJ",,"sleepiestprincess@yahoo.com"
7,6,416,"Christopher Chang","Instructor","01:46.4",1,5.85,0.399,0,"Honda","Civic",1994,"Green","Morris Plains","NJ",,"mistersleepy@aol.com"
8,1,131,"Peter Swarts","Honda Chal 2","01:55.9",1,15.287,9.437,0,"Honda","Prelude",1997,"Black","Bristol","CT",,"pete@preludecomputing.com"
9,1,14,"Steve Miagheaelli","Super Unlimited",,1,,,0,,,,,,,,
