Pos,PIC,No.,Name,Class,Best Tm,Laps,Diff,Gap,Points,Make,Model,Color,Year,City,State,Sponsor,Email
1,1,16,Thomas Statnick,Super Unlimited,01:25.5,16,,,100,Dodge,Charger,Blue,2007,New York,NY,,trs@itfais.com
2,1,27,Devon Gregory,Super Touring 2,01:32.1,16,01:06.4,01:06.4,100,Subaru,STi,Silver,2005,,CT,EFI Logics,
3,2,42,Anthony DeLuca,Super Touring 2,01:32.4,16,01:11.8,5.406,90,mitsubishi,EVO-9-mr,grey,2006,Redding,CT,,Tonyevo@optonline.net
4,3,777,Agemiro de Paula,Super Touring 2,01:32.6,15,1 Lap,1 Lap,85,Subaru,WRX STI,Black,2004,Whitestone,NY,,apjr1@verizon.net
5,1,43,Demetrios Mirissis,GTS4,01:34.1,15,1 Lap,6.875,100,Porsche,914-6,White / Orange,1973,Huntington Station,NY,,dm930@verizon.net
6,4,6,Richard Wilson,Super Touring 2,01:34.6,15,1 Lap,2.817,80,Chevrolet,Corvette,Orange and White,1992,Hilton,NY,,rnw@empireprecision.com
7,1,400,Lee Palmiter,GTSU,01:34.0,15,1 Lap,8.161,50,Porsche,944 Turbo,Silver,2008,North Caldwell,NJ,,palmiter@m3d.com
8,1,12,Grzegorz Sobolewski,GTS3,01:37.1,15,1 Lap,28.119,100,BMW,M3,Black,2008,,,,
9,1,113,Steve Katz,944 SuperCup,01:36.3,15,1 Lap,8.363,100,Porsche,944 turbo,red,1987,Bardonia,NY,,steve@katzinsurance.com
10,1,28,Brett Sandberg,Honda Chal 1,01:36.6,15,1 Lap,9.373,100,Acura,Integra,white,1998,Allendale,NJ,,sandberg1@aol.com
11,2,9,Stephan Laputka,944 SuperCup,01:37.3,15,1 Lap,9.943,90,PORSCHE,944 TURBO,Red/White,1989,,,,
12,2,14,Steve Miagheaelli,Super Unlimited,01:28.5,14,2 Laps,1 Lap,90,,,,,,,,
13,1,19,James Hovey,Honda Chal 2,01:40.0,14,2 Laps,03:09.7,100,Honda,Civic Si,Red,1999,Franklin Lakes,NJ,,jhovey@verizon.net
14,3,432,Jim Clemens,944 SuperCup,01:40.2,14,2 Laps,10.513,85,Porsche,968,Black,1995,New York,NY,,clem@alum.mit.edu
15,2,516,Spencer Anderson,Honda Chal 2,01:41.0,14,2 Laps,9.388,90,honda,civic,white,1990,freeport,NY,,noriceef@aol.com
16,2,23,Michael Fries,Honda Chal 1,01:39.6,14,2 Laps,8.217,90,Honda,S2000,Yellow,2002,Westernville,NY,,mfries@twcny.rr.com
17,4,86,Norm Mandell,944 SuperCup,01:41.9,14,2 Laps,10.336,80,Porsche,968,White,,,,,
18,2,333,John Dunn,GTS3,01:45.1,14,2 Laps,15.579,90,bmw,e36,white,1995,woodcliff Lake,NJ,,dunncpt@aol.com
19,3,131,Peter Swarts,Honda Chal 2,01:43.3,14,2 Laps,2.768,85,Honda,Prelude,Black,1997,Bristol,CT,,pete@preludecomputing.com
20,4,517,Zephyr Belski,Honda Chal 2,01:43.5,14,2 Laps,3.846,80,Honda,CRX,White,1985,Piscataway,NJ,,zbelski@optonline.net
21,1,22,Steven Bessett,Spec Miata,01:43.7,14,2 Laps,2.249,100,Mazda,Miata,BLUE,1991,chadds ford,PA,,madwrecking@yahoo.com
22,1,51,Martin Okun,944 Cup,01:43.6,14,2 Laps,2.254,100,Porsche,924S,Black,1988,Ledgewood,NJ,,tanporsh@optonline.net
23,2,641,Kenneth Smith,944 Cup,01:37.3,14,2 Laps,0.852,90,Porsche,944,Flat Black,1985,North Haledon,NJ,,nitro5384@yahoo.com
24,2,7,Michael Kane,Spec Miata,01:44.1,14,2 Laps,3.508,90,mazda,miata,blue/silver,1993,wyckoff,NJ,,mike@amsrocks.com
25,3,72,David Mann,944 Cup,01:44.9,14,2 Laps,10.481,85,Porsche,944,Dark Blue,1986,Arlington,VA,,acemktg@jdm3.com
26,2,502,Marco Pires,GTS4,01:35.2,13,3 Laps,1 Lap,90,Porsche,911,Velvet Red,1989,Yonkers,NY,,marcopaulo1010@aol.com
27,4,39,Gary Wielgoszinski,944 Cup,01:44.7,13,3 Laps,02:24.4,80,Porsche,944,Red,1987,Amherst,NH,,fgaryw@aol.com
28,3,37,Eric Gebhardt,Spec Miata,01:45.1,13,3 Laps,3.312,85,mazda,spec miata  SSM,red,1991,wayne,NJ,,ericrealtor@hotmail.com
29,5,48,Jim Beirne,944 Cup,01:45.3,13,3 Laps,27.617,75,Porsche,944,Blue,1987,Clifton,NJ,,jbeirne@optonline.net
30,5,167,Charles h. Dobkin,944 SuperCup,01:49.3,13,3 Laps,58.396,75,Porsche,944 Turbo,Red,1987,,,,
DNF,DNF,44,Dr. Frank Celenza,944 SuperCup,01:40.0,5,DNF,,37,Porsche,944S2,Grey,1989,Demarest,NJ,,fastfranz@aol.com
DNF,DNF,66,Michael Cohen,Super Unlimited,01:25.4,3,DNF,,45,PONTIAC,GRAND PRIX,BLUE,2008,Staten Island,NY,,mrcohen@henegan.com
DNF,DNF,10,Erik Olson,Honda Chal 2,,,DNF,,40,Honda,Civic,Red,1992,,,,
DNS,DNS,138,Lawrence Dumoff,944 Cup,,,DNS,,0,Porsche,944,Red,1984,Kent,CT,,lsdumoff@earthlink.net
