"Pos","PIC","No.","Name","Class","Best Tm","Laps","Diff","Gap","Points","Make","Model","Color","Year","City","State","Sponsor","Email"
"1","1","01","Robert Boucher","Super Unlimited","54.748","24","","","100","Diasio","962R","Red","2006","Coventry","CT","","robertboucher@charter.net"
"2","2","6","Joe Tauro","Super Unlimited","53.948","24","0.480","0.480","90","Radical","SR3","Black and Orange","2007","Brick","NJ","","drnuke1@comcast.net"
"3","1","997","Jason Lane","GTS5","54.341","24","28.629","28.149","100","BMW","M3","White/Blue","","","","",""
"4","1","43","Demetrios Mirissis","GTS4","58.467","23","1 Lap","1 Lap","100","Porsche","914-6","White / Orange","1973","Huntington Station","NY","","dm930@verizon.net"
"5","1","777","Agemiro de Paula","Super Touring 2","58.839","23","1 Lap","2.114","100","Subaru","WRX STI","Black","2004","Whitestone","NY","","apjr1@verizon.net"
"6","2","42","Anthony DeLuca","Super Touring 2","58.987","23","1 Lap","1.645","90","mitsubishi","EVO-9-mr","grey","2006","Redding","CT","","Tonyevo@optonline.net"
"7","2","211","Kurt Hissong","GTS5","59.715","23","1 Lap","24.556","90","BMW","M3","black","1999","Kennebunk","ME","","khissong@hissongdevelopment.com"
"8","2","47","Jason Judd","GTS4","59.513","23","1 Lap","3.994","90","Porsche","968","red","1995","","","","flamthrowr@aol.com"
"9","1","175","Carlos Gomez","GTS3","1:01.101","23","1 Lap","11.122","100","Porsche","Cayman S","White","2006","","","","gomez.carlos2000@gmail.com"
"10","3","502","Marco Pires","GTS4","1:00.235","23","1 Lap","2.265","85","Porsche","911","Velvet Red","1989","Yonkers","NY","","marcopaulo1010@aol.com"
"11","2","62","Steve Kwiat","GTS3","1:00.651","23","1 Lap","1.193","90","Porsche","Boxster S","Black","","","","",""
"12","3","613","Joey G","GTS3","1:00.377","23","1 Lap","9.126","85","Porsche","911","","","","","",""
"13","4","12","Grzegorz Sobolewski","GTS3","1:01.282","23","1 Lap","5.937","80","BMW","M3","Black","2008","","","",""
"14","3","322","Josh Koropchak","Super Touring 2","1:01.228","22","2 Laps","1 Lap","85","Volvo","S60 Challenge","Green/Orange","2001","","","","tjkoropchak11@transy.edu"
"15","4","06","Richard Wilson","Super Touring 2","1:00.645","22","2 Laps","6.542","80","Chevrolet","Corvette","Orange and White","1992","Hilton","NY","","rnw@empireprecision.com"
"16","1","48","John George","Factory Five Challenge","1:01.857","22","2 Laps","2.266","100","Factory Five","Challenge Car","Blue/White Stripes","2005","","","","john.cristian.george@gmail.com"
"17","5","59","Michael Goulde","GTS3","1:02.559","22","2 Laps","10.742","75","BMW","328is","Black","1996","Needham Heights","MA","","mgoulde@gmail.com"
"18","1","33","Ronald Landis","Super Touring 1","1:02.558","22","2 Laps","25.215","50","chev","corvette","yellow","2008","sinking spring","PA","","rslandis@hotmail.com"
"19","2","1","Carl W Thompson III","Factory Five Challenge","1:03.429","22","2 Laps","3.454","90","Factory Five Racing","Cobra","Red with White Stripe","2005","","","","ffrcobra1@verizon.net"
"20","6","333","John Dunn","GTS3","1:04.588","21","3 Laps","1 Lap","70","bmw","e36","white","1995","woodcliff Lake","NJ","","dunncpt@aol.com"
"21","3","62","Wayne Patterson","Factory Five Challenge","1:05.173","21","3 Laps","23.743","85","Factory Five","Challenge Series","Dark Red w/Silver Stripe","2006","","","","wayne@wwoc33.com"
"22","1","09","Roger Jones","PTA","59.554","17","7 Laps","4 Laps","50","ProChallenge race car","Ford Mustang body","yellow","2009","","","","rcjonesjr@cox.net"
"23","4","69","Philip Paisnel","GTS4","1:05.044","12","12 Laps","5 Laps","80","Porsche","Boxster S","Black","2007","","","","philip@paisnel.com"
"DNF","DNF","27","Devon Gregory","Super Touring 2","59.656","3","DNF","","40","Subaru","STi","Silver","2005","","CT","EFI Logics",""
"DNS","DNS","061","Michael Gershanok","GTS4","","","DNS","","0","BMW","M3","blue","1999","Closter","NJ","","mgershanok@motorsportsne.com"
"DNS","DNS","22","Hugh Stewart","GTS3","","","DNS","","0","BMW","","","","","","",""
"DNS","DNS","64","Edward Phillips","GTS3","","","DNS","","0","BMW","M3","black","1990","Mount Kisco","NY","","ephillips@kblaw.com"
