"Pos","PIC","No.","Name","Class","Best Tm","Laps","Diff","Gap","Points","Make","Model","Color","Year","City","State","Sponsor","Email"
"1","1","66","Michael Cohen","Super Unlimited","1:34.135","16","","","100","PONTIAC","GRAND PRIX","BLUE","2008","Staten Island","NY","","mrcohen@henegan.com"
"2","2","16","Thomas Statnick","Super Unlimited","1:34.795","16","17.207","17.207","90","Dodge","Charger","Blue","2007","New York","NY","","trs@itfais.com"
"3","3","01","Robert Boucher","Super Unlimited","1:37.439","16","45.889","28.682","85","Diasio","962R","Red","2006","Coventry","CT","","robertboucher@charter.net"
"4","1","777","Agemiro de Paula","Super Touring 2","1:39.383","16","1:02.412","16.523","100","Subaru","WRX STI","Black","2004","Whitestone","NY","","apjr1@verizon.net"
"5","2","42","Anthony DeLuca","Super Touring 2","1:40.858","16","1:05.850","3.438","90","mitsubishi","EVO-9-mr","grey","2006","Redding","CT","","Tonyevo@optonline.net"
"6","1","400","Lee Palmiter","GTSU","1:40.427","16","1:27.017","21.167","50","Porsche","944 Turbo","Silver","2008","North Caldwell","NJ","","palmiter@m3d.com"
"7","1","502","Marco Pires","GTS4","1:43.802","15","1 Lap","1 Lap","100","Porsche","911","Velvet Red","1989","Yonkers","NY","","marcopaulo1010@aol.com"
"8","3","06","Richard Wilson","Super Touring 2","1:41.995","15","1 Lap","1.726","85","Chevrolet","Corvette","Orange and White","1992","Hilton","NY","","rnw@empireprecision.com"
"9","2","061","Michael Gershanok","GTS4","1:43.131","15","1 Lap","1.426","90","BMW","M3","blue","1999","Closter","NJ","","mgershanok@motorsportsne.com"
"10","1","613","Joey G","GTS3","1:44.593","15","1 Lap","19.840","100","Porsche","911","","","","","",""
"11","2","82","Tom Dymant","GTS3","1:44.115","15","1 Lap","7.501","90","Porsche","911","Black","1995","","","",""
"12","4","36","Ari Straus","Super Touring 2","1:43.062","15","1 Lap","0.368","80","Lotus","211","","2008","","","",""
"13","3","12","Grzegorz Sobolewski","GTS3","1:45.056","15","1 Lap","4.882","85","BMW","M3","Black","2008","","","",""
"14","1","113","Steve Katz","944 SuperCup","1:46.782","15","1 Lap","1:02.228","100","Porsche","944 turbo","red","1987","Bardonia","NY","","steve@katzinsurance.com"
"15","1","28","Brett Sandberg","Honda Chal 1","1:46.481","14","2 Laps","1 Lap","100","Acura","Integra","white","1998","Allendale","NJ","","sandberg1@aol.com"
"16","4","333","John Dunn","GTS3","1:50.581","14","2 Laps","1.532","80","bmw","e36","white","1995","woodcliff Lake","NJ","","dunncpt@aol.com"
"17","2","9","Stephan Laputka","944 SuperCup","1:47.817","14","2 Laps","1.872","90","PORSCHE","944 TURBO","Red/White","1989","","","",""
"18","3","44","Dr. Frank Celenza","944 SuperCup","1:47.715","14","2 Laps","12.674","85","Porsche","944S2","Grey","1989","Demarest","NJ","","fastfranz@aol.com"
"19","4","14","Ralph Tommaso","Super Unlimited","1:50.367","14","2 Laps","0.607","80","Chevy (Busch North Car)","Monte Carlo","Blue/Green","1999","","","",""
"20","2","23","Michael Fries","Honda Chal 1","1:49.462","14","2 Laps","20.142","90","Honda","S2000","Yellow","2002","Westernville","NY","","mfries@twcny.rr.com"
"21","4","432","Jim Clemens","944 SuperCup","1:49.975","14","2 Laps","4.548","80","Porsche","968","Black","1995","New York","NY","","clem@alum.mit.edu"
"22","1","19","James Hovey","Honda Chal 2","1:49.990","14","2 Laps","4.670","100","Honda","Civic Si","Red","1999","Franklin Lakes","NJ","","jhovey@verizon.net"
"23","2","516","Spencer Anderson","Honda Chal 2","1:50.855","14","2 Laps","2.407","90","honda","civic","white","1990","freeport","NY","","noriceef@aol.com"
"24","3","10","Erik Olson","Honda Chal 2","1:49.501","14","2 Laps","6.086","85","Honda","Civic","Red","1992","","","",""
"25","4","517","Zephyr Belski","Honda Chal 2","1:51.868","14","2 Laps","13.443","80","Honda","CRX","White","1985","Piscataway","NJ","","zbelski@optonline.net"
"26","1","99","Sean Curran","SpecE30","1:52.146","14","2 Laps","3.873","50","bmw","325is","red","1989","Clifton","NJ","","wb256@aol.com"
"27","1","641","Kenneth Smith","944 Cup","1:54.526","14","2 Laps","33.007","100","Porsche","944","Flat Black","1985","North Haledon","NJ","","nitro5384@yahoo.com"
"28","1","22","Steven Bessett","Spec Miata","1:54.596","14","2 Laps","3.502","100","Mazda","Miata","BLUE","1991","chadds ford","PA","","madwrecking@yahoo.com"
"29","2","51","Martin Okun","944 Cup","1:55.379","13","3 Laps","1 Lap","90","Porsche","924S","Black","1988","Ledgewood","NJ","","tanporsh@optonline.net"
"30","3","48","Jim Beirne","944 Cup","1:54.520","13","3 Laps","3.537","85","Porsche","944","Blue","1987","Clifton","NJ","","jbeirne@optonline.net"
"31","2","07","Michael Kane","Spec Miata","1:55.300","13","3 Laps","8.530","90","mazda","miata","blue/silver","1993","wyckoff","NJ","","mike@amsrocks.com"
"32","4","39","Gary Wielgoszinski","944 Cup","1:55.649","13","3 Laps","28.867","80","Porsche","944","Red","1987","Amherst","NH","","fgaryw@aol.com"
"33","5","167","Charles h. Dobkin","944 SuperCup","1:58.874","13","3 Laps","20.344","75","Porsche","944 Turbo","Red","1987","","","",""
"34","1","41","James Slechta","PTE","1:57.892","13","3 Laps","28.219","50","Nissan","300Zx","red","1984","Millers","MD","","jpslechta@fidelityengineering.com"
"35","5","138","Lawrence Dumoff","944 Cup","1:54.932","12","4 Laps","1 Lap","75","Porsche","944","Red","1984","Kent","CT","","lsdumoff@earthlink.net"
"36","5","27","Devon Gregory","Super Touring 2","1:39.080","9","7 Laps","3 Laps","75","Subaru","STi","Silver","2005","","CT","EFI Logics",""
"37","1","211","Kurt Hissong","GTS5","1:44.646","1","15 Laps","8 Laps","50","BMW","M3","black","1999","Kennebunk","ME","","khissong@hissongdevelopment.com"
"DNF","DNF","72","David Mann","944 Cup","1:57.414","4","DNF","","0","Porsche","944","Dark Blue","1986","Arlington","VA","","acemktg@jdm3.com"
"DNS","DNS","22","Hugh Stewart","GTS3","","","DNS","","0","BMW","","","","","","",""
