"Pos","PIC","No.","Name","Class","Best Tm","Laps","Diff","Gap","Points","Make","Model","Color","Year","City","State","Sponsor","Email"
"1","1","37","Brian Casella","Honda Chal 2","1:02.418","21","","","100","Acura","Integra","White","","Pompton Plains","NJ","",""
"2","2","516","Spencer Anderson","Honda Chal 2","1:03.094","21","13.126","13.126","90","honda","civic","white","1990","freeport","NY","","noriceef@aol.com"
"3","3","19","James Hovey","Honda Chal 2","1:03.522","21","28.374","15.248","85","Honda","Civic Si","Red","1999","Franklin Lakes","NJ","","jhovey@verizon.net"
"4","4","801","Stephanie Chang","Honda Chal 2","1:03.536","21","32.590","4.216","80","Acura","Integra GSR","White","1994","Morris Plains","NJ","","sleepiestprincess@yahoo.com"
"5","5","131","Peter Swarts","Honda Chal 2","1:03.222","21","33.614","1.024","75","Honda","Prelude","Black","1997","Bristol","CT","","pete@preludecomputing.com"
"6","6","515","Stephanie Peterson","Honda Chal 2","1:04.725","21","52.737","19.123","70","Honda","Civic","White","1984","Piscataway","NJ","","meanbaby013@gmail.com"
"7","7","416","Chris Chang","Honda Chal 2","1:05.287","20","1 Lap","1 Lap","69","Honda","Civic","Green","1994","","","",""
"8","1","51","Martin Okun","944 Cup","1:05.633","20","1 Lap","1.006","100","Porsche","924S","Black","1988","Ledgewood","NJ","","tanporsh@optonline.net"
"9","2","141","Jeremy Jadczak","944 Cup","1:05.669","20","1 Lap","4.912","90","Porsche","944","Army green","1983","Washington","DC","","jjadczak@yahoo.com"
"10","1","232","Matthew Russell","SpecE30","1:04.029","20","1 Lap","1.524","100","BMW","325i","white//black/orange","1987","Flemington","NJ","","matthew.russell@bmwna.com"
"11","2","99","Sean Curran","SpecE30","1:04.100","20","1 Lap","0.690","90","bmw","325is","red","1989","Clifton","NJ","","wb256@aol.com"
"12","1","64","Patrick Page","ESR","1:04.258","20","1 Lap","17.052","100","","","","","","","",""
"13","3","343","Justin Styles","SpecE30","1:04.796","20","1 Lap","1.162","85","BMW","325I","gray","1991","hamilton","NJ","","mxstyles@aol.com"
"14","4","62","Christian McIntyre","SpecE30","1:04.718","20","1 Lap","0.984","80","BMW","325i","White","1990","Danbury","CT","","c_mcintyre@yahoo.com"
"15","2","651","Charlie Greenhaus","ESR","1:04.114","20","1 Lap","1.942","90","","","","","","","",""
"16","3","63","Charlie Turano","ESR","1:04.260","20","1 Lap","0.203","85","","","","","","PA","",""
"17","4","67","Jason Nolan","ESR","1:04.598","20","1 Lap","8.480","80","","","","","","PA","",""
"18","1","37","Eric Gebhardt","Spec Miata","1:05.515","20","1 Lap","6.031","100","mazda","spec miata  SSM","red","1991","wayne","NJ","","ericrealtor@hotmail.com"
"19","2","07","Michael Kane","Spec Miata","1:05.451","20","1 Lap","1.356","90","mazda","miata","blue/silver","1993","wyckoff","NJ","","mike@amsrocks.com"
"20","3","14","Dave Deerson","Spec Miata","1:05.028","20","1 Lap","0.955","85","","","Red","","","NJ","",""
"21","4","99","Tony Senese","Spec Miata","1:05.598","20","1 Lap","1.230","80","mazda","miata","black","1994","shaftsbury","VT","","tonys@nosenseyet.com"
"22","5","12","Vicktor Volpe","Spec Miata","1:05.639","20","1 Lap","10.347","75","Mazda","Miata","White","1991","New Hyde Park","NY","","vicktorvolpe@gmail.com"
"23","6","04","Grzegorz Sobolewski","Spec Miata","1:05.914","19","2 Laps","1 Lap","70","bmw","m3","black","2008","long valley","NJ","","greg@eastcoastrest.com"
"24","1","11","David Fletcher","GTS2","1:02.515","16","5 Laps","3 Laps","50","Audi","A4","silver","1999","Hudson","OH","","fletchd@adelphia.net"
"25","5","105","Raymond Jadczak","SpecE30","1:07.621","14","7 Laps","2 Laps","75","bmw","325i","blue","1989","Horsham","PA","","jadracers@aol.com"
"26","7","37","Jim Bianco Jr","Spec Miata","1:07.591","12","9 Laps","2 Laps","69","Mazda","Miata","White","1990","Newtown Square","PA","","jlb725@gmail.com"
"DNF","DNF","517","Zephyr Belski","Honda Chal 2","1:03.908","7","DNF","","35","Honda","CRX","White","1985","Piscataway","NJ","","zbelski@optonline.net"
"DNS","DNS","22","Steven Bessett","Spec Miata","","","DNS","","0","Mazda","Miata","BLUE","1991","chadds ford","PA","","madwrecking@yahoo.com"
