Pos,PIC,No.,Name,Class,Overall BestTm,Appeared,Diff,Gap,Points,Make,Model,Year,Color,City,State,Sponsor,Email
1,1,73,Joon Kim,Instructor,01:02.3,2,,,0,BMW,M Coupe,2000,Red,Nutley,NJ,,kimjoon@hotmail.com
3,1,64,Entropy Racing,ESR,01:06.0,4,3.631,1.644,0,,,,,,,,
4,2,801,Stephanie C,Instructor,01:06.7,3,4.312,0.681,0,Acura,Integra GSR,1994,White,Morris Plains,NJ,,sleepiestprincess@yahoo.com
8,1,37,Brian Casella,Honda Chal 2,01:08.2,1,5.861,0.854,0,Acura,Integra,,White,Pompton Plains,NJ,,
9,1,517,Zephyr Belski,Group Leader,01:09.2,1,6.896,1.035,0,Honda,CRX,1985,White,Piscataway,NJ,,zbelski@optonline.net
