"Pos","PIC","No.","Name","Class","Best Tm","Laps","Diff","Gap","Points","Make","Model","Color","Year","City","State","Sponsor","Email"
"1","1","6","Joe Tauro","Super Unlimited","53.244","28",,,"50","Radical","SR3","Black and Orange","2007","Brick","NJ",,"drnuke1@comcast.net"
"2","1","997","Jason Lane","GTS5","56.867","28","40.735","40.735","100","BMW","M3","White/Blue",,,,,
"3","2","211","Kurt Hissong","GTS5","58.188","27","1 Lap","1 Lap","90","BMW","M3","black","1999","Kennebunk","ME",,"khissong@hissongdevelopment.com"
"4","1","777","Agemiro de Paula","Super Touring 2","58.954","27","1 Lap","17.811","100","Subaru","WRX STI","Black","2004","Whitestone","NY",,"apjr1@verizon.net"
"5","2","27","Devon Gregory","Super Touring 2","57.969","27","1 Lap","0.274","90","Subaru","STi","Silver","2005",,"CT","EFI Logics",
"6","1","175","Carlos Gomez","GTS3","59.592","27","1 Lap","13.223","100","Porsche","Cayman S","White","2006",,,,"gomez.carlos2000@gmail.com"
"7","2","11","Michael Yaskin","GTS3","59.293","27","1 Lap","3.320","90","bmw","m3","black","1995","king of prussia","PA",,"bavspec@aol.com"
"8","3","000","Al Galossi","GTS3","1:00.219","27","1 Lap","18.361","85","BMW","M3","Blue/Orange",,,,,
"9","1","061","Michael Gershanok","GTS4","59.688","27","1 Lap","29.033","100","BMW","M3","blue","1999","Closter","NJ",,"mgershanok@motorsportsne.com"
"10","4","613","Joey G","GTS3","59.983","26","2 Laps","1 Lap","80","Porsche","911",,,,,,
"11","5","62","Steve Kwiat","GTS3","1:00.498","26","2 Laps","0.847","75","Porsche","Boxster S","Black",,,,,
"12","2","502","Marco Pires","GTS4","59.970","26","2 Laps","0.556","90","Porsche","911","Velvet Red","1989","Yonkers","NY",,"marcopaulo1010@aol.com"
"13","3","47","Jason Judd","GTS4","1:00.387","26","2 Laps","3.454","85","Porsche","968","red","1995",,,,"flamthrowr@aol.com"
"14","1","48","John George","Factory Five Challenge","1:01.395","26","2 Laps","33.320","100","Factory Five","Challenge Car","Blue/White Stripes","2005",,,,"john.cristian.george@gmail.com"
"15","6","64","Edward Phillips","GTS3","1:00.130","26","2 Laps","3.705","70","BMW","M3","black","1990","Mount Kisco","NY",,"ephillips@kblaw.com"
"16","7","22","Hugh Stewart","GTS3","58.775","25","3 Laps","1 Lap","69","BMW",,,,,,,
"17","2","1","Carl W Thompson III","Factory Five Challenge","1:02.539","25","3 Laps","2:03.601","90","Factory Five Racing","Cobra","Red with White Stripe","2005",,,,"ffrcobra1@verizon.net"
"18","1","33","Ronald Landis","Super Touring 1","1:01.113","25","3 Laps","20.390","50","chev","corvette","yellow","2008","sinking spring","PA",,"rslandis@hotmail.com"
"19","3","42","Anthony DeLuca","Super Touring 2","1:00.901","17","11 Laps","8 Laps","85","mitsubishi","EVO-9-mr","grey","2006","Redding","CT",,"Tonyevo@optonline.net"
"DNF","DNF","20","Robert n","GTS3","1:05.209","6","DNF",,"35",,,,,,,,
"DNF","DNF","322","Josh Koropchak","Super Touring 2","1:21.500","2","DNF",,"43","Volvo","S60 Challenge","Green/Orange","2001",,,,"tjkoropchak11@transy.edu"
"DNS","DNS","69","Philip Paisnel","GTS4",,,"DNS",,"0","Porsche","Boxster S","Black","2007",,,,"philip@paisnel.com"
"DNS","DNS","62","Wayne Patterson","Factory Five Challenge",,,"DNS",,"0","Factory Five","Challenge Series","Dark Red w/Silver Stripe","2006",,,,"wayne@wwoc33.com"
