Pos,PIC,No.,Name,Class,Overall BestTm,Appeared,Diff,Gap,Points,Make,Model,Year,Color,City,State,Sponsor,Email
2,1,73,Bryant Henson,Instructor,01:02.2,2,0.676,0.676,0,BMW,M Coupe,2000,Red,Nutley,NJ,,kimjoon@hotmail.com
3,1,235,Martin Britos,GTS3,01:02.3,2,0.763,0.087,0,BMW,M3,,,,,,
4,1,37,Robert Casella,Honda Chal 2,01:05.2,3,3.677,2.914,0,Acura,Integra,,White,Pompton Plains,NJ,,
7,1,651,Charlie Greenhause,ESR,01:06.4,4,4.804,0.045,0,,,,,,,,
9,2,801,Stephanie C,Instructor,01:07.1,2,5.545,0.072,0,Acura,Integra GSR,1994,White,Morris Plains,NJ,,sleepiestprincess@yahoo.com
10,1,37,Jim Bianco Jr,Spec Miata,01:07.5,3,5.933,0.388,0,Mazda,Miata,1990,White,Newtown Square,PA,,jlb725@gmail.com
11,2,416,Chris Chang,Honda Chal 2,01:08.7,1,7.179,1.246,0,Honda,Civic,1994,Green,,,,
