"Pos","PIC","No.","Name","Class","Best Tm","Laps","Diff","Gap","Points","Make","Model","Color","Year","City","State","Sponsor","Email"
"1","1","16","Thomas Statnick","Super Unlimited","53.103","22",,,"100","Dodge","Charger","Blue","2007","New York","NY",,"trs@itfais.com"
"2","2","149","Kevin Burns","Super Unlimited","55.137","22","18.795","18.795","90","Shannon","ProSport","orange white blue","1994","Hauppauge","Long Island",,"kcburmec@aol.com"
"3","3","49","David Moore","Super Unlimited","55.649","22","34.587","15.792","85","Dodge","Viper Comp Coupe Chassie #49","Red","2005","Bridgewater","NJ",,"df.screw@verizon.net"
"4","1","211","Kurt Hissong","GTS5","57.319","22","1:20.026","45.439","50","BMW","M3","black","1999","Kennebunk","ME",,"khissong@hissongdevelopment.com"
"5","1","06","Richard Wilson","Super Touring 2","57.650","21","1 Lap","1 Lap","50","Chevrolet","Corvette","Orange and White","1992","Hilton","NY",,"rnw@empireprecision.com"
"6","1","43","Demetrios Mirissis","GTS4","57.927","21","1 Lap","0.318","50","Porsche","914-6","White / Orange","1973","Huntington Station","NY",,"dm930@verizon.net"
"7","1","101","Michael Yaskin","GTS3","57.863","21","1 Lap","0.906","100","bmw","m3","black","1995","king of prussia","PA",,"bavspec@aol.com"
"8","2","235","Martin Britos","GTS3","59.760","21","1 Lap","25.764","90","BMW","M3",,,,,,
"9","1","28","Brett Sandberg","Honda Chal 1","1:01.151","21","1 Lap","27.398","50","Acura","Integra","white","1998","Allendale","NJ",,"sandberg1@aol.com"
"10","3","333","John Dunn","GTS3","1:02.297","20","2 Laps","1 Lap","85","bmw","e36","white","1995","woodcliff Lake","NJ",,"dunncpt@aol.com"
"11","4","23","Hugh Stewart","GTS3","59.883","17","5 Laps","3 Laps","80","BMW",,,,,,,
