Pos,PIC,No.,Name,Class,Overall BestTm,Appeared,Diff,Gap,Points,Make,Model,Year,Color,City,State,Sponsor,Email
1,1,96,Kyle Dempsey,GTS3,19.738,1,,,0,BMW,M3,1999,Green,,,,
4,1,68,Mario Tinis,,02:03.1,2,01:43.3,0.048,0,VW,,,,,,,
7,2,333,John Dunn,GTS3,02:10.3,1,01:50.5,3.979,0,bmw,e36,1995,white,woodcliff Lake,NJ,,dunncpt@aol.com
8,1,43,Darren Mingis,PTE,02:16.1,1,01:56.4,5.841,0,Acura,Integra,1992,Blue,malvern,PA,,darren@hackandchop.com
9,1,777,Mark Salvesen,Super Touring 2,,1,,,0,Chevy,Corvette,2001,Black,,,,
