"Pos","PIC","No.","Name","Class","Best Tm","Laps","Diff","Gap","Points","Make","Model","Color","Year","City","State","Sponsor","Email"
"1","1","06","Joe Scarallo","Super Touring 1","52.869","27","","","50","Pontiac","GTO","Black","2005","","","",""
"2","1","16","Thomas Statnick","Super Unlimited","52.935","27","33.214","33.214","100","Dodge","Charger","Blue","2007","New York","NY","","trs@itfais.com"
"3","1","27","Devon Gregory","Super Touring 2","56.179","26","1 Lap","1 Lap","100","Subaru","STi","Silver","2005","","CT","EFI Logics",""
"4","2","777","Agemiro de Paula","Super Touring 2","55.998","26","1 Lap","0.958","90","Subaru","WRX STI","Black","2004","Whitestone","NY","","apjr1@verizon.net"
"5","1","43","Demetrios Mirissis","GTS4","58.682","25","2 Laps","1 Lap","100","Porsche","914-6","White / Orange","1973","Huntington Station","NY","","dm930@verizon.net"
"6","3","19","Steve Klein","Super Touring 2","1:00.159","24","3 Laps","1 Lap","85","","","","","","","",""
"7","2","061","Michael Gershanok","GTS4","1:00.215","24","3 Laps","15.816","90","BMW","M3","blue","1999","Closter","NJ","","mgershanok@motorsportsne.com"
"8","1","333","John Dunn","GTS3","1:01.749","24","3 Laps","37.153","0","bmw","e36","white","1995","woodcliff Lake","NJ","","dunncpt@aol.com"
"9","1","131","Peter Swarts","Honda Chal 2","1:02.255","23","4 Laps","1 Lap","100","Honda","Prelude","Black","1997","Bristol","CT","","pete@preludecomputing.com"
"10","2","517","Zephyr Belski","Honda Chal 2","1:03.139","23","4 Laps","14.646","90","Honda","CRX","White","1985","Piscataway","NJ","","zbelski@optonline.net"
"11","1","86","Scott Smith","GTS1","1:03.393","23","4 Laps","4.593","50","BMW","325","Black","1986","","","","scott.w.smith@pfizer.com"
"12","1","28","Bill Hallman","American Iron","1:03.946","23","4 Laps","25.232","100","Ford","Mustang","White","1995","","","",""
"13","1","62","Christian McIntyre","SpecE30","1:04.338","23","4 Laps","14.810","50","BMW","325i","White","1990","Danbury","CT","","c_mcintyre@yahoo.com"
"14","1","37","Eric Gebhardt","Spec Miata","1:04.602","23","4 Laps","3.025","100","mazda","spec miata  SSM","red","1991","wayne","NJ","","ericrealtor@hotmail.com"
"15","2","25","Joseph Staurovsky","American Iron","1:04.391","22","5 Laps","1 Lap","90","Ford","Mustang","White","1995","","","",""
"16","3","515","Stephanie Peterson","Honda Chal 2","1:04.868","22","5 Laps","0.671","85","Honda","Civic","White","1984","Piscataway","NJ","","meanbaby013@gmail.com"
"17","2","28","Chris Huston","Super Unlimited","1:04.425","22","5 Laps","0.701","90","mazda","RX-7","Black","1987","Troy","NY","","CHuston22@gmail.com"
"18","2","12","Vicktor Volpe","Spec Miata","1:06.025","22","5 Laps","38.390","90","Mazda","Miata","White","1991","New Hyde Park","NY","","vicktorvolpe@gmail.com"
"19","1","23","Michael Fries","Honda Chal 1","1:02.145","19","8 Laps","3 Laps","50","Honda","S2000","Yellow","2002","Westernville","NY","","mfries@twcny.rr.com"
"20","3","36","Donald Zaroda","Super Unlimited","1:15.578","19","8 Laps","15.223","85","Ford","Escort GT","White","1988","","","",""
"DNF","DNF","516","Spencer Anderson","Honda Chal 2","1:02.503","5","DNF","","43","honda","civic","white","1990","freeport","NY","","noriceef@aol.com"
"DNS","DNS","10","mike holenstein","Super Unlimited","","","DNS","","0","Datsun","240Z","White","1973","","","",""
