"Pos","PIC","No.","Name","Class","Best Tm","Laps","Diff","Gap","Points","Make","Model","Color","Year","City","State","Sponsor","Email"
"1","1","66","Michael Cohen","Super Unlimited","1:06.083","20","","","100","PONTIAC","GRAND PRIX","BLUE","2008","Staten Island","NY","","mrcohen@henegan.com"
"2","2","38","Alex Bize","Super Unlimited","1:08.104","20","47.081","47.081","90","Radical","PR6","red","2008","Miami","FL","","slnon2@aol.com"
"3","3","1","Thomas Soriano","Super Unlimited","1:06.323","19","1 Lap","1 Lap","85","Porsche","GT3-R Twin Turbo","Black","2000","Seymour","CT","","TFSORIANO@aol.com"
"4","1","100","Paul Fusco","GTS5","1:12.441","18","2 Laps","1 Lap","100","porsche","911","yellow","1972","mendham","NJ","","momo9191@aol.com"
"5","2","13","Tom Ross","GTS5","1:11.956","18","2 Laps","1.249","90","Porsche","944 turbo","blue","1996","ocean","NJ","","tomjshore@aol.com"
"6","1","33","Ronald Landis","Super Touring 1","1:13.371","18","2 Laps","0.570","50","chev","corvette","yellow","2008","sinking spring","PA","","rslandis@hotmail.com"
"7","1","27","Devon Gregory","Super Touring 2","1:13.591","18","2 Laps","9.875","50","Subaru","STi","Silver","2005","","CT","EFI Logics",""
"8","1","400","Lee Palmiter","GTSU","1:12.366","18","2 Laps","1.340","50","Porsche","944 Turbo","Silver","2008","North Caldwell","NJ","","palmiter@m3d.com"
"9","3","211","Kurt Hissong","GTS5","1:12.321","18","2 Laps","3.284","85","BMW","M3","black","1999","Kennebunk","ME","","khissong@hissongdevelopment.com"
"10","1","061","Michael Gershanok","GTS4","1:13.986","17","3 Laps","1 Lap","100","BMW","M3","blue","1999","Closter","NJ","","mgershanok@motorsportsne.com"
"11","2","502","Marco Pires","GTS4","1:15.571","17","3 Laps","3.297","90","Porsche","911","Velvet Red","1989","Yonkers","NY","","marcopaulo1010@aol.com"
"12","1","37","Charles Belluardo","GTS3","1:17.122","17","3 Laps","17.293","100","Porsche","911","White","1990","Colts Neck","NJ","","chas911@aol.com"
"13","2","152","Matt Sedacca","GTS3","1:17.419","17","3 Laps","12.533","90","BMW","E36 325is","Red/White","1994","cherry hill","NJ","","psedacca@yahoo.com"
"14","3","59","Michael Goulde","GTS3","1:20.408","16","4 Laps","1 Lap","85","BMW","328is","Black","1996","Needham Heights","MA","","mgoulde@gmail.com"
"15","1","86","Scott Smith","GTS1","1:21.962","16","4 Laps","15.447","50","BMW","325",""yellow","1986","black"","1258072","","scott.w.smith@pfizer.com"
"16","4","16","Thomas Statnick","Super Unlimited","1:08.730","11","9 Laps","5 Laps","80","Dodge","Charger","Blue","2007","New York","NY","","trs@itfais.com"
"17","5","01","Robert Boucher","Super Unlimited","1:08.076","10","10 Laps","1 Lap","75","Diasio","962R","Red","2006","Coventry","CT","","robertboucher@charter.net"
"DNF","DNF","459","Carlos Casabal","GTS3","1:26.355","6","DNF","","43","porsche","911 carrera cabrio","blue","1985","new york","NY","","carlosmlf@aol.com"
