Pos,PIC,No.,Name,Class,Overall BestTm,Appeared,Diff,Gap,Points,Make,Model,Year,Color,City,State,Sponsor,Email
2,1,49,Whit Staples,Super Touring 2,02:13.3,1,2.767,2.767,0,Mitsubishi,Evo,2006,Grey,Charlotte,NC,,sb31767@yahoo.com
5,1,235,Martin Britos,GTS3,02:19.4,1,8.822,2.651,0,BMW,M3,,,,,,
7,2,88,Mike Wilson,Super Touring 2,02:21.0,1,10.43,0.858,0,Chevy,Corvette,,Red,BLAIRSTOWN,NJ,,
8,2,33,Matt Bookler,,02:21.5,4,10.977,0.547,0,Honda,Civic,1993,Black,North Wales,PA,,speedracer33@gmail.com
9,1,1,Grzegorz Sobolewski,GTS4,02:22.8,1,12.221,1.244,0,BMW,M3,2008,Black,,,,
11,2,44,Gerald MacNeil,Instructor,02:25.2,1,14.698,0.244,0,Ford,Mustang,1988,Black,Dexter,NY,,gerald.macneil@us.army.mil
12,3,9,Bob Cornick,Instructor,02:26.1,2,15.527,0.829,0,Dodge,Viper,1998,red,Buford,GA,,robertcornick@bellsouth.net
13,1,41,James Slechta,PTE,02:28.2,4,17.647,2.12,0,Nissan,300Zx,1984,red,Millers,MD,,jpslechta@fidelityengineering.com
15,1,105,Raymond Jadczak,SpecE30,02:32.9,3,22.405,2.375,0,bmw,325i,1989,blue,Horsham,PA,,jadracers@aol.com
16,4,521,Team IAC,Instructor,02:35.6,1,25.014,2.609,0,Subaru,Legacy GT,2005,White,,,AZP Installs,
18,1,416,Joon Kim,Honda Chal 2,02:41.3,3,30.795,3.617,0,Honda,Civic,1994,Green,Morris Plains,NJ,,mistersleepy@aol.com
20,4,63,Caitlin Pantas,,02:43.4,4,32.852,1.984,0,BMW,325is,1987,Pink,Mt. Pleasant,NC,,cheerytater13@yahoo.com
21,2,333,John Dunn,GTS3,02:58.4,1,47.842,14.99,0,bmw,e36,1995,white,woodcliff Lake,NJ,,dunncpt@aol.com
22,2,61,Michael Gershanok,GTS4,05:47.6,1,03:37.0,02:49.2,0,BMW,M3,1999,blue,Closter,NJ,,mgershanok@motorsportsne.com
