Pos,PIC,No.,Name,Class,Overall BestTm,Appeared,Diff,Gap,Points,Make,Model,Year,Color,City,State,Sponsor,Email
3,1,12,Grzegorz Sobolewski,Super Touring 1,01:40.4,1,1.231,0.553,0,Chevy,Corvette,2009,Black/Yellow,Long Valley,NJ,,greg@eastcoastrest.com
4,1,88,Mike Wilson,Super Touring 2,01:41.9,3,2.72,1.489,0,Chevy,Corvette,,Red,BLAIRSTOWN,NJ,,
6,2,95,Gary Shenk,Instructor,01:43.1,3,3.912,1.045,0,Mazda,Miata,,Black,Lititz,PA,,fastvetteracer@yahoo.com
9,1,340,Robert Turgeon,GTS3,01:46.2,1,6.976,1.679,0,Porsche,993 C2,1996,Blue,,,,
10,1,36,Brian Casella,Honda Chal 2,01:46.6,1,7.43,0.454,0,Acura,Integra,,White,Pompton Plains,NJ,,
12,1,43,Darren Mingis,PTE,01:52.0,3,12.801,3.702,0,Acura,Integra,1992,Blue,malvern,PA,,darren@hackandchop.com
13,2,131,Peter Swarts,Honda Chal 2,01:53.8,1,14.587,1.786,0,Honda,Prelude,1997,Black,Bristol,CT,,pete@preludecomputing.com
14,1,87,Jonathan Allan,SpecE30,01:56.1,1,16.96,2.373,0,BMW,325is,1987,Blue/Green,,,,
15,1,61,Michael Gershanok,GTS4,01:59.7,1,20.55,3.59,0,BMW,M3,1999,blue,Closter,NJ,,mgershanok@motorsportsne.com
