"Pos","PIC","No.","Name","Class","Best Tm","Laps","Diff","Gap","Points","Make","Model","Color","Year","City","State","Sponsor","Email"
"1","1","113","Steve Katz","944 SuperCup","1:16.076","18","","","100","Porsche","944 turbo","red","1987","Bardonia","NY","","steve@katzinsurance.com"
"2","2","44","Dr. Frank Celenza","944 SuperCup","1:16.090","18","7.834","7.834","90","Porsche","944S2","Grey","1989","Demarest","NJ","","fastfranz@aol.com"
"3","3","222","Kenneth Stadt","944 SuperCup","1:17.387","18","46.841","39.007","85","Porsche","944S2","Green","1987","Haverstraw","NY","","ken@paddockperformance.com"
"4","4","432","Jim Clemens","944 SuperCup","1:18.635","18","58.469","11.628","80","Porsche","968","Black","1995","New York","NY","","clem@alum.mit.edu"
"5","1","88","Cris Brady","944 Cup","1:20.240","18","1:19.580","21.111","100","Porsche","944","black","1989","Landenberg","PA","","cris@alpinemotorsports.org"
"6","5","48","Richard Glickel","944 SuperCup","1:20.124","18","1:21.927","2.347","75","porsche","968","red & orange","1992","Congers","NY","","glickel@optonline.net"
"7","2","138","Lawrence Dumoff","944 Cup","1:20.408","17","1 Lap","1 Lap","90","Porsche","944","Red","1984","Kent","CT","","lsdumoff@earthlink.net"
"8","3","641","Kenneth Smith","944 Cup","1:20.927","17","1 Lap","12.321","85","Porsche","944","Flat Black","1985","North Haledon","NJ","","nitro5384@yahoo.com"
"9","1","38","Dennis Bize","Spec Miata","1:20.776","17","1 Lap","16.120","100","mazda","miata","BLUE","1991","miami","FL","","e30m20p2@aol.com"
"10","4","48","Jim Beirne","944 Cup","1:22.332","17","1 Lap","7.701","80","Porsche","944","Blue","1987","Clifton","NJ","","jbeirne@optonline.net"
"11","1","64","Entropy Racing","ESR","1:18.768","17","1 Lap","8.795","100","","","","","","PA","",""
"12","2","37","Jim Bianco Jr","Spec Miata","1:21.169","17","1 Lap","2.854","90","Mazda","Miata","White","1990","Newtown Square","PA","","jlb725@gmail.com"
"13","5","141","Jeremy Jadczak","944 Cup","1:22.864","17","1 Lap","4.760","75","Porsche","944","Army green","1983","Washington","DC","","jjadczak@yahoo.com"
"14","2","67","Entropy Racing","ESR","1:19.426","17","1 Lap","1.976","90","","","","","","","",""
"15","3","14","Dave Deerson","Spec Miata","1:22.162","17","1 Lap","11.986","85","","","Red","","","NJ","",""
"16","3","62","Entropy Racing","ESR","1:20.005","17","1 Lap","11.268","85","","","","","","","",""
"17","4","07","Michael Kane","Spec Miata","1:21.732","16","2 Laps","1 Lap","80","mazda","miata","blue/silver","1993","wyckoff","NJ","","mike@amsrocks.com"
"18","1","28","Craig Huston","PTD","1:21.645","16","2 Laps","9.029","50","mazda","RX-7","Black","1987","Troy","NY","","CHuston22@gmail.com"
"19","4","63","Entropy Racing","ESR","1:22.986","16","2 Laps","8.672","80","","","","","","PA","",""
"20","6","124","Jason Judd","944 Cup","1:26.006","16","2 Laps","3.353","70","Porsche","","","","","","",""
"21","5","04","Entropy Racing","Spec Miata","1:23.877","16","2 Laps","36.311","75","","","","","","","",""
"22","1","19","James Hovey","Honda Chal 2","1:18.404","14","4 Laps","2 Laps","50","Honda","Civic Si","Red","1999","Franklin Lakes","NJ","","jhovey@verizon.net"
"DNF","DNF","08","Alex Bize","Spec Miata","1:28.238","2","DNF","","37","Mazda","Miata","Blue","","Miami","FL","",""
"DNF","DNF","22","Steven Bessett","Spec Miata","1:27.283","1","DNF","","37","Mazda","Miata","BLUE","1991","chadds ford","PA","","madwrecking@yahoo.com"
"DQ","DQ","37","Eric Gebhardt","Spec Miata","1:22.591","17","DQ","","0","mazda","spec miata  SSM","red","1991","wayne","NJ","","ericrealtor@hotmail.com"
