"Pos","PIC","No.","Name","Class","Best Tm","Laps","Diff","Gap","Points","Make","Model","Color","Year","City","State","Sponsor","Email"
"1","1","37","Brian Casella","Honda Chal 2","1:02.491","22","","","100","Acura","Integra","White","","Pompton Plains","NJ","",""
"2","2","131","Peter Swarts","Honda Chal 2","1:02.921","22","21.141","21.141","90","Honda","Prelude","Black","1997","Bristol","CT","","pete@preludecomputing.com"
"3","1","80","Alan Daley","Honda Chal 4","1:03.137","22","22.404","1.263","50","honda","crx si","red","1989","West Winfield","NY","","rjd166@windstream.net"
"4","3","19","James Hovey","Honda Chal 2","1:03.452","22","30.343","7.939","85","Honda","Civic Si","Red","1999","Franklin Lakes","NJ","","jhovey@verizon.net"
"5","1","99","Sean Curran","SpecE30","1:03.711","22","54.149","23.806","100","bmw","325is","red","1989","Clifton","NJ","","wb256@aol.com"
"6","2","232","Matthew Russell","SpecE30","1:03.747","22","54.326","0.177","90","BMW","325i","white//black/orange","1987","Flemington","NJ","","matthew.russell@bmwna.com"
"7","1","67","Charlie Greenhaus","ESR","1:04.369","22","55.225","0.899","100","","","","","","PA","",""
"8","4","515","Stephanie Peterson","Honda Chal 2","1:05.136","21","1 Lap","1 Lap","80","Honda","Civic","White","1984","Piscataway","NJ","","meanbaby013@gmail.com"
"9","2","63","Charlie Turano","ESR","1:04.244","21","1 Lap","4.665","90","","","","","","PA","",""
"10","3","343","Justin Styles","SpecE30","1:04.500","21","1 Lap","3.403","85","BMW","325I","gray","1991","hamilton","NJ","","mxstyles@aol.com"
"11","4","62","Christian McIntyre","SpecE30","1:04.622","21","1 Lap","0.517","80","BMW","325i","White","1990","Danbury","CT","","c_mcintyre@yahoo.com"
"12","1","07","Michael Kane","Spec Miata","1:04.750","21","1 Lap","9.739","100","mazda","miata","blue/silver","1993","wyckoff","NJ","","mike@amsrocks.com"
"13","1","141","Jeremy Jadczak","944 Cup","1:05.725","21","1 Lap","2.756","50","Porsche","944","Army green","1983","Washington","DC","","jjadczak@yahoo.com"
"14","3","651","Jeff Ellner","ESR","1:06.186","21","1 Lap","5.106","85","","","","","","","",""
"15","2","14","Dave Deerson","Spec Miata","1:05.168","21","1 Lap","2.645","90","","","Red","","","NJ","",""
"16","3","22","Steven Bessett","Spec Miata","1:05.339","21","1 Lap","1.287","85","Mazda","Miata","BLUE","1991","chadds ford","PA","","madwrecking@yahoo.com"
"17","5","105","Raymond Jadczak","SpecE30","1:06.213","21","1 Lap","20.008","75","bmw","325i","blue","1989","Horsham","PA","","jadracers@aol.com"
"18","4","04","Grzegorz Sobolewski","Spec Miata","1:06.958","20","2 Laps","1 Lap","80","bmw","m3","black","2008","long valley","NJ","","greg@eastcoastrest.com"
"19","5","416","Michael Randolph","Honda Chal 2","1:10.885","19","3 Laps","1 Lap","75","Honda","Civic","Green","1994","Johnson Citiy","NY","","mrandolp@stny.rr.com"
"20","5","37","Jim Bianco Jr","Spec Miata","1:07.896","19","3 Laps","13.258","75","Mazda","Miata","White","1990","Newtown Square","PA","","jlb725@gmail.com"
"21","6","516","Spencer Anderson","Honda Chal 2","1:03.303","13","9 Laps","6 Laps","70","honda","civic","white","1990","freeport","NY","","noriceef@aol.com"
"22","1","11","David Fletcher","GTS2","1:02.965","9","13 Laps","4 Laps","50","Audi","A4","silver","1999","Hudson","OH","","fletchd@adelphia.net"
"DNF","DNF","99","Tony Senese","Spec Miata","1:05.258","10","DNF","","38","mazda","miata","black","1994","shaftsbury","VT","","tonys@nosenseyet.com"
