"Pos","PIC","No.","Name","Class","Best Tm","Laps","Diff","Gap","Points","Make","Model","Color","Year","City","State","Sponsor","Email"
"1","1","113","Steve Katz","944 SuperCup","1:00.676","26","","","100","Porsche","944 turbo","red","1987","Bardonia","NY","","steve@katzinsurance.com"
"2","2","222","Kenneth Stadt","944 SuperCup","1:01.781","26","39.508","39.508","90","Porsche","944S2","Green","1987","Haverstraw","NY","","ken@paddockperformance.com"
"3","3","9","Stephan Laputka","944 SuperCup","1:02.066","26","42.373","2.865","85","PORSCHE","944 TURBO","Red/White","1989","","","",""
"4","4","86","Norm Mandell","944 SuperCup","1:02.789","26","53.599","11.226","80","Porsche","968","White","","","","",""
"5","5","432","Jim Clemens","944 SuperCup","1:02.754","26","53.855","0.256","75","Porsche","968","Black","1995","New York","NY","","clem@alum.mit.edu"
"6","1","9","Richard Hunter","Honda Chal 2","1:01.776","26","1:32.325","38.470","100","acura","type R","red","1995","","","","schoolboyracing@msn.com"
"7","1","238","David Bassett","944 Cup","1:03.276","25","1 Lap","1 Lap","100","Porsche","924S","White","1987","","","","dbassettc2@gmail.com"
"8","1","64","Patrick Page","ESR","1:02.640","25","1 Lap","10.456","100","","","","","","PA","",""
"9","2","19","James Hovey","Honda Chal 2","1:03.186","25","1 Lap","1.427","90","Honda","Civic Si","Red","1999","Franklin Lakes","NJ","","jhovey@verizon.net"
"10","2","72","David Mann","944 Cup","1:04.454","25","1 Lap","3.395","90","Porsche","944","Dark Blue","1986","Arlington","VA","","acemktg@jdm3.com"
"11","3","576","Vito Valentino","944 Cup","1:04.376","25","1 Lap","0.840","85","porsche","924s","blue","1988","","","","wdoublev@msn.com"
"12","2","63","Charlie Turano","ESR","1:02.443","25","1 Lap","0.566","90","","","","","","PA","",""
"13","1","119","craig rosenman","GTS2","1:02.994","25","1 Lap","0.472","100","porsche","boxster","silver","2001","","","","craig@magnoliabakery.com"
"14","1","22","Steven Bessett","Spec Miata","1:03.218","25","1 Lap","0.424","100","Mazda","Miata","BLUE","1991","chadds ford","PA","","madwrecking@yahoo.com"
"15","2","99","Tony Senese","Spec Miata","1:03.403","25","1 Lap","0.356","90","mazda","miata","black","1994","shaftsbury","VT","","tonys@nosenseyet.com"
"16","1","99","Sean Curran","SpecE30","1:03.843","25","1 Lap","5.799","100","bmw","325is","red","1989","Clifton","NJ","","wb256@aol.com"
"17","3","67","Jason Nolan","ESR","1:03.031","25","1 Lap","12.760","85","","","","","","","",""
"18","4","641","Kenneth Smith","944 Cup","1:04.628","25","1 Lap","0.221","80","Porsche","944","Flat Black","1985","North Haledon","NJ","","nitro5384@yahoo.com"
"19","5","88","Cris Brady","944 Cup","1:04.879","24","2 Laps","1 Lap","75","Porsche","944","black","1989","Landenberg","PA","","cris@alpinemotorsports.org"
"20","2","210","Robert Cohen","GTS2","1:04.805","24","2 Laps","2.487","90","Porsche","boxster","Blue","1998","","","","robertncohen@spamarrest.com"
"21","3","07","Michael Kane","Spec Miata","1:01.435","24","2 Laps","2.630","85","mazda","miata","blue/silver","1993","wyckoff","NJ","","mike@amsrocks.com"
"22","1","86","Scott Smith","GTS1","1:04.214","24","2 Laps","4.770","0","BMW","325",""yellow","1986","black"","1258072","","scott.w.smith@pfizer.com"
"23","4","651","Charlie Greenhause","ESR","1:03.159","24","2 Laps","0.684","80","","","","","","","",""
"24","2","343","Justin Styles","SpecE30","1:05.050","24","2 Laps","14.297","90","BMW","325I","gray","1991","","","","mxstyles@aol.com"
"25","4","37","Eric Gebhardt","Spec Miata","1:05.228","24","2 Laps","0.122","80","mazda","spec miata  SSM","red","1991","wayne","NJ","","ericrealtor@hotmail.com"
"26","5","66","Steve Hanford","ESR","1:04.305","24","2 Laps","2.478","75","","","","","","","",""
"27","3","83","Wayne Sonntag","GTS2","1:05.161","24","2 Laps","1.259","85","BMW","325is","White","1987","","","","sonnettwh@netscape.net"
"28","1","28","Chris Huston","PTD","1:05.591","24","2 Laps","25.530","100","mazda","RX-7","Black","1987","Troy","NY","","CHuston22@gmail.com"
"29","5","12","Vicktor Volpe","Spec Miata","1:04.825","24","2 Laps","24.434","75","Mazda","Miata","White","1991","New Hyde Park","NY","","vicktorvolpe@gmail.com"
"30","3","416","Christopher Chang","Honda Chal 2","1:05.076","24","2 Laps","3.898","85","Honda","Civic","Green","1994","Morris Plains","NJ","","mistersleepy@aol.com"
"31","2","79","RJ Ford","PTD","1:07.259","23","3 Laps","1 Lap","90","Mercury","Capri","White","1979","","","",""
"32","6","62","Jeff Ellner","ESR","1:07.984","23","3 Laps","12.929","70","","","","","","","",""
"33","4","80","Alan Daley","Honda Chal 2","1:03.148","22","4 Laps","1 Lap","80","honda","crx si","red","1989","West Winfield","NY","","rjd166@windstream.net"
"34","6","08","Richard Hubell","944 SuperCup","1:01.928","18","8 Laps","4 Laps","70","Porsche","944t","black","1987","","","","rhubell@yahoo.com"
"35","1","28","Brett Sandberg","Honda Chal 1","1:01.980","18","8 Laps","21.315","50","Acura","Integra","white","1998","Allendale","NJ","","sandberg1@aol.com"
"DNF","DNF","138","Lawrence Dumoff","944 Cup","1:03.479","24","DNF","","37","Porsche","944","Red","1984","Kent","CT","","lsdumoff@earthlink.net"
"DNF","DNF","45","Gary Savill","944 SuperCup","1:01.736","3","DNF","","35","Porsche","944  S2 Firehawk","Yellow","1994","","","","garylimey@aol.com"
"DNF","DNF","44","Dr. Frank Celenza","944 SuperCup","1:15.832","2","DNF","","35","Porsche","944S2","Grey","1989","Demarest","NJ","","fastfranz@aol.com"
