Pos,PIC,No.,Name,Class,Overall BestTm,Appeared,Diff,Gap,Points,Make,Model,Year,Color,City,State,Sponsor,Email
2,1,36,Ari Straus,Super Touring 2,01:45.1,1,0.285,0.285,0,Lotus,211,2008,,,,,
3,2,777,Agemiro de Paula,Super Touring 2,01:49.4,1,4.53,4.245,0,Subaru,WRX STI,2004,Black,Whitestone,NY,,apjr1@verizon.net
4,1,73,Bryant Henson,Instructor,01:50.0,2,5.208,0.678,0,BMW,M Coupe,2000,Red,Nutley,NJ,,kimjoon@hotmail.com
7,3,7x,Chris Allen,Instructor,01:55.7,1,10.818,4.051,0,Honda,Qualude,,Blue,,,,
9,1,14,Ralph Tommaso,Super Unlimited,01:56.4,1,11.573,0.197,0,Chevy (Busch North Car),Monte Carlo,1999,Blue/Green,,,,
12,1,432,Jim Clemens,944 SuperCup,,1,,,0,Porsche,968,1995,Black,New York,NY,,clem@alum.mit.edu
13,2,9,Stephan Laputka,944 SuperCup,,1,,,0,PORSCHE,944 TURBO,1989,Red/White,,,,
14,3,113,Steve Katz,944 SuperCup,,1,,,0,Porsche,944 turbo,1987,red,Bardonia,NY,,steve@katzinsurance.com
