"Pos","PIC","No.","Name","Class","Best Tm","Laps","Diff","Gap","Points","Make","Model","Color","Year","City","State","Sponsor","Email"
"1","1","113","Steve Katz","944 SuperCup","1:28.220","10","","","100","Porsche","944 turbo","red","1987","Bardonia","NY","","steve@katzinsurance.com"
"2","2","222","Kenneth Stadt","944 SuperCup","1:31.641","10","6.506","6.506","90","Porsche","944S2","Green","1987","Haverstraw","NY","","ken@paddockperformance.com"
"3","1","19","James Hovey","Honda Chal 2","1:36.565","10","18.371","11.865","50","Honda","Civic Si","Red","1999","Franklin Lakes","NJ","","jhovey@verizon.net"
"4","1","88","Cris Brady","944 Cup","1:37.472","10","20.739","2.368","100","Porsche","944","black","1989","Landenberg","PA","","cris@alpinemotorsports.org"
"5","2","72","David Mann","944 Cup","1:37.867","10","22.150","1.411","90","Porsche","944","Dark Blue","1986","Arlington","VA","","acemktg@jdm3.com"
"6","3","138","Lawrence Dumoff","944 Cup","1:37.469","10","22.316","0.166","85","Porsche","944","Red","1984","Kent","CT","","lsdumoff@earthlink.net"
"7","3","432","Jim Clemens","944 SuperCup","1:38.777","10","27.346","1.147","85","Porsche","968","Black","1995","New York","NY","","clem@alum.mit.edu"
"8","1","07","Michael Kane","Spec Miata","1:37.609","10","27.669","0.323","100","mazda","miata","blue/silver","1993","wyckoff","NJ","","mike@amsrocks.com"
"9","2","14","Dave Deerson","Spec Miata","1:38.796","10","28.458","0.789","90","","","Red","","","NJ","",""
"10","3","22","Steven Bessett","Spec Miata","1:37.962","10","29.164","0.706","85","Mazda","Miata","BLUE","1991","chadds ford","PA","","madwrecking@yahoo.com"
"11","1","63","C Turano","ESR","1:39.811","10","35.559","6.395","100","","","","","","PA","",""
"12","2","64","P Page","ESR","1:37.997","10","26.199","3.883","90","","","","","","PA","",""
"13","1","28","Chris Huston","PTD","1:45.780","10","50.346","14.787","50","mazda","RX-7","Black","1987","Troy","NY","","CHuston22@gmail.com"
"14","4","44","Dr. Frank Celenza","944 SuperCup","1:49.657","10","53.002","2.656","80","Porsche","944S2","Grey","1989","Demarest","NJ","","fastfranz@aol.com"
"15","3","67","J Nolan","ESR","1:48.946","10","56.676","1.784","85","","","","","","","",""
"16","5","48","Richard Glickel","944 SuperCup","1:51.505","10","58.580","1.470","75","porsche","968","red & orange","1992","Congers","NY","","glickel@optonline.net"
"17","4","641","Kenneth Smith","944 Cup","1:49.521","10","54.892","1.890","80","Porsche","944","Flat Black","1985","North Haledon","NJ","","nitro5384@yahoo.com"
"18","5","124","Arvin Parmanan","944 Cup","1:50.035","10","1:00.284","1.704","75","Porsche","","","","","","",""
"19","4","62","J Ellner","ESR","1:54.360","10","1:14.010","13.726","80","","","","","","","",""
"20","6","45","Gary Savill","944 SuperCup","1:32.631","9","1 Lap","1 Lap","70","Porsche","944 S2 Firehawk","Yellow","1994","Cresskill","NJ","","garylimey@aol.com"
"21","5","651","C Greenhaus","ESR","1:43.701","6","4 Laps","3 Laps","75","","","","","","","",""
"22","4","38","Dennis Bize","Spec Miata","1:38.676","6","4 Laps","8:29.285","80","Mazda","Miata","Black","","","","",""
"23","5","04","G Sobeleski","Spec Miata","1:41.810","10","57.110","0.434","75","","","","","","","",""
"24","6","37","Jim Bianco Jr","Spec Miata","1:40.701","6","4 Laps","13.126","70","Mazda","Miata","White","1990","Newtown Square","PA","","jlb725@gmail.com"
"DNF","DNF","48","Jim Beirne","944 Cup","2:04.722","1","DNF","","37","Porsche","944","Blue","1987","Clifton","NJ","","jbeirne@optonline.net"
