Pos,PIC,No.,Name,Class,Best Tm,Laps,Diff,Gap,Points,Make,Model,Color,Year,City,State,Sponsor,Email
1,1,6,Joe Scarallo,Super Touring 1,52.883,27,,,50,Pontiac,GTO,Black,2005,,,,
2,1,16,Thomas Statnick,Super Unlimited,53.864,27,23.342,23.342,100,Dodge,Charger,Blue,2007,New York,NY,,trs@itfais.com
3,2,55,Robert Hall,Super Unlimited,54.615,27,01:09.9,46.553,90,Chevy,Monte Carlo,White,1999,,,,
4,3,149,Kevin Burns,Super Unlimited,55.374,26,1 Lap,1 Lap,85,Shannon,ProSport,orange white blue,1994,Hauppauge,Long Island,,kcburmec@aol.com
5,4,14x,Steve Miagheaelli,Super Unlimited,55.731,26,1 Lap,17.375,80,,,,,,,,
6,1,27,Devon Gregory,Super Touring 2,57.351,26,1 Lap,17.777,100,Subaru,STi,Silver,2005,,CT,EFI Logics,
7,2,777,Agemiro de Paula,Super Touring 2,57.023,25,2 Laps,1 Lap,90,Subaru,WRX STI,Black,2004,Whitestone,NY,,apjr1@verizon.net
8,1,43,Demetrios Mirissis,GTS4,58.633,25,2 Laps,14.483,100,Porsche,914-6,White / Orange,1973,Huntington Station,NY,,dm930@verizon.net
9,2,502,Marco Pires,GTS4,59.101,25,2 Laps,3.79,90,Porsche,911,Velvet Red,1989,Yonkers,NY,,marcopaulo1010@aol.com
10,3,47,Jason Judd,GTS4,59.237,25,2 Laps,7.546,85,Porsche,968,red,1995,,,,flamthrowr@aol.com
11,4,61,Michael Gershanok,GTS4,59.904,24,3 Laps,1 Lap,80,BMW,M3,blue,1999,Closter,NJ,,mgershanok@motorsportsne.com
12,1,23,Michael Fries,Honda Chal 1,01:01.2,24,3 Laps,01:13.1,100,Honda,S2000,Yellow,2002,Westernville,NY,,mfries@twcny.rr.com
13,1,516,Spencer Anderson,Honda Chal 2,01:02.3,23,4 Laps,1 Lap,100,honda,civic,white,1990,freeport,NY,,noriceef@aol.com
14,2,131,Peter Swarts,Honda Chal 2,01:02.0,23,4 Laps,0.476,90,Honda,Prelude,Black,1997,Bristol,CT,,pete@preludecomputing.com
15,1,73,David Richardson,PTC,01:02.7,23,4 Laps,1.777,50,Alfa,Spyder,Blue,1973,,,,
16,3,80,Alan Daley,Honda Chal 2,01:02.5,23,4 Laps,5.92,85,honda,crx si,red,1989,West Winfield,NY,,rjd166@windstream.net
17,4,517,Zephyr Belski,Honda Chal 2,01:03.5,23,4 Laps,9.87,80,Honda,CRX,White,1985,Piscataway,NJ,,zbelski@optonline.net
18,1,86,Scott Smith,GTS1,01:03.9,23,4 Laps,3.259,50,BMW,325,Black,1986,,,,scott.w.smith@pfizer.com
19,1,62,Christian McIntyre,SpecE30,01:05.3,22,5 Laps,1 Lap,50,BMW,325i,White,1990,Danbury,CT,,c_mcintyre@yahoo.com
20,1,51,Martin Okun,944 Cup,01:05.3,22,5 Laps,7.67,50,Porsche,924S,Black,1988,Ledgewood,NJ,,tanporsh@optonline.net
21,1,37,Eric Gebhardt,Spec Miata,01:05.4,22,5 Laps,1.683,100,mazda,spec miata  SSM,red,1991,wayne,NJ,,ericrealtor@hotmail.com
22,5,515,Stephanie Peterson,Honda Chal 2,01:05.1,22,5 Laps,3.005,75,Honda,Civic,White,1984,Piscataway,NJ,,meanbaby013@gmail.com
23,2,12,Vicktor Volpe,Spec Miata,01:05.7,22,5 Laps,19.648,90,Mazda,Miata,White,1991,New Hyde Park,NY,,vicktorvolpe@gmail.com
24,1,28,Chris Huston,PTD,01:03.8,22,5 Laps,1.088,50,mazda,RX-7,Black,1987,Troy,NY,,CHuston22@gmail.com
25,1,25,Joseph Staurovsky,American Iron,01:06.2,21,6 Laps,1 Lap,50,Ford,Mustang,White,1995,,,,
DNF,DNF,28,Brett Sandberg,Honda Chal 1,01:00.6,3,DNF,,0,Acura,Integra,white,1998,Allendale,NJ,,sandberg1@aol.com
DNS,DNS,1,Robert Boucher,Super Unlimited,,,DNS,,0,Diasio,962R,Red,2006,Coventry,CT,,robertboucher@charter.net
DNS,DNS,14,Ralph Tommaso,Super Unlimited,,,DNS,,0,Chevy (Busch North Car),Monte Carlo,Blue/Green,1999,,,,
