Pos,PIC,No.,Name,Class,Overall BestTm,Appeared,Diff,Gap,Points,Make,Model,Year,Color,City,State,Sponsor,Email
3,1,12,Grzegorz Sobolewski,Super Touring 1,02:08.8,1,2.443,1.385,0,Chevy,Corvette,2009,Black/Yellow,Long Valley,NJ,,greg@eastcoastrest.com
6,1,9,Bob Cornick,Instructor,02:18.7,2,12.342,1.071,0,Dodge,Viper,1998,red,Buford,GA,,robertcornick@bellsouth.net
7,5,93,Duane Rodriguez,HPDE4,02:20.2,3,13.759,1.417,0,Honda,,,Black,,,,
12,1,8,Richard Hubell,944 SuperCup,02:26.0,1,19.573,0.612,0,Porsche,944t,1987,black,,,,rhubell@yahoo.com
13,2,44,Gerald MacNeil,Instructor,02:27.0,4,20.613,1.04,0,Ford,Mustang,1988,Black,Dexter,NY,,gerald.macneil@us.army.mil
15,4,33,Matt Bookler,,02:28.0,3,21.573,0.755,0,Honda,Civic,1993,Black,North Wales,PA,,speedracer33@gmail.com
16,1,517,Zephyr Belski,Honda Chal 2,02:30.0,1,23.569,1.996,0,Honda,CRX,1985,White,Piscataway,NJ,,zbelski@optonline.net
17,5,63,Caitlin Pantas,,02:30.3,3,23.95,0.381,0,BMW,325is,1987,Pink,Mt. Pleasant,NC,,cheerytater13@yahoo.com
18,1,99,Tony Senese,Spec Miata,02:33.1,1,26.689,2.739,0,mazda,miata,1994,black,shaftsbury,VT,,tonys@nosenseyet.com
19,4,521,Team IAC,Instructor,02:34.4,3,27.955,1.266,0,Subaru,Legacy GT,2005,White,,,AZP Installs,
21,2,12,Vicktor Volpe,Spec Miata,02:36.5,3,30.06,0.742,0,Mazda,Miata,1991,White,New Hyde Park,NY,,vicktorvolpe@gmail.com
22,1,105,Raymond Jadczak,SpecE30,02:40.7,4,34.289,4.229,0,bmw,325i,1989,blue,Horsham,PA,,jadracers@aol.com
23,2,515,Stephanie Peterson,Honda Chal 2,02:44.4,1,38.047,3.758,0,Honda,Civic,1984,White,Piscataway,NJ,,meanbaby013@gmail.com
24,1,66,Entropy Racing,ESR,02:48.0,1,41.644,3.597,0,,,,,,,,
25,1,322,Josh Koropchak,Super Touring 2,02:48.1,1,41.687,0.043,0,Volvo,S60 Challenge,2001,Green/Orange,,,,tjkoropchak11@transy.edu
27,2,63,Entropy Racing,ESR,02:48.3,1,41.872,0.005,0,,,,,,PA,,
28,3,61,Entropy Racing,ESR,02:48.4,1,41.997,0.125,0,,,,,,,,
30,2,49,Whit Staples,Super Touring 2,03:13.0,3,01:06.6,23.494,0,Mitsubishi,Evo,2006,Grey,Charlotte,NC,,sb31767@yahoo.com
32,1,0,Al Galossi,GTS3,,1,,,0,BMW,M3,,Blue/Orange,,,,
33,2,6,Joe Scarallo,Super Touring 1,,1,,,0,Pontiac,GTO,2005,Black,,,,
34,1,53,Michael Hartley,Super Unlimited,,1,,,0,Dodge,Viper,2006,Red/White/Blue,Williamstown,NJ,,Specbk2@comcast.net
35,3,101,David Fazzino,Super Touring 1,,1,,,0,Mitsubishi,EVO,2003,Silver,,,,
36,2,25,Joseph Fawsitt,GTS3,,1,,,0,Porsche,911 RS America,1993,Silver/Blue,Medina,OH,,jfawsitt9@yahoo.com
37,3,235,Martin Britos,GTS3,,3,,,0,BMW,M3,,,,,,
38,4,651,Entropy Racing,ESR,,1,,,0,,,,,,,,
