"Pos","PIC","No.","Name","Class","Best Tm","Laps","Diff","Gap","Points","Make","Model","Color","Year","City","State","Sponsor","Email"
"1","1","29","Richard Bocanegra","Spec E46","2:17.103","8","","","100","BMW","330i","Silver/Red","2001","Bergenfield","NJ","Rogue Engineering","richjr@wymbs.com"
"2","2","58","Chris Sullivan","Spec E46","2:17.027","8","1.378","1.378","90","BMW","330ci","Orange/Black","2001","Milford","MA","","csullivanracing38@hotmail.com"
"3","3","149","Steve Coppola","Spec E46","2:17.951","8","2.957","1.579","85","BMW","330ci","Black/Red","2001","Guilford","CT","","coppolas53@gmail.com"
"4","4","64","Edward Phillips","Spec E46","2:19.499","8","5.878","2.921","80","BMW","330ci","White","2003","Mt. Kisco","NY","","ephillips@kblaw.com"
"5","1","46","Michael Fries","Honda Chal 2","2:22.966","8","7.455","1.577","100","Honda","S2000","Yellow","2008","Westernville","NY","Lifted","mfries@twcny.rr.com"
"6","5","745","Gregory Hartman","Spec E46","2:26.002","8","8.933","1.478","75","BMW","330i","Black/Blue/Red","2001","Fleetwood","PA","","hartmags9@gmail.com"
"7","1","36","Robert Casella","SpecE30","2:22.335","8","11.203","2.270","100","BMW","325is","Black","1990","Pompton Plains","NJ","Axle Casella","rcasella18@aol.com"
"8","2","517","Zephyr Belski","Honda Chal 2","2:27.310","8","12.581","1.378","90","Acura","Integra","L.Blue/Black","1994","Middlesex","NJ","#blueteam","zbelski@gmail.com"
"9","2","74G","Robert Grace","SpecE30","2:23.855","8","14.847","2.266","90","BMW","325i","Orange","1990","Sterling","VA","","robertgrace.h@gmail.com"
"10","1","27","Devin Gregory","Spec Miata","2:26.198","8","17.545","2.698","100","Mazda","Miata","Red","1991","Redding","CT","EFI Logics","dpgregory@gregory-builders.com"
"11","2","199","Scott Dennewitz","Spec Miata","2:28.107","8","19.799","2.254","90","Mazda","Miata","Red","1995","","","",""
"12","3","415","Michael Smith","Spec Miata","2:28.208","8","20.943","1.144","85","Mazda","Miata","Blue","2003","Clay","NY","Spec13 Motorsports","mbsmit05@gmail.com"
"13","4","18","Benjamin Miller","Spec Miata","2:28.195","8","23.306","2.363","80","Mazda","Miata","Red","1991","Midland Park","NJ","EFI Logics","benm@milleraa.com"
"14","1","139","Dillon Brennan","Honda Chal 4","2:29.418","8","24.941","1.635","100","Honda","Civic","Red","1993","Trevose","PA","Babie Deebus Racing","10dsbrennan@gmail.com"
"15","2","6126","Damien Price","Honda Chal 4","2:28.702","8","26.222","1.281","90","Honda","Civic","Silver","1997","Belleville","NJ","Hollow Tree Candle Co.","afterdarkmotorsports@gmail.com"
"16","3","49","Kallie Kanakos","Honda Chal 4","2:28.915","8","26.976","0.754","85","Acura","Integra","Gray","1999","Valley stream","NY","","k.kanakos@aol.com"
"17","3","20","James Mertz","SpecE30","2:26.330","8","28.722","1.746","85","BMW","E30","Red","1991","Saylorsburg","PA","StoogeMoe Racing","goldie83@ptd.net"
"18","4","71","Ray Prato","SpecE30","2:27.709","8","30.429","1.707","80","BMW","325is","Silver","1989","Ringwood","NJ","","raypratojr@gmail.com"
"19","5","370","Chris Graham","Spec Miata","2:30.078","8","33.005","2.576","75","Mazda","Miata","Green","1994","Fayetteville","NY","","Cgraham278@gmail.com"
"20","6","14","David Deerson","Spec Miata","2:29.687","8","35.009","2.004","70","Mazda","Miata","White","2002","South River","NJ","","daviddeerson@yahoo.com"
"21","5","477","Christopher Allen","SpecE30","2:26.998","8","39.344","4.335","75","BMW","325is","Gray","1988","Rydal","PA","","chrisblakeallen@gmail.com"
"22","4","358","Kenneth Martinez","Honda Chal 4","2:31.123","8","40.429","1.085","80","Acura","Integra","White","1996","Plainfield","NJ","","kennethmartinez35@yahoo.com"
"23","6","96","Peter Raymond","SpecE30","2:33.991","8","43.165","2.736","70","BMW","318is","White","1991","Clarks Summit","PA","","ptrskycam@yahoo.com"
"24","7","153","Sam Jadczak","SpecE30","2:35.158","8","48.213","5.048","69","BMW","325i","Bronze/D.Red","1989","Horsham","PA","PJ Auto Repair","samjadczak@yahoo.com"
"25","8","141","Ed Cangialosi","SpecE30","2:34.594","8","49.896","1.683","68","BMW","325","Black","1987","White Plains","NY","Reparto Corse","edcangialosi@gmail.com"
"26","9","466","Christian Sandmann","SpecE30","2:37.199","8","51.578","1.682","67","BMW","325is","White","1989","Wayne","NJ","MSC Gross B�lten e.V. im ADAC","csandmann@mac.com"
"27","10","520","Larry Marks","SpecE30","2:37.555","8","53.716","2.138","66","BMW","325i","Green","1987","South Windsor","CT","","nomowhal@gmail.com"
"28","11","619NG","Jorge Giovannini","SpecE30","2:41.363","8","56.068","2.352","65","","","","","","","",""
"29","12","86","Scott Smith","SpecE30","2:41.875","8","59.170","3.102","64","BMW","325","Yellow/Red/Black","1986","Chester","CT","","scott.w.smith@pfizer.com"
"30","13","722","Evan Luce","SpecE30","2:42.415","8","1:01.879","2.709","63","BMW","325i","Blue","1987","Langhorn","PA","Condor Speed Shop / VAC Motorsports","evanrluce@gmail.com"
"31","3","10","Erik Olson","Honda Chal 2","2:42.974","7","1 Lap","1 Lap","85","Honda","Civic","Red","1992","Pennsburg","PA","#redteam","mosser@ptd.net"
"32","14","391","Jason Griscavage","SpecE30","2:33.581","6","2 Laps","1 Lap","62","BMW","325is","White","1989","Springfield","VA","","jasongriscavage@yahoo.com"
"33","4","9","Anthony Robison","Honda Chal 2","2:28.341","5","3 Laps","1 Lap","80","Honda","Civic","White","1992","Bensalem","PA","","tony@fortrob.com"
"34","15","87","Paul Redante","SpecE30","2:33.465","5","3 Laps","15.441","61","BMW","325is","Blue/Green","1987","","","Drivegear",""
"35","16","88","Lance Bergstein","SpecE30","2:40.783","5","3 Laps","10.600","60","BMW","325","Gray","1989","","","Drivegear",""
"36","5","7","Jan Wang","Honda Chal 2","2:42.787","4","4 Laps","1 Lap","75","Honda","Civic","Red","1992","Tenafly","NJ","#redteam","JanWang74@aol.com"
"DNF","DNF","761","Michael Kovacs","SpecE30","","","DNF","4 Laps","30","BMW","325i","Yellow/Red/Black","1988","","","Drivegear",""
"DNF","DNF","1NG","Richard Montoni","SpecE30","","","DNF","0.249","30","","","","","","","",""
