"Pos","PIC","No.","Name","Class","Best Tm","Laps","Diff","Gap","Points","Make","Model","Color","Year","City","State","Sponsor","Email"
"1","1","530","Michael Sousa","GTS2","2:06.792","14","","","100","BMW","M3","Red/Black/White","1997","Coventry","CT","CIP Motorsports","rokkitman1@gmail.com"
"2","1","802","Daniel Honovich","Super Touring 4","2:06.517","14","0.675","0.675","50","Honda","S2000","D.Gray","2002","Carmel","NY","www.MossbergOwners.com","sales@danhonovich.com"
"3","2","121","Douglas Horton","GTS2","2:07.785","14","11.644","10.969","90","BMW","M3","White","1995","Brooklyn","NY","","doug.bmxdude77@gmail.com"
"4","3","39","Mike Miller","GTS2","2:07.754","14","11.814","0.170","85","BMW","M3","Yellow/Black/White","1992","Woodbridge","CT","","mike@millersoftwareservices.com"
"5","1","29","Richard Bocanegra","Spec E46","2:12.084","14","1:02.307","50.493","100","BMW","330i","Silver/Red","2001","Bergenfield","NJ","Rogue Engineering","richjr@wymbs.com"
"6","2","64","David Pan","Spec E46","2:12.139","14","1:13.336","11.029","90","BMW","330ci","White","2003","Mt. Kisco","NY","","ephillips@kblaw.com"
"7","3","149","Steve Coppola","Spec E46","2:12.921","14","1:31.629","18.293","85","BMW","330ci","Black/Red","2001","Guilford","CT","","coppolas53@gmail.com"
"8","4","58","Chris Sullivan","Spec E46","2:13.714","14","1:35.352","3.723","80","BMW","330ci","Orange/Black","2001","Milford","MA","","csullivanracing38@hotmail.com"
"9","1","7","Jan Wang","Honda Chal 2","2:15.640","14","2:09.281","33.929","100","Honda","Civic","Red","1992","Tenafly","NJ","#redteam","JanWang74@aol.com"
"10","2","46","Michael Fries","Honda Chal 2","2:16.271","14","2:13.948","4.667","90","Honda","S2000","Yellow","2008","Westernville","NY","Lifted","mfries@twcny.rr.com"
"11","5","745","Gregory Hartman","Spec E46","2:16.063","14","2:16.004","2.056","75","BMW","330i","Black/Blue/Red","2001","Fleetwood","PA","","hartmags9@gmail.com"
"12","3","517","Zephyr Belski","Honda Chal 2","2:16.572","13","1 Lap","1 Lap","85","Acura","Integra","L.Blue/Black","1994","Middlesex","NJ","#blueteam","zbelski@gmail.com"
"13","1","122","Brian Sewell","Super Touring 5","2:14.902","13","1 Lap","4.343","100","BMW","M3","Blue","1995","Shelton","CT","","bsewell2338@gmail.com"
"14","1","27","Devin Gregory","Spec Miata","2:20.070","13","1 Lap","22.515","100","Mazda","Miata","Red","1991","Redding","CT","EFI Logics","dpgregory@gregory-builders.com"
"15","1","74G","Robert Grace","SpecE30","2:18.092","13","1 Lap","6.795","100","BMW","325i","Orange","1990","Sterling","VA","","robertgrace.h@gmail.com"
"16","2","14","David Deerson","Spec Miata","2:19.692","13","1 Lap","1.414","90","Mazda","Miata","White","2002","South River","NJ","","daviddeerson@yahoo.com"
"17","2","36","Robert Casella","SpecE30","2:18.451","13","1 Lap","1.736","90","BMW","325is","Black","1990","Pompton Plains","NJ","Axle Casella","rcasella18@aol.com"
"18","3","20","James Mertz","SpecE30","2:18.495","13","1 Lap","0.248","85","BMW","E30","Red","1991","Saylorsburg","PA","StoogeMoe Racing","goldie83@ptd.net"
"19","4","761","Michael Kovacs","SpecE30","2:18.502","13","1 Lap","8.934","80","BMW","325i","Yellow/Red/Black","1988","","","Drivegear",""
"20","3","18","Benjamin Miller","Spec Miata","2:19.599","13","1 Lap","0.680","85","Mazda","Miata","Red","1991","Midland Park","NJ","EFI Logics","benm@milleraa.com"
"21","5","477","Christopher Allen","SpecE30","2:18.760","13","1 Lap","0.942","75","BMW","325is","Gray","1988","Rydal","PA","","chrisblakeallen@gmail.com"
"22","4","415","Michael Smith","Spec Miata","2:20.143","13","1 Lap","2.705","80","Mazda","Miata","Blue","2003","Clay","NY","Spec13 Motorsports","mbsmit05@gmail.com"
"23","5","370","Chris Graham","Spec Miata","2:20.637","13","1 Lap","4.015","75","Mazda","Miata","Green","1994","Fayetteville","NY","","Cgraham278@gmail.com"
"24","6","199","Scott Dennewitz","Spec Miata","2:20.473","13","1 Lap","0.124","70","Mazda","Miata","Red","1995","","","",""
"25","6","141","Ed Cangialosi","SpecE30","2:19.290","13","1 Lap","4.071","70","BMW","325","Black","1987","White Plains","NY","Reparto Corse","edcangialosi@gmail.com"
"26","7","88","Lance Bergstein","SpecE30","2:19.333","13","1 Lap","0.871","69","BMW","325","Gray","1989","","","Drivegear",""
"27","1","358","Kenneth Martinez","Honda Chal 4","2:20.651","13","1 Lap","2.989","100","Acura","Integra","White","1996","Plainfield","NJ","","kennethmartinez35@yahoo.com"
"28","2","139","Dillon Brennan","Honda Chal 4","2:21.396","13","1 Lap","6.616","90","Honda","Civic","Red","1993","Trevose","PA","Babie Deebus Racing","10dsbrennan@gmail.com"
"29","2","81","Jeffrey Randolph","Super Touring 5","2:20.339","13","1 Lap","0.307","90","BMW","M3","Black","1998","Glenn Rock","NJ","","lawyerlr@aol.com"
"30","3","6126","Damien Price","Honda Chal 4","2:21.459","13","1 Lap","0.229","85","Honda","Civic","Silver","1997","Belleville","NJ","Hollow Tree Candle Co.","afterdarkmotorsports@gmail.com"
"31","8","87","Paul Redante","SpecE30","2:21.635","13","1 Lap","14.722","68","BMW","325is","Blue/Green","1987","","","Drivegear",""
"32","9","466","Christian Sandmann","SpecE30","2:23.019","13","1 Lap","31.679","67","BMW","325is","White","1989","Wayne","NJ","MSC Gross B�lten e.V. im ADAC","csandmann@mac.com"
"33","10","153","Sam Jadczak","SpecE30","2:22.757","13","1 Lap","0.286","66","BMW","325i","Bronze/D.Red","1989","Horsham","PA","PJ Auto Repair","samjadczak@yahoo.com"
"34","11","89","Leo Massarani","SpecE30","2:24.922","13","1 Lap","20.900","65","BMW","325i","Red","1989","","","Drivegear",""
"35","12","619NG","Jorge Giovannini","SpecE30","2:24.703","12","2 Laps","1 Lap","64","","","","","","","",""
"36","13","722","Evan Luce","SpecE30","2:25.578","12","2 Laps","6.027","63","BMW","325i","Blue","1987","Langhorn","PA","Condor Speed Shop / VAC Motorsports","evanrluce@gmail.com"
"37","14","86","Scott Smith","SpecE30","2:28.019","12","2 Laps","37.758","62","BMW","325","Yellow/Red/Black","1986","Chester","CT","","scott.w.smith@pfizer.com"
"38","15","520","Larry Marks","SpecE30","2:30.559","12","2 Laps","17.353","61","BMW","325i","Green","1987","South Windsor","CT","","nomowhal@gmail.com"
"39","3","60","Kurt Washeim","Super Touring 5","2:14.209","10","4 Laps","2 Laps","85","Mini","R-58 Coupe","D.Gray/Red","2012","Lake Hopatcong","NJ","Heinlein Racing Development","cadmad@optonline.net"
"40","4","999","Cecil Ramotar","GTS2","2:10.724","9","5 Laps","1 Lap","80","BMW","M3","Blue","1998","","","","cramotar@aol.com"
"41","4","10","Erik Olson","Honda Chal 2","2:17.043","7","7 Laps","2 Laps","80","Honda","Civic","Red","1992","Pennsburg","PA","#redteam","mosser@ptd.net"
"DNF","DNF","9","Anthony Robison","Honda Chal 2","2:18.515","5","DNF","2 Laps","40","Honda","Civic","White","1992","Bensalem","PA","","tony@fortrob.com"
"DNF","DNF","71","Ray Prato","SpecE30","2:18.903","4","DNF","1 Lap","31","BMW","325is","Silver","1989","Ringwood","NJ","","raypratojr@gmail.com"
"DNF","DNF","1NG","Richard Montoni","SpecE30","2:19.007","3","DNF","1 Lap","31","","","","","","","",""
"DNF","DNF","66","Gary Alpert","Super Touring 5","","1","DNF","","43","BMW","M3","Blue","1998","Boalsburg","PA","","Garyalpusa@gmail.com"
