Pos,PIC,No.,Name,Class,Overall BestTm,Appeared,Diff,Gap,Points,Make,Model,Year,Color,City,State,Sponsor,Email
4,1,71,Timothy Brownawell,TTS,01:46.8,4,5.008,1.912,0,Mitsubishi,EVO,2008,Grey,Harrisburg,PA,,timothybrownawell@comcast.net
5,1,42,Anthony DeLuca,Super Touring 2,01:47.4,1,5.52,0.512,0,mitsubishi,EVO-9-mr,2006,grey,Redding,CT,,Tonyevo@optonline.net
6,4,96x,Ray Kawski,Instructor,01:50.0,1,8.139,2.619,0,nissan,sentra,98,Army green,,,,
7,2,404,Peter Tiebout,TTS,01:50.9,4,9.033,0.894,0,Mitsubishi,EVO,2006,Grey,West Chester,PA,,petertiebout@comcast.net
8,1,109,John Lownik,American Iron,01:51.3,2,9.479,0.446,0,Ford,Mustang,1987,White,,,,johnlownik@msn.com
10,1,27,Daniel Sperling,GTS2,01:55.0,2,13.188,1.512,0,BMW,325is,1990,Blue,,,,mclaren281@netscape.net
11,1,515,Stephanie Holifield,Honda Chal 2,01:55.1,1,13.28,0.092,0,Honda,Civic,1984,White,Piscataway,NJ,,meanbaby013@gmail.com
12,1,99,Tony Senese,Spec Miata,01:56.4,1,14.555,1.275,0,Mazda,Miata,1994,Black,shaftsbury,VT,,tonys@nosenseyet.com
