"Pos","PIC","No.","Name","Class","Best Tm","Laps","Diff","Gap","Points","Make","Model","Color","Year","City","State","Sponsor","Email"
"1","1","16","Thomas Statnick","Super Unlimited","52.547","33","","","100","Dodge","Charger","Blue","2007","New York","NY","","trs@itfais.com"
"2","1","248","Ziggy Miejski","Super Touring 1","55.862","32","1 Lap","1 Lap","100","Chevrolet","Corvette","Red","2002","","","","Zigster316@optonline.net"
"3","2","12","Greg Sobolewski","Super Touring 1","55.306","32","1 Lap","22.167","90","Chevy","Corvette","Black/Yellow","","","","",""
"4","2","225","Matthew Gaetano","Super Unlimited","58.886","31","2 Laps","1 Lap","90","Chevy","S10","White","2000","White Plains","NY","","mgae1946@yahoo.com"
"5","1","502","Marco Pires","GTS4","58.974","31","2 Laps","4.654","50","Porsche","911","Velvet Red","1989","Yonkers","NY","","marcopaulo1010@aol.com"
"6","1","611","Robert Ida","GTS5","58.641","31","2 Laps","1.894","100","Porsche","924s","green","2010","","","","RI611@aol.com"
"7","1","322","Josh Koropchak","GTS3","59.280","30","3 Laps","1 Lap","100","Volvo","S60 Challenge","Green/Orange","2001","","","","tjkoropchak11@transy.edu"
"8","1","777","Agemiro De Paula","Super Touring 2","57.707","21","12 Laps","2 Laps","100","Subaru","WRX STI","Black","2004","Whitestone","NY","","apjr1@verizon.net"
"9","2","27","Devon Gregory","Super Touring 2","57.689","30","3 Laps","7.997","90","Subaru","STi","Silver","2005","","CT","EFI Logics",""
"10","3","970","Peter McIntosh II","Super Touring 2","59.178","30","3 Laps","4.213","85","Chevy","Corvette","Black","1997","","","","pete@mcbenmotorsports.com"
"11","1","127","Jonathan Vasquez","GTS2","1:00.369","30","3 Laps","5.100","100","BMW","325I","green","1992","middle village","NY","","jvracing127@aol.com"
"12","2","73","Bryant Henson","GTS3","1:01.392","29","4 Laps","1 Lap","90","BMW","M3","Red","2002","Endicott","NY","","bhenson@stny.rr.com"
"13","2","75","Pablo Crespo","GTS2","1:01.048","29","4 Laps","0.774","90","Porsche","968","Red","1994","Hoboken","NJ","","pmcrespo@porsche-racing.net"
"14","3","54","Luiz Serva","GTS3","1:01.382","29","4 Laps","22.535","85","BMW","M3","White","1997","Southbury","CT","","lserva@prysmalending.com"
"15","1","23","Michael Fries","Honda Chal 2","1:01.520","29","4 Laps","4.249","100","Honda","S2000","Yellow","2002","Westernville","NY","","mfries@twcny.rr.com"
"16","2","36","Brian Casella","Honda Chal 2","1:02.911","29","4 Laps","11.950","100","Acura","Integra","White","","Pompton Plains","NJ","",""
"17","1","62","Christian McIntyre","SpecE30","1:04.359","28","5 Laps","1 Lap","100","BMW","325i","White","1990","Danbury","CT","","c_mcintyre@yahoo.com"
"18","4","161","Michael Gershanok","GTS3","1:02.781","28","5 Laps","7.847","80","BMW","M3","Silver","2002","Edgewater","NJ","",""
"19","2","88","Mel Shaw","SpecE30","1:05.277","28","5 Laps","1:14.813","90","BMW","E30","Blue","","","","",""
"20","1","9","Ed Cangialosi","PTE","1:07.377","27","6 Laps","1 Lap","50","Mazda","Protege","Dark Blue","1999","","","","edcangialosi@gmail.com"
"21","3","105","Samuel Jadczak","SpecE30","1:06.471","27","6 Laps","4.491","85","bmw","325i","blue","1989","Horsham","PA","","jadracers@aol.com"
"22","1","25","Joseph Staurovsky","American Iron","1:07.984","26","7 Laps","1 Lap","100","Ford","Mustang","White","1995","","","",""
"23","2","211","Kurt Hissong","GTS5","55.552","24","9 Laps","2 Laps","90","BMW","M3","black","1999","Kennebunk","ME","","khissong@hissongdevelopment.com"
"24","3","13","Steve Minghenelli","Super Unlimited","53.589","23","10 Laps","1 Lap","85","Nascar","Nascar","Red","","","","",""
"25","4","01","Robert Boucher","Super Unlimited","55.206","18","15 Laps","3 Laps","80","Diasio","962R","Blue","2006","Coventry","CT","","robertboucher@charter.net"
"26","3","80","Alan Daley","Honda Chal 2","1:02.982","15","18 Laps","3 Laps","90","honda","crx si","red","1989","West Winfield","NY","","rjd166@windstream.net"
"DNF","DNF","22","Hugh Stewart","GTS3","59.272","13","DNF","2 Laps","40","BMW","","","","","","",""
"28","4","37","Joseph Casella","Honda Chal 2","","","","","0","Acura","Integra","White/Yellow","","","","",""
"29","5","516","Spencer Anderson","Honda Chal 2","","","","","0","Honda","Civic","Red/Silver","1994","Freeport","NY","","noriceef@aol.com"
