"Pos","PIC","No.","Name","Class","Best Tm","Laps","Diff","Gap","Points","Make","Model","Color","Year","City","State","Sponsor","Email"
"1","1","13","Steve Minghenelli","Super Unlimited","1:09.168","29","","","100","Nascar","Nascar","Red","","","","",""
"2","1","29","Jake Parrott","American Iron Extreme","1:12.060","29","28.805","28.805","100","Chevy","Camaro","Silver","1972","Bridgton","ME","","jakeparrott@gmail.com"
"3","1","45","Robert Ball","GTS4","1:13.563","29","30.618","1.813","100","BMW","2002","","","","","",""
"4","1","248","Ziggy Miejski","Super Touring 1","1:12.885","29","34.307","3.689","100","Chevrolet","Corvette","Red","2002","","","","Zigster316@optonline.net"
"5","2","43","Demetrios Mirissis","GTS4","1:14.180","29","1:11.164","36.857","90","BMW","M3","Blue","1995","Huntington Station","NY","","dm930@verizon.net"
"6","1","000","Al Galossi","GTS3","1:13.961","29","1:12.190","1.026","100","BMW","M3","Blue/Orange","","","","",""
"7","2","481","Mark Lounsbury","GTS3","1:15.018","28","1 Lap","1 Lap","90","BMW","M3","Black","1996","Chadds Ford","PA","","doclouns@comcast.net"
"8","3","322","Josh Koropchak","GTS3","1:15.158","28","1 Lap","5.291","85","Volvo","S60 Challenge","Green/Orange","2001","","","","tjkoropchak11@transy.edu"
"9","1","93","Todd Honczarenko","American Iron","1:14.823","28","1 Lap","10.609","100","Ford","Mustang LX","Black","1989","Ringwood","NJ","","thonczarenko@yahoo.com"
"10","2","5","Ronald Landis","Super Touring 1","1:14.819","28","1 Lap","2.404","90","chev","corvette","red","2001","sinking spring","PA","","rslandis@hotmail.com"
"11","1","127","Jonathan Vasquez","GTS2","1:15.533","28","1 Lap","9.268","100","BMW","325I","green","1992","middle village","NY","","jvracing127@aol.com"
"12","1","212","Kurt Hissong","GTS5","1:15.277","28","1 Lap","4.779","50","BMW","","Red","","","","",""
"13","3","180","Benjamin Miller","GTS4","1:15.256","28","1 Lap","4.072","85","BMW","M3","White","1999","Elmwood Park","NJ","","benm@milleraa.com"
"14","1","10","Erik Olson","Honda Chal 2","1:17.342","28","1 Lap","25.455","100","Honda","Civic","Red","1992","","","",""
"15","2","44","Dr. Frank Celenza","GTS2","1:17.539","28","1 Lap","3.317","90","Porsche","944S2","Grey","1989","Demarest","NJ","","fastfranz@aol.com"
"16","4","22","Hugh Stewart","GTS3","1:15.075","27","2 Laps","1 Lap","80","BMW","","","","","","",""
"17","2","24","AJ Hartman","American Iron","1:18.413","27","2 Laps","0.368","90","Ford","Mustang GT","black","1999","Clementon","NJ","","adam_hartman@hotmail.com"
"18","5","161","Michael Gershanok","GTS3","1:18.127","27","2 Laps","10.373","75","BMW","M3","Silver","2002","Edgewater","NJ","",""
"19","1","193","Chris Kellett","Boxster Spec","1:19.009","27","2 Laps","8.416","50","Porsche","Boxster (BSR)","Silver","1998","Havertown","PA","","chriskellett@mac.com"
"20","1","232","Matthew Russell","SpecE30","1:19.794","27","2 Laps","29.183","100","BMW","325i","white//black/orange","1987","Flemington","NJ","","matthew.russell@bmwna.com"
"21","2","343","Peter Thibault","SpecE30","1:20.020","27","2 Laps","2.195","90","BMW","325I","gray","1991","Hamilton","NJ","","mxstyles@aol.com"
"22","3","87","Frans Hansen","SpecE30","1:20.307","26","3 Laps","1 Lap","85","BMW","325is","Blue/Green","1987","","","",""
"23","4","410","Stephen DeVinney","SpecE30","1:20.106","26","3 Laps","0.097","80","BMW","325is","sil/blk/red","1989","Atlanta","GA","","sdevinney@goddard-group.com"
"24","5","77","Sean Curran","SpecE30","1:19.944","26","3 Laps","0.847","75","bmw","325is","red","1989","Clifton","NJ","","wb256@aol.com"
"25","3","641","Kenneth Smith","GTS2","1:21.136","26","3 Laps","0.834","85","Porsche","944","Flat Black","1985","North Haledon","NJ","","nitro5384@yahoo.com"
"26","1","86","Scott Smith","GTS1","1:20.821","26","3 Laps","0.339","50","BMW","325","Yellow/Red/Black","1986","Chester","CT","","scott.w.smith@pfizer.com"
"27","1","22","Steven Bessett","Spec Miata","1:20.613","26","3 Laps","2.698","100","Mazda","Miata","BLUE","1991","chadds ford","PA","","madwrecking@yahoo.com"
"28","2","163","AJ Gillum","Spec Miata","1:21.858","26","3 Laps","15.971","90","Mazda","Miata","Yellow/Gray","1991","Westville","NJ","","ajgillum@hotmail.com"
"29","3","110","Michael Schwarz","Spec Miata","1:22.697","26","3 Laps","27.619","85","Mazda","Miata","Red","1994","Monkton","MD","","manorhillfarm@zoominternet.net"
"30","6","821","Dwight Varnes","SpecE30","1:21.586","26","3 Laps","0.421","70","BMW","325i","Blue/White","1987","","","","mxbreed2@comcast.net"
"31","2","01","Robert Boucher","Super Unlimited","1:09.420","25","4 Laps","1 Lap","90","Diasio","962R","Red","2006","Coventry","CT","","robertboucher@charter.net"
"32","6","26","Tony Salloum","GTS3","1:16.134","25","4 Laps","4:40.652","70","BMW","325","Blue","","","","",""
"33","7","105","Samuel Jadczak","SpecE30","1:23.916","25","4 Laps","54.264","69","bmw","325i","blue","1989","Horsham","PA","","jadracers@aol.com"
"34","2","36","Scott Mohr","American Iron Extreme","1:14.209","24","5 Laps","1 Lap","90","Ford","Mustang","Orange","2000","","","",""
"35","8","9","Robert Ott","SpecE30","1:22.485","24","5 Laps","1:15.219","68","BMW","325is","White","","","","",""
"36","3","225","Matthew Gaetano","Super Unlimited","1:14.563","23","6 Laps","1 Lap","85","Chevy","S10","White","2000","White Plains","NY","","mgae1946@yahoo.com"
"37","4","84","Marc Nurnberger","Spec Miata","1:23.814","17","12 Laps","6 Laps","80","Mazda","Miata","Orange/Black","1991","Newfoundland","NJ","","mnurnbe@solixinc.com"
"38","1","147","Gary Covely","Super Touring 2","1:18.614","14","15 Laps","3 Laps","50","panoz","gtra","white","1998","","","","gcovely1@verizon.net"
"DNF","DNF","235","Martin Britos","GTS3","1:14.143","13","DNF","1 Lap","35","BMW","M3","","","","","",""
"DNF","DNF","174","Robert Grace","SpecE30","1:19.794","7","DNF","6 Laps","34","BMW","325","Orange","","","","",""
"41","1","9","Ed Cangialosi","PTE","1:24.816","7","22 Laps","33.242","50","Mazda","Protege","Dark Blue","1999","","","","edcangialosi@gmail.com"
"DNF","DNF","32","Jon Baker","Honda Chal 2","1:18.869","7","DNF","31.356","50","Honda","CRX","Black","","","","",""
"DNS","DNS","223","Raphael - Jose Maurrasse","GTSU","","","DNS","","0","Porsche","996 GT3 RSR","White / Blue","2004","Woodcliff Lake","NJ","","rjm26@aol.com"
"DNS","DNS","502","Marco Pires","GTS4","","","DNS","","0","Porsche","911","Velvet Red","1989","Yonkers","NY","","marcopaulo1010@aol.com"
"DNS","DNS","23","Michael Fries","Honda Chal 1","","","DNS","","0","Honda","S2000","Yellow","2002","Westernville","NY","","mfries@twcny.rr.com"
"DNS","DNS","28","Chris Huston","PTD","","","DNS","","0","mazda","RX-7","Black","1987","Troy","NY","","CHuston22@gmail.com"
"DNS","DNS","515","Stephanie Holifield","Honda Chal 2","","","DNS","","0","Honda","Civic","White","1984","Piscataway","NJ","","meanbaby013@gmail.com"
"DQ","DQ","47","Jason Judd","GTS2","1:15.712","28","DQ","","0","Porsche","968","red","1995","","","","flamthrowr@aol.com"
