"Pos","PIC","No.","Name","Class","Best Tm","Laps","Diff","Gap","Points","Make","Model","Color","Year","City","State","Sponsor","Email"
"1","1","01","Robert Boucher","Super Unlimited","55.582","25","","","50","Diasio","962R","Blue","2006","Coventry","CT","","robertboucher@charter.net"
"2","1","27","Devon Gregory","Super Touring 2","57.890","25","17.437","17.437","100","Subaru","STi","Silver","2005","","CT","EFI Logics",""
"3","2","971","Peter McIntosh II","Super Touring 2","57.854","25","20.009","2.572","90","Chevy","Corvette","White","2005","","","","peteypablo511@hotmail.com"
"4","1","384","Dan Yonker","GTS4","59.911","25","36.344","16.335","100","Porsche","911","Green","1984","","","",""
"5","1","613","Joey G","GTS3","1:00.192","25","43.544","7.200","100","Porsche","911","White","","","","",""
"6","1","47","Jason Judd","GTSU","1:00.253","25","47.087","3.543","50","Porsche","968","red","1995","","","","flamthrowr@aol.com"
"7","3","777","Agemiro De Paula","Super Touring 2","59.896","25","49.328","2.241","85","Subaru","WRX STI","Black","2004","Whitestone","NY","","apjr1@verizon.net"
"8","2","322","Josh Koropchak","GTS3","1:00.234","25","49.461","0.133","90","Volvo","S60 Challenge","Green/Orange","2001","","","","tjkoropchak11@transy.edu"
"9","1","70","Albert Watson","American Iron","1:02.135","24","1 Lap","1 Lap","100","Ford","Mustang","White","1989","Cranford","NJ","","al_streetmotorsports@hotmail.com"
"10","3","59","Michael Goulde","GTS3","1:01.989","24","1 Lap","3.501","85","BMW","328is","Black","1996","Needham Heights","MA","","mgoulde@gmail.com"
"11","4","970","Peter McIntosh","Super Touring 2","1:03.890","23","2 Laps","1 Lap","80","Chevy","Corvette","Black","1997","","","","pete@mcbenmotorsports.com"
"12","4","161","Michael Gershanok","GTS3","1:04.113","23","2 Laps","19.611","80","BMW","M3","Silver","2002","Edgewater","NJ","",""
"13","1","74","Andy Siska","Sports Racers","1:16.709","16","9 Laps","7 Laps","100","Toyota","World Sports Racer","Black","1994","","","","as-bs@earthlink.net"
"14","5","73","Bryant Henson","GTS3","1:05.593","14","11 Laps","2 Laps","75","BMW","M3","Red","2002","Endicott","NY","","bhenson@stny.rr.com"
"15","6","22","Hugh Stewart","GTS3","1:01.331","10","15 Laps","4 Laps","70","BMW","","","","","","",""
"16","2","25","Joseph Staurovsky","American Iron","1:08.951","9","16 Laps","1 Lap","90","Ford","Mustang","White","1995","","","",""
"17","1","211","Kurt Hissong","GTS5","1:02.765","3","22 Laps","6 Laps","50","BMW","M3","black","1999","Kennebunk","ME","","khissong@hissongdevelopment.com"
"18","2","116","Joseph Rodomista","Sports Racers","1:01.334","2","23 Laps","1 Lap","90","World Sports Racer","CSR","Red","1996","","","","jvr427@optonline.net"
"19","5","42","Anthony DeLuca","Super Touring 2","2:38.218","1","24 Laps","1 Lap","75","mitsubishi","EVO-9-mr","grey","2006","Redding","CT","","Tonyevo@optonline.net"
"20","1","29","Jake Parrott","American Iron Extreme","","","25 Laps","1 Lap","50","Chevy","Camaro","Silver","1972","Bridgton","ME","","jakeparrott@gmail.com"
"21","7","64","Edward Phillips","GTS3","","","","","69","BMW","M3","black","1990","Mount Kisco","NY","","ephillips@kblaw.com"
"DQ","DQ","54","Luiz Serva","GTS3","1:01.561","24","DQ","","0","BMW","M3","White","1997","Southbury","CT","","lserva@prysmalending.com"
