"Pos","PIC","No.","Name","Class","Best Tm","Laps","Diff","Gap","Points","Make","Model","Color","Year","City","State","Sponsor","Email"
"1","1","16","Thomas Statnick","Super Unlimited","1:34.418","14",,,"100","Dodge","Charger","Blue","2007","New York","NY",,"trs@itfais.com"
"2","1","223","Raphael - Jose Maurrasse","GTSU","1:36.937","14","29.618","29.618","100","Porsche","996 GT3 RSR","White / Blue","2004","Woodcliff Lake","NJ",,"rjm26@aol.com"
"3","2","10","Scott McKee","Super Unlimited","1:39.072","14","49.049","19.431","90","Datson","240Z","White","1997",,,,"scottmckee@bellsouth.net"
"4","1","248","Ziggy Miejski","Super Touring 1","1:38.987","14","1:13.006","23.957","100","Chevrolet","Corvette","Red","2002",,,,"Zigster316@optonline.net"
"5","1","42","Anthony DeLuca","Super Touring 2","1:41.087","14","1:31.278","18.272","100","mitsubishi","EVO-9-mr","grey","2006","Redding","CT",,"Tonyevo@optonline.net"
"6","2","971","Peter McIntosh II","Super Touring 2","1:40.976","14","1:33.431","2.153","90","Chevy","Corvette","White","2005",,,,"peteypablo511@hotmail.com"
"7","1","1","Grzegorz Sobolewski","GTS4","1:43.961","13","1 Lap","1 Lap","69","BMW","M3","Black","2008","Long Valley","NJ",,"greg@eastcoastrest.com"
"8","1","18","Benjamin Miller","GTS3","1:44.596","13","1 Lap","5.856","100","BMW","M3","White","1999","Elmwood Park","NJ",,"benm@milleraa.com"
"9","2","22","Hugh Stewart","GTS3","1:44.624","13","1 Lap","0.662","90","BMW",,,,,,,
"10","1","113","Steve Katz","GTS2","1:46.288","13","1 Lap","26.933","100","Porsche","944 turbo","red","1987","Bardonia","NY",,"steve@katzinsurance.com"
"11","2","127","Jonathan Vasquez","GTS2","1:47.615","13","1 Lap","16.470","90","BMW","325I","green","1992","middle village","NY",,"jvracing127@aol.com"
"12","3","73","Bryant Henson","GTS3","1:45.939","13","1 Lap","7.386","85","BMW","M3","Red","2002","Endicott","NY",,"bhenson@stny.rr.com"
"13","4","322","Josh Koropchak","GTS3","1:47.325","13","1 Lap","0.515","80","Volvo","S60 Challenge","Green/Orange","2001",,,,"tjkoropchak11@transy.edu"
"14","1","09","Roger Jones","PTA","1:44.260","13","1 Lap","0.864","62","ProChallenge race car","Ford Mustang body","yellow","2009",,,,"rcjonesjr@cox.net"
"15","5","333","John Dunn","GTS3","1:47.639","13","1 Lap","1.732","75","bmw","e36","white","1995","woodcliff Lake","NJ",,"dunncpt@aol.com"
"16","1","23","Michael Fries","Honda Chal 1","1:48.949","13","1 Lap","12.017","50","Honda","S2000","Yellow","2002","Westernville","NY",,"mfries@twcny.rr.com"
"17","1","10","Erik Olson","Honda Chal 2","1:49.343","13","1 Lap","1.322","100","Honda","Civic","Red","1992",,,,
"18","3","970","Peter McIntosh","Super Touring 2","1:49.355","13","1 Lap","11.221","85","Chevy","Corvette","Black","1997",,,,"pete@mcbenmotorsports.com"
"19","1","24","AJ Hartman","American Iron","1:49.463","13","1 Lap","1.343","100","Ford","Mustang GT","black","1999","Clementon","NJ",,"adam_hartman@hotmail.com"
"20","1","116","Joseph Rodomista","Sports Racers","1:47.541","13","1 Lap","1.274","100","World Sports Racer","CSR","Red","1996",,,,"jvr427@optonline.net"
"21","6","475","Ariel Jurmann","GTS3","1:49.433","13","1 Lap","0.758","70","Porsche","951","Black","1986",,,,"ajurmann@gmail.com"
"22","2","36","Brian Casella","Honda Chal 2","1:50.355","13","1 Lap","0.380","90","Acura","Integra","White",,"Pompton Plains","NJ",,
"23","2","109","John Lownik","American Iron","1:49.379","13","1 Lap","10.723","90","Ford","Mustang","White","1987",,,,"johnlownik@msn.com"
"24","3","32","Jon Baker","Honda Chal 2","1:50.979","13","1 Lap","0.164","85","Honda","CRX","Black",,,,,
"25","7","646","Ronald Cohen","GTS3","1:50.528","13","1 Lap","1.842","69","porsche","944 turbo","silver/blue","1989",,,,"ron@francorestoration.com"
"26","8","161","Michael Gershanok","GTS3","1:50.950","13","1 Lap","2.664","68","BMW","M3","Silver","2002","Edgewater","NJ",,
"27","1","343","Peter Thibault","SpecE30","1:52.865","12","2 Laps","1 Lap","100","BMW","325I","gray","1991","Hamilton","NJ",,"mxstyles@aol.com"
"28","1","41","James Slechta","PTD","1:52.620","12","2 Laps","12.298","100","Nissan","300Zx","red","1984","Millers","MD",,"jpslechta@fidelityengineering.com"
"29","3","127","Daniel Sperling","GTS2","1:52.284","12","2 Laps","4.309","85","BMW","325is","Blue","1990",,,,"mclaren281@netscape.net"
"30","1","22","Steven Bessett","Spec Miata","1:53.932","12","2 Laps","7.041","100","Mazda","Miata","BLUE","1991","chadds ford","PA",,"madwrecking@yahoo.com"
"31","2","07","Michael Kane","Spec Miata","1:53.341","12","2 Laps","5.007","90","Mazda","Miata","Blue/Silver","1993","wyckoff","NJ",,"mike@amsrocks.com"
"32","1","641","Kenneth Smith","944 Cup","1:53.510","12","2 Laps","3.570","100","Porsche","944","Flat Black","1985","North Haledon","NJ",,"nitro5384@yahoo.com"
"33","2","74","andy siska","Sports Racers","1:54.371","12","2 Laps","0.994","90","Toyota","World Sports Racer","Black","1994",,,,"as-bs@earthlink.net"
"34","2","48","Jim Beirne","944 Cup","1:53.500","12","2 Laps","14.476","90","Porsche","944","Blue","1987","Clifton","NJ",,"jbeirne@optonline.net"
"35","4","9","Stephan Laputka","GTS2","1:46.711","12","2 Laps","4.650","80","PORSCHE","944 TURBO","Red/White","1989",,,,
"36","3","99","Tony Senese","Spec Miata","1:55.919","12","2 Laps","0.318","85","Mazda","Miata","Black","1994","shaftsbury","VT",,"tonys@nosenseyet.com"
"37","4","515","Stephanie Holifield","Honda Chal 2","1:57.050","12","2 Laps","13.364","80","Honda","Civic","White","1984","Piscataway","NJ",,"meanbaby013@gmail.com"
"38","2","68","Mario Tinis","GTSU","1:56.813","12","2 Laps","4.106","90","VW",,"Silver",,,,,
"39","3","72","David Mann","944 Cup","1:56.173","12","2 Laps","7.183","85","Porsche","944","Dark Blue","1986","Arlington","VA",,"acemktg@jdm3.com"
"40","1","9","Mike Cangialosi","PTE","1:58.965","12","2 Laps","16.135","50","Mazda","Protege","Dark Blue","1999",,,,"edcangialosi@gmail.com"
"41","4","101","David Fazzino","Super Touring 2","1:43.992","11","3 Laps","1 Lap","80","Mitsubishi","EVO","Silver","2003",,,,
"42","1","361","Donald Zaroda","PTF","2:05.620","11","3 Laps","3:49.805","50","Ford","Escort GT","White","1988",,,,
"43","5","193","Keith Hammitte","GTS2","1:49.877","11","3 Laps","1.426","75","BMW","325is","RED","1990",,,,"khammitte@gmail.com"
"44","1","73","David Richardson","PTC","1:50.108","11","3 Laps","48.653","50","Alfa","Spyder","Blue","1973",,,,
"45","3","225","Matthew Gaetano","Super Unlimited","1:47.164","10","4 Laps","1 Lap","85","Chevy","S10","White","2000","White Plains","NY",,"mgae1946@yahoo.com"
"46","5","06","Richard Wilson","Super Touring 2","1:44.568","7","7 Laps","3 Laps","75","Chevrolet","Corvette","Orange and White","1992","Hilton","NY",,"rnw@empireprecision.com"
"47","2","05","Ben Slechta","PTD","1:55.329","6","8 Laps","1 Lap","90","Nissan","300ZX","blue/yellow","1987",,,,"bslechta@m.marywood.edu"
"DNF","DNF","00","James VanderVliet","Sports Racers","1:59.298","2","DNF","4 Laps","45","Toyota Sports Racer","WSR","Silver","1996",,,,"jamvan@att.net"
"DNF","DNF","37","Junior n","Honda Chal 2","2:08.788","1","DNF","1 Lap","40",,,,,,,,
"DQ","DQ","138","Lawrence Dumoff","944 Cup","1:54.672","6","DQ",,"0","Porsche","944","Red","1984","Kent","CT",,"lsdumoff@earthlink.net"
