Pos,PIC,No.,Name,Class,Overall BestTm,Appeared,Diff,Gap,Points,Make,Model,Year,Color,City,State,Sponsor,Email
1,1,34,Troy Schoenmeier,TTS,01:13.6,4,,,0,Mitsubishi,Evo,2006,White,Claymont,DE,,troy.schoenmeier@astrazeneca.com
4,2,71,Timothy Brownawell,TTS,01:15.7,4,2.109,0.695,0,Mitsubishi,EVO,2008,Grey,Harrisburg,PA,,timothybrownawell@comcast.net
5,1,111,Andrea Cairone,TTB,01:15.9,4,2.226,0.117,0,BMW,MCoupe,2001,Silver,New York,NY,,ac@axisofoversteer.com
7,1,45,Robert Ball,GTS5,01:16.9,1,3.264,0.344,0,BMW,2002,,,,,,
8,1,33,Matt Bookler,PTC,01:17.7,3,4.107,0.843,0,Honda,Civic,1993,Black,North Wales,PA,,speedracer33@gmail.com
9,3,01ng,Ed Haney,TTS,01:17.8,2,4.136,0.029,0,Subaru,STi,2006,Blue,,,,
10,3,96,Ray Kawski,Instructor,01:18.3,1,4.628,0.492,0,nissan,sentra,98,Army green,,,,
12,1,19,James Hovey,Honda Chal 2,01:19.7,1,6.023,0.607,0,Honda,Civic Si,1999,Red,Franklin Lakes,NJ,,jhovey@verizon.net
13,1,163,AJ Gillum,TTE,01:20.5,4,6.901,0.878,0,Mazda,Miata,1991,Yellow/Gray,Westville,NJ,,ajgillum@hotmail.com
14,4,404,Peter Tiebout,TTS,01:20.9,2,7.268,0.367,0,Mitsubishi,EVO,2006,Grey,West Chester,PA,,petertiebout@comcast.net
15,5,17,Jake Namer,TTS,01:20.9,4,7.274,0.006,0,Subaru,STI,,Blue,New York,NY,,jakenamer@gmail.com
17,2,36,Brian Casella,Honda Chal 2,01:21.3,1,7.7,0.156,0,Acura,Integra,,White,Pompton Plains,NJ,,
19,1,2,Adam Mouradian,TTF,01:22.8,2,9.125,1.111,0,ToYoda,XXX-Runner,2006,Black is Beautiful,,,AZP Installs,
20,7,711,Jon Kellner,Instructor,01:26.1,2,12.449,3.324,0,Infiniti,G35,,Black,,,,
21,1,61,Entropy Racing,ESR,01:27.6,1,13.916,1.467,0,,,,,,,,
23,1,28,Chris Huston,PTD,01:30.2,2,16.567,2.308,0,mazda,RX-7,1987,Black,Troy,NY,,CHuston22@gmail.com
24,3,515,Stephanie Holifield,Honda Chal 2,01:59.0,1,45.364,28.797,0,Honda,Civic,1984,White,Piscataway,NJ,,meanbaby013@gmail.com
25,1,384,Dan Yonker,GTS4,,1,,,0,Porsche,911,1984,Green,,,,
