"Pos","PIC","No.","Name","Class","Best Tm","Laps","Diff","Gap","Points","Make","Model","Color","Year","City","State","Sponsor","Email"
"1","1","113","Steve Katz","944 SuperCup","1:14.673","27","","","100","Porsche","944 turbo","red","1987","Bardonia","NY","","steve@katzinsurance.com"
"2","2","9","Stephan Laputka","944 SuperCup","1:15.639","27","9.201","9.201","90","PORSCHE","944 TURBO","Red/White","1989","","","",""
"3","1","47","Jason Judd","GTS2","1:14.639","27","10.736","1.535","50","Porsche","968","red","1995","","","","flamthrowr@aol.com"
"4","3","197","Luis Vieira","944 SuperCup","1:17.298","27","49.162","38.426","85","porsche","944 s2","red","1990","","","","gotbik@aol.com"
"5","1","10","Erik Olson","Honda Chal 2","1:17.257","27","52.699","3.537","100","Honda","Civic","Red","1992","","","",""
"6","2","32","Jon Baker","Honda Chal 2","1:18.476","27","1:07.759","15.060","90","Honda","CRX","Black","","","","",""
"7","1","23","Michael Fries","Honda Chal 1","1:18.200","27","1:12.455","4.696","50","Honda","S2000","Yellow","2002","Westernville","NY","","mfries@twcny.rr.com"
"8","3","321","Sander Marques","Honda Chal 2","1:18.675","27","1:13.770","1.315","85","Acura","Integra LS","Black","2000","","","","sandertuned@gmail.com"
"9","4","36","Brian Casella","Honda Chal 2","1:18.427","27","1:17.089","3.319","80","Acura","Integra","White","","Pompton Plains","NJ","",""
"10","1","07","Michael Kane","Spec Miata","1:20.264","26","1 Lap","1 Lap","100","mazda","miata","blue/silver","1993","wyckoff","NJ","","mike@amsrocks.com"
"11","2","22","Steven Bessett","Spec Miata","1:20.382","26","1 Lap","2.111","90","Mazda","Miata","BLUE","1991","chadds ford","PA","","madwrecking@yahoo.com"
"12","3","14","Tony Senese","Spec Miata","1:20.623","26","1 Lap","12.224","85","mazda","miata","black","1994","shaftsbury","VT","","tonys@nosenseyet.com"
"13","1","72","David Mann","944 Cup","1:20.787","26","1 Lap","1.683","100","Porsche","944","Dark Blue","1986","Arlington","VA","","acemktg@jdm3.com"
"14","1","343","Justin Styles","SpecE30","1:20.915","26","1 Lap","1.162","100","BMW","325I","gray","1991","","","","mxstyles@aol.com"
"15","2","641","Kenneth Smith","944 Cup","1:20.945","26","1 Lap","0.210","90","Porsche","944","Flat Black","1985","North Haledon","NJ","","nitro5384@yahoo.com"
"16","1","28","Chris Huston","PTD","1:21.254","26","1 Lap","20.701","50","mazda","RX-7","Black","1987","Troy","NY","","CHuston22@gmail.com"
"17","4","12","Vicktor Volpe","Spec Miata","1:22.707","26","1 Lap","16.594","80","Mazda","Miata","White","1991","New Hyde Park","NY","","vicktorvolpe@gmail.com"
"18","2","821","Dwight Varnes","SpecE30","1:23.450","25","2 Laps","1 Lap","90","BMW","325i","Blue/White","1987","","","","mxbreed2@comcast.net"
"19","5","131","Peter Swarts","Honda Chal 2","1:21.017","25","2 Laps","0.327","75","Honda","Prelude","Black","1997","Bristol","CT","","pete@preludecomputing.com"
"20","1","9","Ed Cangialosi","PTE","1:24.381","25","2 Laps","1:18.039","50","Mazda","Protege","Dark Blue","1999","","","","edcangialosi@gmail.com"
"21","6","515","Stephanie Holifield","Honda Chal 2","1:22.853","24","3 Laps","1 Lap","70","Honda","Civic","White","1984","Piscataway","NJ","","meanbaby013@gmail.com"
"22","1","86","Scott Smith","GTS1","1:22.362","23","4 Laps","1 Lap","50","BMW","325","Yellow/Red/Black","1986","Chester","CT","","scott.w.smith@pfizer.com"
"23","1","33","Matt Bookler","PTC","1:17.314","19","8 Laps","4 Laps","50","Honda","Civic","Black","1993","North Wales","PA","","speedracer33@gmail.com"
"24","3","576","Vito Valentino","944 Cup","1:19.532","18","9 Laps","1 Lap","85","porsche","924s","blue","1988","","","","wdoublev@msn.com"
"DNF","DNF","77","Sean Curran","SpecE30","1:20.124","11","DNF","7 Laps","45","bmw","325is","red","1989","Clifton","NJ","","wb256@aol.com"
"DNF","DNF","138","Lawrence Dumoff","944 Cup","1:20.066","11","DNF","19.553","43","Porsche","944","Red","1984","Kent","CT","","lsdumoff@earthlink.net"
"DNF","DNF","769","Winfield Perry","944 Cup","1:21.275","6","DNF","5 Laps","8","Porsche","944","red","1983","","","","wperry@winbro.com"
"DNS","DNS","970","Peter McIntosh II","PTA","","","DNS","","0","Chevy","Corvette","Black","1997","","","","pete@mcbenmotorsports.com"
