Pos,PIC,No.,Name,Class,Overall BestTm,Appeared,Diff,Gap,Points,Make,Model,Year,Color,City,State,Sponsor,Email
1,1,318,John Allain,TTS,59.396,3,,,0,Chevy,Corvette,2000,Black,New Hartford,CT,,c5vette4247@sbcglobal.net
2,1,971,Peter McIntosh II,Super Touring 2,01:01.0,1,1.575,1.575,0,Chevy,Corvette,2005,White,,,,peteypablo511@hotmail.com
3,2,42,Anthony DeLuca,Super Touring 2,01:01.0,1,1.603,0.028,0,mitsubishi,EVO-9-mr,2006,grey,Redding,CT,,Tonyevo@optonline.net
4,2,999,Cecil Ramotar,TTS,01:01.3,4,1.877,0.274,0,BMW,M3,1998,White,,,,cramotar@aol.com
6,1,560,Bill Clayton,TTU,01:02.0,4,2.616,0.415,0,Porsche,993TT,,,,,,
7,1,109,John Lownik,American Iron,01:03.3,3,3.908,1.292,0,Ford,Mustang,1987,White,,,,johnlownik@msn.com
8,3,17,Jake Namer,TTS,01:04.0,4,4.637,0.729,0,Mazda,RX7,1993,Black,New York,NY,,jakenamer@gmail.com
10,1,75,AJ Goldsmith,TTE,01:04.7,3,5.334,0.313,0,Mazda,Miata,,Blue,,,,
11,1,77,Sean Curran,SpecE30,01:05.0,1,5.586,0.252,0,bmw,325is,1989,red,Clifton,NJ,,wb256@aol.com
13,1,24NG,Katie Day,Spec Miata,01:12.2,1,12.77,0.554,0,mazda,miata,1991,White / Yellow,,,,katie-day@hotmail.com
14,1,277,James Levine,944 SuperCup,01:22.1,1,22.742,9.972,0,Porsche,944 Turbo,1988,Silver,Nyack,NY,,jrlphoto@mac.com
15,2,36,Scott Mohr,American Iron,,1,,,0,Ford,Mustang,2000,Orange,,,,
