"Pos","PIC","No.","Name","Class","Best Tm","Laps","Diff","Gap","Points","Make","Model","Color","Year","City","State","Sponsor","Email"
"1","1","01","Robert Boucher","Super Unlimited","55.614","27","","","50","Diasio","962R","Blue","2006","Coventry","CT","","robertboucher@charter.net"
"2","1","248","Ziggy Miejski","Super Touring 1","57.701","27","26.176","26.176","50","Chevrolet","Corvette","Red","2002","","","","Zigster316@optonline.net"
"3","1","27","Devon Gregory","Super Touring 2","58.908","27","49.054","22.878","100","Subaru","STi","Silver","2005","","CT","EFI Logics",""
"4","1","29","Jake Parrott","American Iron Extreme","59.292","27","58.727","9.673","50","Chevy","Camaro","Silver","1972","Bridgton","ME","","jakeparrott@gmail.com"
"5","2","42","Anthony DeLuca","Super Touring 2","59.702","27","59.373","0.646","90","mitsubishi","EVO-9-mr","grey","2006","Redding","CT","","Tonyevo@optonline.net"
"6","1","322","Josh Koropchak","GTS3","59.743","26","1 Lap","1 Lap","100","Volvo","S60 Challenge","Green/Orange","2001","","","","tjkoropchak11@transy.edu"
"7","1","384","Dan Yonker","GTS4","59.816","26","1 Lap","1.670","100","Porsche","911","Green","1984","","","",""
"8","2","43","Demetrios Mirissis","GTS4","59.487","26","1 Lap","1.074","90","BMW","M3","Blue","1995","Huntington Station","NY","","dm930@verizon.net"
"9","3","777","Agemiro De Paula","Super Touring 2","59.102","26","1 Lap","0.174","85","Subaru","WRX STI","Black","2004","Whitestone","NY","","apjr1@verizon.net"
"10","2","22","Hugh Stewart","GTS3","59.642","26","1 Lap","0.363","90","BMW","","","","","","",""
"11","3","613","Joey G","GTS3","1:00.291","26","1 Lap","6.419","85","Porsche","911","White","","","","",""
"12","1","212","Kurt Hissong","GTS5","1:00.445","26","1 Lap","8.249","50","BMW","","Red","","","","",""
"13","1","93","Todd Honczarenko","American Iron","1:01.013","26","1 Lap","2.021","100","Ford","Mustang LX","Black","1989","Ringwood","NJ","","thonczarenko@yahoo.com"
"14","2","70","Albert Watson","American Iron","1:01.485","26","1 Lap","16.761","90","Ford","Mustang","White","1989","Cranford","NJ","","al_streetmotorsports@hotmail.com"
"15","4","64","Edward Phillips","GTS3","1:01.105","26","1 Lap","0.916","80","BMW","M3","black","1990","Mount Kisco","NY","","ephillips@kblaw.com"
"16","5","59","Michael Goulde","GTS3","1:01.828","26","1 Lap","0.566","75","BMW","328is","Black","1996","Needham Heights","MA","","mgoulde@gmail.com"
"17","6","54","Luiz Serva","GTS3","1:01.037","26","1 Lap","11.315","70","BMW","M3","White","1997","Southbury","CT","","lserva@prysmalending.com"
"18","3","109","John Lownik","American Iron","1:06.998","25","2 Laps","1 Lap","85","Ford","Mustang","White","1987","","","","johnlownik@msn.com"
"DNF","DNF","970","Peter McIntosh","Super Touring 2","1:04.818","5","DNF","20 Laps","43","Chevy","Corvette","Black","1997","","","","pete@mcbenmotorsports.com"
"DNF","DNF","971","Peter McIntosh II","Super Touring 2","59.626","4","DNF","1 Lap","43","Chevy","Corvette","White","2005","","","","peteypablo511@hotmail.com"
"DNS","DNS","116","Joseph Rodomista","Sports Racers","","","DNS","","0","World Sports Racer","CSR","Red","1996","","","","jvr427@optonline.net"
"DNS","DNS","161","Michael Gershanok","GTS3","","","DNS","","0","BMW","M3","Silver","2002","Edgewater","NJ","",""
"DNS","DNS","73","Bryant Henson","GTS3","","","DNS","","0","BMW","M3","Red","2002","Endicott","NY","","bhenson@stny.rr.com"
