"Pos","PIC","No.","Name","Class","Best Tm","Laps","Diff","Gap","Points","Make","Model","Color","Year","City","State","Sponsor","Email"
"1","1","100","Paul Fusco","GTS5","1:10.942","27","","","100","porsche","911","yellow","1972","mendham","NJ","","momo9191@aol.com"
"2","1","971","Peter McIntosh II","Super Touring 2","1:11.225","27","4.504","4.504","100","Chevy","Corvette","White","2005","","","","peteypablo511@hotmail.com"
"3","2","27","Devon Gregory","Super Touring 2","1:10.726","27","5.263","0.759","90","Subaru","STi","Silver","2005","","CT","EFI Logics",""
"4","1","384","Dan Yonker","GTS4","1:12.654","27","35.267","30.004","100","Porsche","911","Green","1984","","","",""
"5","1","000","Al Galossi","GTS3","1:12.923","27","46.397","1.578","100","BMW","M3","Blue/Orange","","","","",""
"6","1","599","Robert Giuliante","GTSU","1:12.795","27","52.575","6.178","175","porsche","911","Silver","1993","","","","rgiuliante@verizon.net"
"7","1","133","Robert Avati","American Iron","1:13.841","26","1 Lap","1 Lap","100","FORD","MUSTANG","RED","1987","","","","AUTOTEK440@AOL.COM"
"8","2","322","Josh Koropchak","GTS4","1:13.793","26","1 Lap","9.501","90","Volvo","S60 Challenge","Green/Orange","2001","","","","tjkoropchak11@transy.edu"
"9","2","45","Robert Ball","GTS5","1:12.811","26","1 Lap","8.425","90","BMW","2002","","","","","",""
"10","3","06","Richard Wilson","Super Touring 2","1:13.546","26","1 Lap","0.008","85","Chevrolet","Corvette","Orange and White","1992","Hilton","NY","","rnw@empireprecision.com"
"11","2","93","Todd Honczarenko","American Iron","1:14.898","26","1 Lap","1.569","90","Ford","Mustang LX","Black","1989","Ringwood","NJ","","thonczarenko@yahoo.com"
"12","2","64","Edward Phillips","GTS3","1:14.504","26","1 Lap","5.269","90","BMW","M3","black","1990","Mount Kisco","NY","","ephillips@kblaw.com"
"13","3","481","Mark Lounsbury","GTS3","1:14.730","26","1 Lap","13.541","85","BMW","M3","Black","1996","","","","doclouns@comcast.net"
"14","4","37","Charles Belluardo","GTS3","1:15.556","26","1 Lap","1.753","80","Porsche","911","White","1990","Colts Neck","NJ","","chas911@aol.com"
"15","3","212","Kurt Hissong","GTS5","1:15.298","26","1 Lap","1.544","85","BMW","","Red","","","","",""
"16","3","70","Albert Watson","American Iron","1:15.245","26","1 Lap","0.509","85","Ford","Mustang","White","1989","Cranford","NJ","","al_streetmotorsports@hotmail.com"
"17","4","611","Robert Ida","GTS5","1:15.429","26","1 Lap","16.689","80","Porsche","924s","green","2010","","","","RI611@aol.com"
"18","5","475","Ariel Jurmann","GTS3","1:18.080","25","2 Laps","1 Lap","75","Porsche","951","Black","1986","","","","ajurmann@gmail.com"
"19","5","36","Scott Mohr","GTS5","1:11.253","22","5 Laps","3 Laps","75","Porsche","996 Carrera GT3 Cup","White","1999","","","","mohrspeed@att.net"
"20","6","22","Hugh Stewart","GTS3","1:14.316","14","13 Laps","8 Laps","70","BMW","","","","","","",""
"21","7","26","Tony Salloum","GTS3","1:16.153","13","14 Laps","1 Lap","69","BMW","325","Blue","","","","",""
"22","8","235","Martin Britos","GTS3","1:13.151","27","44.819","9.552","-31","BMW","M3","","","","","",""
"DNF","DNF","970","Peter McIntosh","Super Touring 2","1:16.251","11","DNF","2 Laps","135","Chevy","Corvette","Black","1997","","","","pete@mcbenmotorsports.com"
