"Pos","PIC","No.","Name","Class","Overall BestTm","Appeared","Diff","Gap","Points","Make","Model","Year","Color","City","State","Sponsor","Email"
"1","1","71","Timothy Brownawell","TTS","1:15.692","3","","","0","Mitsubishi","EVO","2008","Grey","Harrisburg","PA","","timothybrownawell@comcast.net"
"2","2","3","David Anzalone","TTS","1:16.989","1","1.297","1.297","0","bmw","m3","2004","","","","",""
"3","3","404","Peter Tiebout","TTS","1:19.546","3","3.854","2.557","0","Mitsubishi","EVO","2006","Grey","West Chester","PA","","petertiebout@comcast.net"
"4","1","296","Char Perera","TTB","1:19.621","2","3.929","0.075","0","Mitsubishi","Evo","2006","White","Darien","CT","","charith@mahasona.net"
"5","1","21","Thai Diep","TTC","1:19.829","1","4.137","0.208","0","Honda","S2000","2001","Yellow","Carlisle","PA","","taidiep@gmail.com"
"6","2","21","Thai Diep","TTB","1:23.230","2","7.538","3.401","0","Honda","S2000","2001","Yellow","Carlisle","PA","","taidiep@gmail.com"
"7","1","418","Justin Good","TTD","1:24.246","3","8.554","1.016","0","BMW","325is","1987","Red","Ephrata","PA","","justin@apexeta.com"
"8","4","17","Jake Namer","TTS","1:24.481","3","8.789","0.235","0","Mazda","RX7","1993","Black","New York","NY","","jakenamer@gmail.com"
