Pos,PIC,No.,Name,Class,Overall BestTm,Appeared,Diff,Gap,Points,Make,Model,Year,Color,City,State,Sponsor,Email
4,1,611,Robert Ida,GTS5,01:39.7,2,3.55,2.379,0,Porsche,924s,2010,green,,,,RI611@aol.com
5,3,96x,Ray Kawski,Instructor,01:42.0,2,5.903,2.353,0,nissan,sentra,98,Army green,,,,
7,1,646,Ronald Cohen,GTS3,01:43.7,2,7.645,1.447,0,porsche,944 turbo,1989,silver/blue,,,,ron@francorestoration.com
8,1,971,Peter McIntosh II,Super Touring 2,01:51.8,1,15.654,8.009,0,Chevy,Corvette,2005,White,,,,peteypablo511@hotmail.com
