"Pos","PIC","No.","Name","Class","Best Tm","Laps","Diff","Gap","Points","Make","Model","Color","Year","City","State","Sponsor","Email"
"1","1","211","Kurt Hissong","GTS5","56.227","33","","","100","BMW","M3","black","1999","Kennebunk","ME","","khissong@hissongdevelopment.com"
"2","1","225","Matthew Gaetano","Super Unlimited","58.508","33","34.818","34.818","100","Chevy","S10","White","2000","White Plains","NY","","mgae1946@yahoo.com"
"3","1","22","Hugh Stewart","GTS3","59.031","33","39.306","4.488","100","BMW","","","","","","",""
"4","1","27","Devon Gregory","Super Touring 2","57.326","32","1 Lap","1 Lap","100","Subaru","STi","Silver","2005","","CT","EFI Logics",""
"5","2","970","Peter McIntosh II","Super Touring 2","59.419","32","1 Lap","1.345","90","Chevy","Corvette","Black","1997","","","","pete@mcbenmotorsports.com"
"6","1","127","Jonathan Vasquez","GTS2","1:00.126","32","1 Lap","5.968","100","BMW","325I","green","1992","middle village","NY","","jvracing127@aol.com"
"7","2","75","Pablo Crespo","GTS2","1:00.893","32","1 Lap","24.731","90","Porsche","968","Red","1994","Hoboken","NJ","","pmcrespo@porsche-racing.net"
"8","1","23","Michael Fries","Honda Chal 1","1:01.690","31","2 Laps","1 Lap","50","Honda","S2000","Yellow","2002","Westernville","NY","","mfries@twcny.rr.com"
"9","2","161","Michael Gershanok","GTS3","1:01.659","31","2 Laps","26.231","90","BMW","M3","Silver","2002","Edgewater","NJ","",""
"10","1","32","Jon Baker","Honda Chal 2","1:02.640","31","2 Laps","9.441","100","Honda","CRX","Black","","","","",""
"11","1","87","Jon Allen","SpecE30","1:03.418","30","3 Laps","1 Lap","100","BMW","325is","Blue/Green","1987","","","",""
"12","2","36","Brian Casella","Honda Chal 2","1:02.824","30","3 Laps","6.891","90","Acura","Integra","White","","Pompton Plains","NJ","",""
"13","2","62","Christian McIntyre","SpecE30","1:03.855","30","3 Laps","6.571","90","BMW","325i","White","1990","Danbury","CT","","c_mcintyre@yahoo.com"
"14","3","927","Daniel Sperling","GTS2","1:04.252","30","3 Laps","14.384","85","BMW","325is","Blue","1990","","","","mclaren281@netscape.net"
"15","1","73","David Richardson","PTC","1:02.480","30","3 Laps","18.839","50","Alfa","Spyder","Blue","1973","","","",""
"16","3","88","Mel Shaw","SpecE30","1:04.421","30","3 Laps","28.469","85","BMW","E30","Blue","","","","",""
"17","1","25","Joseph Staurovsky","American Iron","1:05.898","29","4 Laps","1 Lap","100","Ford","Mustang","White","1995","","","",""
"18","1","26","Jim Roberts","Spec Miata","1:06.578","29","4 Laps","16.697","50","Mazda","Miata","Yellow","1990","Mount Joy","PA","","jimbobcorv@embarqmail.com"
"19","4","105","Samuel Jadczak","SpecE30","1:07.806","28","5 Laps","1 Lap","80","bmw","325i","blue","1989","Horsham","PA","","jadracers@aol.com"
"20","3","515","Stephanie Holifield","Honda Chal 2","1:03.499","20","13 Laps","8 Laps","85","Honda","Civic","White","1984","Piscataway","NJ","","meanbaby013@gmail.com"
"21","1","9","Mike Cangialosi","PTE","1:07.487","18","15 Laps","2 Laps","50","Mazda","Protege","Dark Blue","1999","","","","edcangialosi@gmail.com"
"22","1","186","Donald Zaroda","PTF","1:09.917","15","18 Laps","3 Laps","50","Ford","Escort GT","White","1988","","","",""
"23","4","516","Spencer Anderson","Honda Chal 2","","","","","0","Honda","Civic","Red/Silver","1994","Freeport","NY","","noriceef@aol.com"
"24","5","37","Joseph Casella","Honda Chal 2","","","","","0","Acura","Integra","White/Yellow","","","","",""
"DQ","DQ","322","Josh Koropchak","GTS3","58.874","33","DQ","","0","Volvo","S60 Challenge","Green/Orange","2001","","","","tjkoropchak11@transy.edu"
