Pos,PIC,No.,Name,Class,Overall BestTm,Appeared,Diff,Gap,Points,Make,Model,Year,Color,City,State,Sponsor,Email
2,1,61,John Robbins,TTS,59.094,3,1.891,1.891,0,Mitsubishi,EVO X,2008,Grey,Ridgefield,CT,,John@jprautosports.com
3,2,71,Timothy Brownawell,TTS,59.149,3,1.946,0.055,0,Mitsubishi,EVO,2008,Grey,Harrisburg,PA,,timothybrownawell@comcast.net
4,3,404,Peter Tiebout,TTS,01:00.8,2,3.593,1.647,0,Mitsubishi,EVO,2006,Grey,West Chester,PA,,petertiebout@comcast.net
5,1,21,Thai Diep,TTB,01:01.0,3,3.792,0.199,0,Honda,S2000,2001,Yellow,Carlisle,PA,,taidiep@gmail.com
6,1,999,Cecil Ramotar,TTA,01:01.1,3,3.859,0.067,0,BMW,M3,1998,White,,,,cramotar@aol.com
7,1,27,Devon Gregory,Super Touring 2,01:01.2,1,3.964,0.105,0,Subaru,STi,2005,Silver,,CT,EFI Logics,
10,1,105,Samuel Jadczak,SpecE30,01:09.6,1,12.356,0.08,0,bmw,325i,1989,blue,Horsham,PA,,jadracers@aol.com
