"Pos","PIC","No.","Name","Class","Best Tm","Laps","Diff","Gap","Points","Make","Model","Color","Year","City","State","Sponsor","Email"
"1","1","44","Dr. Frank Celenza","944 SuperCup","1:00.954","31","","","100","Porsche","944S2","Grey","1989","Demarest","NJ","","fastfranz@aol.com"
"2","1","127","Jonathan Vasquez","GTS2","1:01.266","31","2.340","2.340","100","BMW","325I","green","1992","middle village","NY","","jvracing127@aol.com"
"3","2","9","Luis Vieira","944 SuperCup","1:01.135","31","2.904","0.564","90","porsche","944 s2","red","1990","","","","gotbik@aol.com"
"4","2","193","Keith Hammitte","GTS2","1:01.773","31","25.606","22.702","90","BMW","325is","RED","1990","","","","khammitte@gmail.com"
"5","3","131","Ann Lamport Hammitte","GTS2","1:02.511","31","35.032","9.426","85","BMW","M3","Red","1988","Jamaica Plain","MA","","ahammitte@LL-A.com"
"6","4","56","Michael Norek","GTS2","1:03.023","31","38.858","3.826","80","BMW","325is","Red","1988","Quincy","MA","","mnorek@gmail.com"
"7","1","52NG","Donald Duman","Spec Miata","1:02.951","31","40.591","1.733","100","Mazda","Miata","Red","1990","","","","dduman@saa.com"
"8","1","177","Mike Miller","PTB","1:03.527","31","1:41.645","1:01.054","100","Mazda","RX-7 Turbo","White/Black","1986","","","","mike@millersoftwareservices.com"
"9","3","861","Norm Mandell","944 SuperCup","1:03.579","31","1:53.479","11.834","85","Porsche","968","White","","","","",""
"10","1","86","Scott Smith","GTS1","1:03.471","30","1 Lap","6.424","50","BMW","325","Yellow/Red/Black","1986","Chester","CT","","scott.w.smith@pfizer.com"
"11","4","101","Jim Clemens","944 SuperCup","1:03.316","30","1 Lap","1.221","80","Porsche","968","Black","1995","New York","NY","","clem@alum.mit.edu"
"12","5","83","Wayne Sonntag","GTS2","1:03.202","30","1 Lap","0.668","75","BMW","325is","White","1987","","","","sonnettwh@netscape.net"
"13","1","77","Sean Curran","SpecE30","1:03.884","30","1 Lap","0.369","100","bmw","325is","red","1989","Clifton","NJ","","wb256@aol.com"
"14","1","576","Vito Valentino","944 Cup","1:04.230","30","1 Lap","22.320","100","porsche","924s","blue","1988","","","","wdoublev@msn.com"
"15","2","72","David Mann","944 Cup","1:03.613","30","1 Lap","0.388","90","Porsche","944","Dark Blue","1986","Arlington","VA","","acemktg@jdm3.com"
"16","2","25NG","Skip Day","Spec Miata","1:04.145","30","1 Lap","4.039","90","mazda","Miata","Blue / Yellow","1997","","","","skipday@daydesign.com"
"17","1","73","David Richardson","PTC","1:04.609","30","1 Lap","8.095","50","Alfa","Spyder","Blue","1973","","","",""
"18","5","277","James Levine","944 SuperCup","1:03.389","30","1 Lap","14.161","75","Porsche","944 Turbo","Silver","1988","Nyack","NY","","jrlphoto@mac.com"
"19","3","23NG","Ken Quartuccio","Spec Miata","1:05.306","29","2 Laps","1 Lap","85","mazda","miata","grey","2001","","","","kenquartuccio@yahoo.com"
"20","4","42","Vicktor Volpe","Spec Miata","1:04.452","29","2 Laps","9.316","80","Mazda","Miata","White","1991","New Hyde Park","NY","","vicktorvolpe@gmail.com"
"21","5","54NG","Jeffrey campbell","Spec Miata","1:06.363","29","2 Laps","29.351","75","Mazda","Miata","Silver","1995","","","","campbell.j@verizon.net"
"22","6","24NG","Katie Day","Spec Miata","1:06.937","28","3 Laps","1 Lap","70","mazda","miata","White / Yellow","1991","","","","katie-day@hotmail.com"
"23","3","769","Winfield Perry","944 Cup","1:05.576","28","3 Laps","24.284","85","Porsche","944","red","1983","","","","wperry@winbro.com"
"24","7","99","Tony Senese","Spec Miata","1:03.638","30","1 Lap","1 Lap","69","Mazda","Miata","Black","1994","shaftsbury","VT","","tonys@nosenseyet.com"
"25","8","53NG","Robert Bath","Spec Miata","1:04.236","30","1 Lap","0.471","68","Mazda","Miata","Blue","1994","","","","Robertbath@sbcglobal.net"
"26","1","36","Brian Casella","Honda Chal 2","1:03.175","27","4 Laps","1 Lap","50","Acura","Integra","White","","Pompton Plains","NJ","",""
"27","1","186","Donald Zaroda","PTF","1:11.286","27","4 Laps","3:59.548","50","Ford","Escort GT","White","1988","","","",""
"28","1","970","Peter McIntosh","PTA","1:02.705","21","10 Laps","6 Laps","50","Chevy","Corvette","Black","1997","","","","pete@mcbenmotorsports.com"
"29","6","927","Daniel Sperling","GTS2","1:04.263","18","13 Laps","3 Laps","70","BMW","325is","Blue","1990","","","","mclaren281@netscape.net"
"30","2","79","RJ Ford","PTB","1:05.835","17","14 Laps","1 Lap","90","Mercury","Capri","White","1979","","","",""
"DNF","DNF","49","Don Stevenson","GTS2","1:03.161","8","DNF","9 Laps","35","BMW","325i","White","1988","Charlestown","MA","","don.stevenson2@gmail.com"
"DNS","DNS","156","Ron Cohn","944 SuperCup","","","DNS","","0","Porsche","944","Green","","","","",""
"DNS","DNS","14","John Brandenberger","944 Cup","","","DNS","","0","Porsche","944","","","","","",""
