"Pos","PIC","No.","Name","Class","Best Tm","Laps","Diff","Gap","Points","Make","Model","Color","Year","City","State","Sponsor","Email"
"1","1","223","Raphael - Jose Maurrasse","GTSU","1:08.760","30","","","100","Porsche","996 GT3 RSR","White / Blue","2004","Woodcliff Lake","NJ","","rjm26@aol.com"
"2","1","01","Robert Boucher","Super Unlimited","1:09.557","30","9.268","9.268","100","Diasio","962R","Red","2006","Coventry","CT","","robertboucher@charter.net"
"3","1","211","Kurt Hissong","GTS5","1:09.673","30","31.252","21.984","100","BMW","M3","black","1999","Kennebunk","ME","","khissong@hissongdevelopment.com"
"4","1","248","Ziggy Miejski","Super Touring 1","1:10.712","30","41.801","10.549","100","Chevrolet","Corvette","Red","2002","","","","Zigster316@optonline.net"
"5","1","502","Marco Pires","GTS4","1:13.534","29","1 Lap","1 Lap","100","Porsche","911","Velvet Red","1989","Yonkers","NY","","marcopaulo1010@aol.com"
"6","1","000","Al Galossi","GTS3","1:12.597","29","1 Lap","0.190","100","BMW","M3","Blue/Orange","","","","",""
"7","2","384","Dan Yonker","GTS4","1:12.645","29","1 Lap","0.790","90","Porsche","911","Green","1984","","","",""
"8","2","235","Martin Britos","GTS3","1:13.550","29","1 Lap","0.541","90","BMW","M3","","","","","",""
"9","2","49","David Moore","Super Unlimited","1:10.327","29","1 Lap","0.281","90","Dodge","Viper Comp Coupe Chassie #49","Red","2005","Bridgewater","NJ","","df.screw@verizon.net"
"10","2","20","Bam Bam Catrone","GTSU","1:13.393","29","1 Lap","31.022","90","Porsche","911","Silver","","","","",""
"11","1","93","Todd Honczarenko","American Iron","1:15.104","29","1 Lap","9.059","100","Ford","Mustang LX","Black","1989","Ringwood","NJ","","thonczarenko@yahoo.com"
"12","2","36","Scott Mohr","American Iron","1:14.987","29","1 Lap","0.191","90","Ford","Mustang","Orange","2000","","","",""
"13","3","62","Steve Kwiat","GTS3","1:15.784","29","1 Lap","22.450","85","Porsche","Boxster S","Black","","","","",""
"14","4","322","Josh Koropchak","GTS3","1:14.518","29","1 Lap","1.231","80","Volvo","S60 Challenge","Green/Orange","2001","","","","tjkoropchak11@transy.edu"
"15","3","70","Albert Watson","American Iron","1:15.142","28","2 Laps","1 Lap","85","Ford","Mustang","White","1989","Cranford","NJ","","al_streetmotorsports@hotmail.com"
"16","5","64","Edward Phillips","GTS3","1:15.852","28","2 Laps","1.517","75","BMW","M3","black","1990","Mount Kisco","NY","","ephillips@kblaw.com"
"17","1","127","Jonathan Vasquez","GTS2","1:16.897","28","2 Laps","50.707","100","BMW","325I","green","1992","middle village","NY","","jvracing127@aol.com"
"18","1","28","Bill Hallman","American Iron Extreme","1:17.830","28","2 Laps","3.075","100","Ford","Mustang","White","1995","","","",""
"19","3","180","Benjamin Miller","GTS4","1:16.220","28","2 Laps","6.072","85","BMW","M3","White","1999","Elmwood Park","NJ","","benm@milleraa.com"
"20","1","147","Gary Covely","Super Touring 2","1:18.426","28","2 Laps","0.374","100","panoz","gtra","white","1998","","","","gcovely1@verizon.net"
"21","4","24","AJ Hartman","American Iron","1:18.391","28","2 Laps","18.953","80","Ford","Mustang GT","black","1999","Clementon","NJ","","adam_hartman@hotmail.com"
"22","1","193","Chris Kellett","Boxster Spec","1:19.077","27","3 Laps","1 Lap","100","Porsche","Boxster (BSR)","Silver","1998","Havertown","PA","","chriskellett@mac.com"
"23","1","343","Peter Thibault","SpecE30","1:19.330","27","3 Laps","7.416","100","BMW","325I","gray","1991","Hamilton","NJ","","mxstyles@aol.com"
"24","1","07","Michael Kane","Spec Miata","1:20.143","27","3 Laps","12.605","100","Mazda","Miata","Blue/Silver","1993","wyckoff","NJ","","mike@amsrocks.com"
"25","2","87","Frans Hansen","SpecE30","1:19.467","27","3 Laps","0.043","90","BMW","325is","Blue/Green","1987","","","",""
"26","3","232","Matthew Russell","SpecE30","1:19.357","27","3 Laps","0.515","85","BMW","325i","white//black/orange","1987","Flemington","NJ","","matthew.russell@bmwna.com"
"27","4","174","Robert Grace","SpecE30","1:19.584","27","3 Laps","4.936","80","BMW","325","Orange","","","","",""
"28","2","22","Steven Bessett","Spec Miata","1:20.085","27","3 Laps","0.493","90","Mazda","Miata","BLUE","1991","chadds ford","PA","","madwrecking@yahoo.com"
"29","1","86","Scott Smith","GTS1","1:19.447","27","3 Laps","0.226","0","BMW","325","Yellow/Red/Black","1986","Chester","CT","","scott.w.smith@pfizer.com"
"30","5","77","Sean Curran","SpecE30","1:20.021","27","3 Laps","6.788","75","bmw","325is","red","1989","Clifton","NJ","","wb256@aol.com"
"31","2","878","Michael Criscito","Boxster Spec","1:20.534","27","3 Laps","6.227","90","Porsche","Boxster (BSR)","White","1997","","","","michael.criscito@credit-suisse.com"
"32","6","410","Stephen DeVinney","SpecE30","1:20.662","27","3 Laps","1.529","70","BMW","325is","sil/blk/red","1989","Atlanta","GA","","sdevinney@goddard-group.com"
"33","5","109","John Lownik","American Iron","1:20.428","26","4 Laps","1 Lap","75","Ford","Mustang","White","1987","","","","johnlownik@msn.com"
"34","3","89","Zack Skolnick","Spec Miata","1:20.875","26","4 Laps","3.288","85","Mazda","Miata","Red","1993","Springfield","NJ","","zackskolnick89@aim.com"
"35","2","83","Wayne Sonntag","GTS2","1:19.749","26","4 Laps","19.347","90","BMW","325is","White","1987","","","","sonnettwh@netscape.net"
"36","7","821","Dwight Varnes","SpecE30","1:21.931","26","4 Laps","12.299","69","BMW","325i","Blue/White","1987","","","","mxbreed2@comcast.net"
"37","4","110","Michael Schwarz","Spec Miata","1:22.030","26","4 Laps","13.671","80","Mazda","Miata","Red","1994","Monkton","MD","","manorhillfarm@zoominternet.net"
"38","6","161","Michael Gershanok","GTS3","1:20.929","26","4 Laps","0.548","70","BMW","M3","Silver","2002","Edgewater","NJ","",""
"39","5","84","Marc Nurnberger","Spec Miata","1:23.150","26","4 Laps","3.550","75","Mazda","Miata","Orange/Black","1991","Newfoundland","NJ","","mnurnbe@solixinc.com"
"40","8","9","Robert Ott","SpecE30","1:22.110","26","4 Laps","3.908","68","BMW","325is","White","","","","",""
"41","1","9","Mike Cangialosi","PTE","1:24.216","26","4 Laps","17.843","50","Mazda","Protege","Dark Blue","1999","","","","edcangialosi@gmail.com"
"42","1","19","James Hovey","Honda Chal 2","1:18.036","25","5 Laps","1 Lap","100","Honda","Civic Si","Red","1999","Franklin Lakes","NJ","","jhovey@verizon.net"
"43","9","105","Samuel Jadczak","SpecE30","1:23.364","24","6 Laps","1 Lap","67","bmw","325i","blue","1989","Horsham","PA","","jadracers@aol.com"
"44","6","91","Raphael S Prato Jr","American Iron","1:17.347","20","10 Laps","4 Laps","70","Ford","Mustang Cobra","yellow","1998","Ringwood","NJ","","craashjr@aol.com"
"45","3","225","Matthew Gaetano","Super Unlimited","1:13.403","19","11 Laps","1 Lap","85","Chevy","S10","White","2000","White Plains","NY","","mgae1946@yahoo.com"
"46","7","97","Bill McNerney","American Iron","1:18.384","18","12 Laps","1 Lap","69","Pontiac","Firehawk","Red & White","1995","","","",""
"47","7","613","Joey G","GTS3","1:13.169","14","16 Laps","4 Laps","69","Porsche","911","","","","","",""
"48","1","28","Chris Huston","PTD","1:23.603","13","17 Laps","1 Lap","50","mazda","RX-7","Black","1987","Troy","NY","","CHuston22@gmail.com"
"DNF","DNF","516","Spencer Anderson","Honda Chal 2","1:24.971","11","DNF","2 Laps","50","Honda","Civic","Red/Silver","1994","Freeport","NY","","noriceef@aol.com"
"DNF","DNF","54","Luiz Serva","GTS3","1:16.121","8","DNF","3 Laps","35","BMW","M3","White","1997","Southbury","CT","","lserva@prysmalending.com"
"51","1","23","Michael Fries","Honda Chal 1","1:17.961","8","22 Laps","29:51.054","50","Honda","S2000","Yellow","2002","Westernville","NY","","mfries@twcny.rr.com"
"DNF","DNF","29","Jake Parrott","American Iron Extreme","1:13.608","7","DNF","1 Lap","50","Chevy","Camaro","Silver","1972","Bridgton","ME","","jakeparrott@gmail.com"
"DNF","DNF","481","Mark Lounsbury","GTS3","1:20.084","4","DNF","3 Laps","35","BMW","M3","Black","1996","Chadds Ford","PA","","doclouns@comcast.net"
"DNF","DNF","5","Ronald Landis","Super Touring 1","1:16.716","4","DNF","35:26.835","50","chev","corvette","red","2001","sinking spring","PA","","rslandis@hotmail.com"
"DNS","DNS","599","Robert Giuliante","GTS5","","","DNS","","0","porsche","911","Silver","1993","","","","rgiuliante@verizon.net"
"DNS","DNS","117","Joseph Deleon","Super Touring 2","","","DNS","","0","panoz","gtra","GREEN","1999","bayside","NY","","myfantaz@excite.com"
"DQ","DQ","47","Jason Judd","GTS2","1:14.685","29","DQ","","0","Porsche","968","red","1995","","","","flamthrowr@aol.com"
"DQ","DQ","22","Hugh Stewart","GTS3","1:13.776","29","DQ","","0","BMW","","","","","","",""
"DQ","DQ","10","Erik Olson","Honda Chal 2","1:17.611","28","DQ","","0","Honda","Civic","Red","1992","","","",""
"DQ","DQ","32","Jon Baker","Honda Chal 2","1:19.387","27","DQ","","0","Honda","CRX","Black","","","","",""
