Pos,PIC,No.,Name,Class,Overall BestTm,Appeared,Diff,Gap,Points,Make,Model,Year,Color,City,State,Sponsor,Email
1,1,451,Bill Monde,TTU,59.352,2,,,0,Porsche,GT3 Cup,2005,White,Westport,CT,,bmondejr@sbcglobal.net
2,1,318,John Allain,TTS,01:00.1,4,0.745,0.745,0,Chevy,Corvette,2000,Black,New Hartford,CT,,c5vette4247@sbcglobal.net
4,2,17,Jake Namer,TTU,01:02.4,3,3.009,1.252,0,Mazda,RX7,1993,Black,New York,NY,,jakenamer@gmail.com
5,1,333,John Dunn,GTS3,01:02.5,4,3.135,0.126,0,bmw,e36,1995,white,woodcliff Lake,NJ,,dunncpt@aol.com
6,3,560,Bill Clayton,TTU,01:03.0,4,3.696,0.561,0,Porsche,993TT,,,,,,
8,2,37,Robert Casella,TTS,01:04.9,2,5.553,1.64,0,Acura,Integra,,White,Pompton Plains,NJ,,
9,3,16,Steve Farley,HPDE,01:05.5,3,6.139,0.586,0,Audi,S4,,,,,,
10,1,277,James Levine,944 SuperCup,01:06.4,1,7.051,0.912,0,Porsche,944 Turbo,1988,Silver,Nyack,NY,,jrlphoto@mac.com
11,1,74,Andy Siska,Sports Racers,01:06.9,3,7.587,0.536,0,Toyota,World Sports Racer,1994,Black,,,,as-bs@earthlink.net
12,1,109,John Lownik,American Iron,01:07.0,2,7.613,0.026,0,Ford,Mustang,1987,White,,,,johnlownik@msn.com
