"Pos","PIC","No.","Name","Class","Best Tm","Laps","Diff","Gap","Points","Make","Model","Color","Year","City","State","Sponsor","Email"
"1","1","211","Kurt Hissong","GTS5","1:09.898","28","","","100","BMW","M3","black","1999","Kennebunk","ME","","khissong@hissongdevelopment.com"
"2","1","971","Peter McIntosh II","Super Touring 1","1:10.693","28","10.499","10.499","100","Chevy","Corvette","White","2005","","","","peteypablo511@hotmail.com"
"3","2","248","Ziggy Miejski","Super Touring 1","1:11.048","28","24.291","13.792","90","Chevrolet","Corvette","Red","2002","","","","Zigster316@optonline.net"
"4","2","100","Paul Fusco","GTS5","1:11.038","28","27.335","3.044","90","porsche","911","yellow","1972","mendham","NJ","","momo9191@aol.com"
"5","1","27","Devon Gregory","Super Touring 2","1:11.432","28","32.215","4.880","100","Subaru","STi","Silver","2005","","CT","EFI Logics",""
"6","3","36","Scott Mohr","GTS5","1:11.606","28","36.890","4.675","85","Porsche","996 Carrera GT3 Cup","White","1999","","","","mohrspeed@att.net"
"7","1","384","Dan Yonker","GTS4","1:12.604","28","50.625","13.735","100","Porsche","911","Green","1984","","","",""
"8","1","991","Alfred DiScipio","Super Unlimited","1:13.057","28","1:07.325","16.700","100","ferrari","360 challenge","yellow","2000","","","","alfreddiscipio@msn.com"
"9","1","000","Al Galossi","GTS3","1:12.980","28","1:11.103","3.778","100","BMW","M3","Blue/Orange","","","","",""
"10","1","599","Robert Giuliante","GTSU","1:12.295","28","1:15.955","0.205","100","porsche","911","Silver","1993","","","","rgiuliante@verizon.net"
"11","2","43","Demetrios Mirissis","GTS4","1:13.314","27","1 Lap","1 Lap","90","BMW","M3","Blue","1995","Huntington Station","NY","","dm930@verizon.net"
"12","4","098","Jared Sedacca","GTS5","1:13.111","27","1 Lap","5.057","80","BMW","E36","Blue","","","","",""
"13","1","133","Robert Avati","American Iron","1:14.591","27","1 Lap","16.701","100","FORD","MUSTANG","RED","1987","","","","AUTOTEK440@AOL.COM"
"14","2","481","Mark Lounsbury","GTS3","1:14.872","27","1 Lap","28.513","90","BMW","M3","Black","1996","","","","doclouns@comcast.net"
"15","3","20","Bam Bam Catrone","GTS3","1:14.258","26","2 Laps","1.125","85","Porsche","911","Silver","","","","",""
"16","4","64","Edward Phillips","GTS3","1:15.529","26","2 Laps","7.756","80","BMW","M3","black","1990","Mount Kisco","NY","","ephillips@kblaw.com"
"17","2","70","Albert Watson","American Iron","1:15.536","26","2 Laps","0.856","90","Ford","Mustang","White","1989","Cranford","NJ","","al_streetmotorsports@hotmail.com"
"18","5","152","Paul Sedacca","GTS3","1:15.718","26","2 Laps","5.294","75","BMW","E36 325is","Red/White","1994","cherry hill","NJ","","psedacca@yahoo.com"
"19","2","970","Peter McIntosh","Super Touring 2","1:15.807","26","2 Laps","2.441","90","Chevy","Corvette","Black","1997","","","","pete@mcbenmotorsports.com"
"20","3","93","Todd Honczarenko","American Iron","1:15.840","26","2 Laps","55.842","85","Ford","Mustang LX","Black","1989","Ringwood","NJ","","thonczarenko@yahoo.com"
"21","6","73","Bryant Henson","GTS3","1:17.974","26","2 Laps","0.707","70","BMW","M3","Red","2002","Endicott","NY","","bhenson@stny.rr.com"
"22","4","109","John Lownik","American Iron","1:17.523","26","2 Laps","0.975","80","Ford","Mustang","white","","","","",""
"23","7","475","Ariel Jurmann","GTS3","1:17.948","26","2 Laps","3.320","69","Porsche","951","Black","1986","","","","ajurmann@gmail.com"
"24","3","33","Ronald Landis","Super Touring 1","1:12.987","23","5 Laps","3 Laps","85","chev","corvette","yellow","2008","sinking spring","PA","","rslandis@hotmail.com"
"25","8","333","John Dunn","GTS3","1:16.108","19","9 Laps","4 Laps","68","bmw","e36","white","1995","woodcliff Lake","NJ","","dunncpt@aol.com"
"DNF","DNF","69","Marko Radisic","GTS3","1:15.580","8","DNF","11 Laps","34","BMW","M3","","2003","Mahwah","NJ","","marko@flirtsushi.com"
"DNF","DNF","235","Martin Britos","GTS3","1:17.288","7","DNF","1 Lap","34","BMW","M3","","","","","",""
"28","11","613","Joey G","GTS3","1:12.907","28","1:15.750","4.647","65","Porsche","911","","","","","",""
"29","12","37","Charles Belluardo","GTS3","1:15.786","26","2 Laps","1 Lap","64","Porsche","911","White","1990","Colts Neck","NJ","","chas911@aol.com"
"30","13","322","Josh Koropchak","GTS3","1:13.778","27","1 Lap","7.557","63","Volvo","S60 Challenge","Green/Orange","2001","","","","tjkoropchak11@transy.edu"
"DNF","DNF","06","Richard Wilson","Super Touring 2","1:15.551","6","DNF","1 Lap","45","Chevrolet","Corvette","Orange and White","1992","Hilton","NY","","rnw@empireprecision.com"
"DNF","DNF","14","Ralph Tommaso","Super Unlimited","1:18.712","5","DNF","1 Lap","50","Chevy","Monte Carlo","","","","","",""
"33","3","50","Tom Burdge","GTS4","1:22.621","1","27 Laps","4 Laps","45","porsche","914-6","red","1970","","","","ldburdge@verizon.net"
"DNS","DNS","160","Franco Ventimiglia","GTSU","","","DNS","","0","Porsche","Gt3RS","White","2000","","","","mxxmiglia@aol.com"
"DNS","DNS","061","Michael Gershanok","GTS4","","","DNS","","0","BMW","M3","blue","1999","Closter","NJ","","mgershanok@motorsportsne.com"
"DNS","DNS","147","Gary Covely","Super Touring 2","","","DNS","","0","panoz","gtra","white","1998","","","","gcovely1@verizon.net"
"DQ","DQ","00","Frank Sanchez","Super Touring 2","1:12.408","27","DQ","","0","Dodge","Daytona","RED","1997","","","","fsanchez20@comcast.net"
