Pos,PIC,No.,Name,Class,Overall BestTm,Appeared,Diff,Gap,Points,Make,Model,Year,Color,City,State,Sponsor,Email
1,1,34,Troy Schoenmeier,TTS,01:14.4,2,,,0,Mitsubishi,Evo,2006,White,Claymont,DE,,troy.schoenmeier@astrazeneca.com
2,1,43,Demetrios Mirissis,GTS4,01:14.7,3,0.311,0.311,0,BMW,M3,1995,Blue,Huntington Station,NY,,dm930@verizon.net
5,1,111,Andrea Cairone,TTB,01:15.4,3,1.073,0.529,0,BMW,MCoupe,2001,Silver,New York,NY,,ac@axisofoversteer.com
6,2,71,Timothy Brownawell,TTS,01:15.7,4,1.291,0.218,0,Mitsubishi,EVO,2008,Grey,Harrisburg,PA,,timothybrownawell@comcast.net
7,3,97,Bill McNerney,TTS,01:17.0,4,2.633,1.342,0,Pontiac,Firehawk,1995,Red & White,,,,
8,4,01ng,Ed Haney,TTS,01:17.0,2,2.636,0.003,0,Subaru,STi,2006,Blue,,,,
9,1,21,Thai Diep,TTC,01:17.7,4,3.368,0.732,0,Honda,S2000,2001,Yellow,Carlisle,PA,,taidiep@gmail.com
10,1,33,Matt Bookler,PTC,01:18.6,3,4.224,0.856,0,Honda,Civic,1993,Black,North Wales,PA,,speedracer33@gmail.com
11,5,17,Jake Namer,TTS,01:19.1,4,4.769,0.545,0,Subaru,STI,,Blue,New York,NY,,jakenamer@gmail.com
13,4,96,Ray Kawski,Instructor,01:19.8,2,5.466,0.688,0,nissan,sentra,98,Army green,,,,
14,5,416,Joon Kim,Instructor,01:20.1,3,5.748,0.282,0,Honda,Civic,1994,Green,Morris Plains,NJ,,mistersleepy@aol.com
15,6,404,Peter Tiebout,TTS,01:21.0,3,6.635,0.887,0,Mitsubishi,EVO,2006,Grey,West Chester,PA,,petertiebout@comcast.net
17,1,36,Brian Casella,Honda Chal 2,01:22.1,1,7.706,0.621,0,Acura,Integra,,White,Pompton Plains,NJ,,
18,1,481,Mark Lounsbury,GTS3,01:22.3,2,7.981,0.275,0,BMW,M3,1996,Black,Chadds Ford,PA,,doclouns@comcast.net
19,1,248,Ziggy Miejski,Super Touring 1,01:22.4,1,8.046,0.065,0,Chevrolet,Corvette,2002,Red,,,,Zigster316@optonline.net
21,2,515,Stephanie Holifield,Honda Chal 2,01:25.8,2,11.441,0.781,0,Honda,Civic,1984,White,Piscataway,NJ,,meanbaby013@gmail.com
22,8,711,Jon Kellner,Instructor,01:26.9,2,12.517,1.076,0,Infiniti,G35,,Black,,,,
24,1,163,AJ Gillum,TTE,01:54.7,1,40.341,27.415,0,Mazda,Miata,1991,Yellow/Gray,Westville,NJ,,ajgillum@hotmail.com
25,1,225,Matthew Gaetano,Super Unlimited,,1,,,0,Chevy,S10,2000,White,White Plains,NY,,mgae1946@yahoo.com
26,1,45,Robert Ball,GTS5,,1,,,0,BMW,2002,,,,,,
27,2,0,Al Galossi,GTS3,,1,,,0,BMW,M3,,Blue/Orange,,,,
28,3,235,Martin Britos,GTS3,,1,,,0,BMW,M3,,,,,,
30,1,47,Jason Judd,GTS2,,1,,,0,Porsche,968,1995,red,,,,flamthrowr@aol.com
31,2,1,Robert Boucher,Super Unlimited,,1,,,0,Diasio,962R,2006,Red,Coventry,CT,,robertboucher@charter.net
32,1,36,Scott Mohr,American Iron,,1,,,0,Ford,Mustang,2000,Orange,,,,
33,2,93,Todd Honczarenko,American Iron,,1,,,0,Ford,Mustang LX,1989,Black,Ringwood,NJ,,thonczarenko@yahoo.com
34,2,5,Ronald Landis,Super Touring 1,,1,,,0,Chevrolet,Corvette,2001,Red,sinking spring,PA,,rslandis@hotmail.com
35,2,322,Josh Koropchak,GTS4,,1,,,0,Volvo,S60 Challenge,2001,Green/Orange,,,,tjkoropchak11@transy.edu
