"Pos","PIC","No.","Name","Class","Overall BestTm","Appeared","Diff","Gap","Points","Make","Model","Year","Color","City","State","Sponsor","Email"
"1","1","71","Timothy Brownawell","TTS","1:13.895","3","","","0","Mitsubishi","EVO","2008","Grey","Harrisburg","PA","","timothybrownawell@comcast.net"
"2","2","3","David Anzalone","TTS","1:15.114","3","1.219","1.219","0","bmw","m3","2004","","","","",""
"3","1","296","Char Perera","TTB","1:17.277","3","3.382","2.163","0","Mitsubishi","Evo","2006","White","Darien","CT","","charith@mahasona.net"
"4","1","21","Thai Diep","TTC","1:18.147","3","4.252","0.870","0","Honda","S2000","2001","Yellow","Carlisle","PA","","taidiep@gmail.com"
"5","3","404","Peter Tiebout","TTS","1:18.556","3","4.661","0.409","0","Mitsubishi","EVO","2006","Grey","West Chester","PA","","petertiebout@comcast.net"
"6","4","17","Jake Namer","TTS","1:19.630","2","5.735","1.074","0","Mazda","RX7","1993","Black","New York","NY","","jakenamer@gmail.com"
"7","1","418","Justin Good","TTD","1:21.668","2","7.773","2.038","0","BMW","325is","1987","Red","Ephrata","PA","","justin@apexeta.com"
