"Pos","PIC","No.","Name","Class","Best Tm","Laps","Diff","Gap","Points","Make","Model","Color","Year","City","State","Sponsor","Email"
"1","1","78","Jeff Ricca","PTB","1:13.047","22","","","100","Hyundai","Genesis","Gray","","","","",""
"2","1","530","Michael Sousa","GTS2","1:13.550","22","13.945","13.945","100","BMW","M3","Red","1997","","","",""
"3","2","156","Luke Pardi","GTS2","1:13.691","22","15.633","1.688","90","BMW","M3","Black","1999","","","",""
"4","3","714","Aaron Turek","GTS2","1:14.160","22","24.184","8.551","85","BMW","M3","Green/Black/White","1997","South Windsor","CT","Munich Motorsports","munichaaron@gmail.com"
"5","1","75","John Oldt","Honda Chal 1","1:13.697","22","25.437","1.253","50","Honda","S2000","Blue/Black/Silver","2001","","","","ar-inc@rcn.com"
"6","1","516","Spencer Anderson","Honda Chal 2","1:15.565","22","1:05.649","40.212","100","Honda","Civic","Red/Silver","1994","Freeport","NY","#redteam","noriceef@aol.com"
"7","4","336","Dan Harnick","GTS2","1:14.067","21","1 Lap","1 Lap","80","BMW","M3","Black","1998","NY","NY","","dharnick@gmail.com"
"8","2","46","Michael Fries","Honda Chal 2","1:16.254","21","1 Lap","35.745","90","Honda","S2000","Yellow","2008","Westernville","NY","Lifted","mfries@twcny.rr.com"
"9","3","60","Michael Maduske","Honda Chal 2","1:16.459","21","1 Lap","0.522","85","Acura","Integra","White","1996","","","#whiteteam",""
"10","4","517","Zephyr Belski","Honda Chal 2","1:17.895","21","1 Lap","21.299","80","Acura","Integra","L.Blue","1994","","","",""
"11","2","115","Dan Gregory","PTB","1:17.876","21","1 Lap","4.944","90","Porsche","944","Black/Silver","1989","Wayne","PA","","daniellgregory@gmail.com"
"12","1","77","Sean Curran","SpecE30","1:18.589","21","1 Lap","36.895","100","BMW","325is","White/Green","1989","Clifton","NJ","","wb256@aol.com"
"13","2","477","Christopher Allen","SpecE30","1:18.972","21","1 Lap","6.609","90","BMW","325is","Black","1988","Rydal","PA","","chrisblakeallen@gmail.com"
"14","1","99","Tony Senese","Spec Miata","1:19.241","21","1 Lap","7.668","100","Mazda","Miata","Purple/Yellow","1994","shaftsbury","VT","","tonys@nosenseyet.com"
"15","2","51","Paul Redante","Spec Miata","1:18.347","20","2 Laps","1 Lap","90","Mazda","Miata","Blue","1999","Ivyland","PA","","pcdrj@verizon.net"
"16","5","102","Michael Yaskin","GTS2","1:20.394","20","2 Laps","4.693","75","BMW","M3","Silver","","","","",""
"17","3","18","Benjamin Miller","Spec Miata","1:19.590","20","2 Laps","0.887","85","Mazda","Miata","Red","1991","","","",""
"18","3","88","Michael Kovac","SpecE30","1:19.976","20","2 Laps","0.201","85","BMW","325","White","1989","","","Drivegear",""
"19","4","203","James Mertz","SpecE30","1:19.950","20","2 Laps","0.087","80","BMW","E30","Red","1991","Saylorsburg","PA","StoogeMoe Racing","goldie83@ptd.net"
"20","4","183","Xiang Li","Spec Miata","1:20.098","20","2 Laps","0.473","80","Mazda","Miata","Green/Black","1996","Amherst","MA","",""
"21","5","47G","Taku Kudo","Spec Miata","1:21.167","20","2 Laps","31.651","75","Mazda","Miata","White/Black","1995","","","",""
"22","5","89","Leo Massarani","SpecE30","1:24.976","19","3 Laps","1 Lap","75","BMW","325i","Red","1989","","","Drivegear",""
"23","5","19G","James Hovey","Honda Chal 2","1:17.493","15","7 Laps","4 Laps","75","Honda","Civic Si","Red","1999","","","",""
"DNF","DNF","219","Lenny Hong","Honda Chal 2","1:17.900","2","DNF","13 Laps","38","Acura","Integra","Red/Black","1997","","","#redteam",""
