"Pos","PIC","No.","Name","Class","Best Tm","Laps","Diff","Gap","Points","Make","Model","Color","Year","City","State","Sponsor","Email"
"1","1","170","Daniel Raver","Super Unlimited","1:08.391","22","","","100","Superlite Coupe","GT3","Green","2015","Reisterstown","MD","Agile Automotive Performance - Superlite Cars","danpatraver@gmail.com"
"2","2","96","Kurt Hissong","Super Unlimited","1:08.609","22","17.155","17.155","90","Ford","Mustang","Black","2000","Kennebunk","ME","Hissong Properties, LLC","khissong@hissongdevelopment.com"
"3","1","619","Adrian Wlostowski","Super Touring 2","1:10.481","22","37.913","20.758","100","Chevrolet","Corvette","Black","2010","Maspeth","NY","F.A.S.T. Auto","fastautomotive1@aol.com"
"4","2","38","Doug Winston","Super Touring 2","1:10.411","22","45.005","7.092","90","Chevrolet","Corvette","Yellow","","","","",""
"5","1","55G","Richard Golinello","American Iron","1:12.884","21","1 Lap","1 Lap","100","Ford","Boss 302 S","White","2012","","","",""
"6","1","22","Hugh Stewart","GTS3","1:10.914","21","1 Lap","0.628","100","BMW","328","White/Red","1992","","","",""
"7","1","166","Mathieu Lussier","GTS4","1:10.824","21","1 Lap","1.150","100","BMW","M3","Gray/Orange","2005","","","",""
"8","1","21","David Greenman","Super Touring 1","1:12.820","21","1 Lap","3.693","50","Chevrolet","Corvette","Black","1997","","","",""
"9","2","111","Mark Lounsbury","GTS4","1:10.504","21","1 Lap","0.633","90","BMW","M3","White/Black","2004","Chadds Ford","PA","VAC Motorsports","doclouns@comcast.net"
"10","2","267","Eric Curran","GTS3","1:12.189","21","1 Lap","0.555","90","BMW","","Black","","","","VAC Motorsports",""
"11","3","8","Frank Ferrara","GTS3","1:11.522","21","1 Lap","2.270","85","BMW","M3","Blue","2001","Oreland","PA","","Frank@Ferrarait.com"
"12","3","914","Jack Haberman","GTS4","1:12.008","21","1 Lap","2.175","85","BMW","M3","D.Gray","2003","Chatham","NJ","","jack.b.haberman@gmail.com"
"13","2","302","Eric Fuehrer","American Iron","1:13.061","21","1 Lap","17.112","90","Ford","Mustang","White","2014","nescopeck","PA","","mavam729@gmail.com"
"14","4","274","Michal Kuna","GTS4","1:11.540","21","1 Lap","1.514","80","BMW","M3","Maroon","2001","","","",""
"15","5","95","John Cassano","GTS4","1:11.780","21","1 Lap","1.451","75","Porsche","944T","White/Blue","1986","","","",""
"16","4","146","Chris DeFelice","GTS3","1:11.540","21","1 Lap","14.640","80","BMW","E46 M3","Silver","2001","New York","NY","","cvdefelice@gmail.com"
"17","5","85","John DeFelice","GTS3","1:12.016","21","1 Lap","2.345","75","BMW","M3","Silver","2005","Oceanside","NY","SOH","jdefelice@strianoelectric.com"
"18","6","909","Foad Razavi","GTS3","1:13.469","21","1 Lap","10.779","70","BMW","M3","Silver","2003","","","",""
"19","7","123","Eyal Adler","GTS3","1:13.868","20","2 Laps","1 Lap","69","BMW","135i","Gray/Orange","2008","","","",""
"20","1","188","John Michael Stillwagon","American Iron Extreme","1:16.563","20","2 Laps","7.060","100","Ford","FR500S","White","2008","","","",""
"21","8","136","Kazimierz Sperling","GTS3","1:14.542","20","2 Laps","0.617","68","BMW","M3","White","1997","","","",""
"22","3","91","Jeff Shaw","American Iron","1:15.744","20","2 Laps","8.198","85","Ford","Mustang Cobra","Yellow","1998","","","",""
"23","6","331","Michael Gershanok","GTS4","1:16.532","20","2 Laps","45.498","70","BMW","M3","L.Blue","","","","",""
"24","9","426","Elliot Menschik","GTS3","1:17.191","19","3 Laps","1 Lap","67","Porsche","Cayman S","White","2011","","","",""
"25","2","198","Scott Chambers","American Iron Extreme","1:18.896","19","3 Laps","19.749","90","Ford","Mustang","Black","1998","Millis","MA","","sdcham@msn.com"
"26","3","62","Joey G.","Super Unlimited","1:20.012","18","4 Laps","1 Lap","85","Mazda","Miata","Silver","","","","",""
"27","10","125","David Seidman","GTS3","1:15.709","18","4 Laps","20.388","66","BMW","M3","Avus Blue","1995","West Harrison","NY","VAC","daseidman@aol.com"
"28","4","710","David Richardson","Super Unlimited","1:21.542","18","4 Laps","28.384","80","Panoz","Esperante","Silver/Black","2006","","","",""
"29","3","83","Chris D'Ambrosio","Super Touring 2","1:16.566","15","7 Laps","3 Laps","85","Cadillac","CTS-V","Silver","2005","Long Island","NY","","bulmrkt@earthlink.net"
"30","7","72","Matthew Gaetano","GTS4","1:11.972","14","8 Laps","1 Lap","69","BMW","M3","Yellow/Black","2003","White Plains","NY","","mag@nycgss.com"
"31","4","93","Todd Honczarenko","American Iron","1:12.456","13","9 Laps","1 Lap","80","Ford","Mustang","Black","1989","","","",""
"32","3","35","Stephen Tomasso","American Iron Extreme","1:15.807","13","9 Laps","1:11.170","85","Chevrolet","Z28 Camaro","White/Black","1998","Vineland","NJ","","steve.tomasso@comcast.net"
"33","5","31","Dan Carlson","American Iron","1:12.715","21","1 Lap","2.414","75","Ford","Mustang","Black","1995","New York","NY","Realspeed","dcarlson@real-speed.com"
"DNF","DNF","55","Paul Plemenos","Super Touring 2","1:09.913","10","DNF","3 Laps","43","Chevrolet","Corvette Z06","Blue","2006","Lake Hopatcong","NJ","","Pauliep777@me.com"
"DNF","DNF","861","Robert Jackowitz","GTS3","1:13.192","9","DNF","1 Lap","33","BMW","M3","White","1999","","","",""
"DNF","DNF","3","Darius Trinka","Super Unlimited","1:30.314","2","DNF","7 Laps","40","Nissan","350Z","White","2008","","","",""
"DNF","DNF","33","Scott Mohr","Super Unlimited","1:37.392","2","DNF","5:16.666","40","Chevrolet","Corvette","Green","2003","","","","rmohr@marsm-a.com"
"DQ","DQ","19","Luiz Serva","GTS3","1:11.568","21","DQ","","0","BMW","M3","D.Blue","2001","Southbury","CT","","lserva@prysmalending.com"
