"Pos","PIC","No.","Name","Class","Best Tm","Laps","Diff","Gap","Points","Make","Model","Color","Year","City","State","Sponsor","Email"
"1","1","41","Vincent Allegretta","Super Unlimited","1:07.071","27","","","100","Chevrolet","Camaro","Silver","2002","Hampton Bays","NY","Jakes Rod Shop, Jrs Motorsports",""
"2","1","55","Paul Plemenos","Super Touring 2","1:10.496","26","1 Lap","1 Lap","100","Chevrolet","Corvette Z06","Blue","2006","Lake Hopatcong","NJ","","Pauliep777@me.com"
"3","2","38","Doug Winston","Super Touring 2","1:10.335","26","1 Lap","5.044","90","Chevrolet","Corvette","Yellow","","","","",""
"4","1","93","Todd Honczarenko","American Iron","1:11.978","26","1 Lap","23.402","100","Ford","Mustang","Black","1989","","","",""
"5","1","848","Jeffrey Segal","GTS4","1:10.081","26","1 Lap","0.188","100","BMW","M3","Silver","2002","Glastonbury","CT","CIG Private Wealth Management","Jsegal@ctinvestors.com"
"6","2","31","Dan Carlson","American Iron","1:11.880","26","1 Lap","5.532","90","Ford","Mustang","Black","1995","New York","NY","Realspeed","dcarlson@real-speed.com"
"7","3","70","Albert Watson","American Iron","1:12.653","26","1 Lap","6.764","85","Ford","Mustang","White","1989","Cranford","NJ","","al_streetmotorsports@hotmail.com"
"8","1","22","Hugh Stewart","GTS3","1:10.805","26","1 Lap","1.451","100","BMW","328","White/Red","1992","","","",""
"9","2","19","Luiz Serva","GTS3","1:11.066","25","2 Laps","1 Lap","90","BMW","M3","Black","1997","Southbury","CT","","lserva@prysmalending.com"
"10","4","15","Thom Baulisch","American Iron","1:12.400","25","2 Laps","2.459","80","Ford","Mustang Boss 302S","White","2013","Franklin Lakes","NJ","","thom@thombaulisch.com"
"11","3","8","Frank Ferrara","GTS3","1:12.120","25","2 Laps","19.796","85","BMW","M3","Blue","2001","Oreland","PA","","Frank@Ferrarait.com"
"12","2","538","Rob McInerney","GTS4","1:12.006","25","2 Laps","2.287","90","Porsche","Cayman","White/Blue","2010","","","",""
"13","3","274","Michal Kuna","GTS4","1:10.946","25","2 Laps","5.891","85","BMW","M3","Maroon","","","","",""
"14","3","422","Justin Osserman","Super Touring 2","1:12.651","25","2 Laps","2.448","85","Honda","S2000","Grey","2003","Ridgefield","CT","","justin.osserman@gmail.com"
"15","5","302","Eric Fuehrer","American Iron","1:13.965","25","2 Laps","10.663","75","Ford","Mustang","White","2014","nescopeck","PA","","mavam729@gmail.com"
"16","4","299","Joseph Lattanzi","Super Touring 2","1:13.603","25","2 Laps","1.809","80","Chevrolet","Corvette","Blue/Silver","2007","","","",""
"17","4","618","Jeffrey Bennett","GTS4","1:12.894","25","2 Laps","8.294","80","Porsche","Cayman S","Silver","2006","New York","NY","","jbnyc@verizon.net"
"18","4","53","Robert Goldlust","GTS3","1:13.709","24","3 Laps","1 Lap","80","BMW","M3","Red/Black","1996","Cherry Hill","NJ","","rgoldlust@gmail.com"
"19","6","82","John Pattman","American Iron","1:16.018","24","3 Laps","1.021","70","Ford","Mustang","Blue","2008","Midland Park","NJ","","jack@pattmanplumbing.com"
"20","5","123","Eyal Adler","GTS3","1:13.971","24","3 Laps","0.600","75","BMW","135i","Gray","2008","","","",""
"21","6","475","Ariel Jurmann","GTS3","1:14.049","24","3 Laps","9.759","70","Porsche","911 Carrera","Silver","2005","","","","ajurmann@gmail.com"
"22","7","363","David Shields","GTS3","1:14.634","24","3 Laps","0.589","69","Porsche","Cayman","Blue/White","2007","","","",""
"23","7","91","Jeff Shaw","American Iron","1:15.683","24","3 Laps","2.792","69","Ford","Mustang Cobra","Yellow","1998","","","",""
"24","8","909","Foad Razavi","GTS3","1:14.675","24","3 Laps","10.728","68","BMW","M3","Silver","2003","","","",""
"25","2","66","Lawrence Lepurage","Super Unlimited","1:09.338","23","4 Laps","1 Lap","90","Chevrolet","Corvette","Yellow","","","","",""
"26","8","24","AJ Hartman","American Iron","1:11.949","18","9 Laps","5 Laps","68","Ford","Mustang GT","Blue","1999","Clementon","NJ","","adam_hartman@hotmail.com"
"27","9","6","Meir Rigen","GTS3","1:16.500","18","9 Laps","4:26.154","67","BMW","M3","White","1995","Brooklyn","NY","Park Avenue BMW","rfcforacuase@gmail.com"
"28","5","331","Michael Gershanok","GTS4","1:19.213","13","14 Laps","5 Laps","75","BMW","M3","Blue","","","","",""
"29","6","126","Elliot Menschik","GTS4","","13","","","70","Porsche","Cayman S","White","2011","","","",""
