"Pos","PIC","No.","Name","Class","Best Tm","Laps","Diff","Gap","Points","Make","Model","Color","Year","City","State","Sponsor","Email"
"1","1","530","Michael Sousa","GTS2","1:31.127","16","","","100","BMW","M3","Red/Black/White","1997","","","",""
"2","2","714","Aaron Turek","GTS2","1:30.478","16","0.179","0.179","90","BMW","M3","Green/Black/White","1997","South Windsor","CT","Munich Motorsports","munichaaron@gmail.com"
"3","1","32","Jon Baker","Honda Chal 2","1:31.668","16","15.809","15.630","100","Acura","Integra","White/Gray","1998","","","#whiteteam",""
"4","2","516","Spencer Anderson","Honda Chal 2","1:32.080","16","19.080","3.271","90","Honda","Civic","Red/Silver","1994","Freeport","NY","#redteam","noriceef@aol.com"
"5","1","162","Nick Evancich","PTB","1:30.930","16","20.078","0.998","50","Mazda","MX-5","Red","2008","","","",""
"6","3","336","Dan Harnick","GTS2","1:33.306","16","49.369","29.291","85","BMW","M3","Black","1998","NY","NY","","dharnick@gmail.com"
"7","3","60","Michael Maduske","Honda Chal 2","1:34.616","16","1:13.285","23.916","85","Acura","Integra","White","1996","","","#whiteteam",""
"8","4","828","Greg Miceli","GTS2","1:35.025","16","1:34.724","21.439","80","BMW","M3","White","1997","Asbury","NJ","","gmiceli@gmail.com"
"9","4","10","Erik Olson","Honda Chal 2","1:35.069","16","1:35.188","0.464","80","Honda","Civic","Red","1992","","","#redteam",""
"10","1","52","Adam Mouradian","Spec86/PTD","1:35.168","15","1 Lap","1 Lap","100","Subaru","BRZ","D.Gray","2013","Kenilworth","NJ","AZP Installs","adam@azpinstalls.com"
"11","2","42","Rick Goryeb","Spec86/PTD","1:36.253","15","1 Lap","0.222","90","Scion","FR-S","White","2013","Lake Hopatcong","NJ","",""
"12","1","700","Marc Cefalo","Spec Miata","1:35.487","15","1 Lap","25.830","100","Mazda","Miata","Blue/Green","2002","","","Planet Miata",""
"13","5","517","Zephyr Belski","Honda Chal 2","1:36.068","15","1 Lap","5.759","75","Acura","Integra","L.Blue","1994","","","#blueteam",""
"14","1","77","Sean Curran","SpecE30","1:35.034","15","1 Lap","3.063","100","BMW","325is","White/Green","1989","Clifton","NJ","","wb256@aol.com"
"15","2","73","Marcus Mazza","Spec Miata","1:36.865","15","1 Lap","14.735","90","Mazda","Miata","D.Green","1991","","","",""
"16","2","87","Michael Kovac","SpecE30","1:37.466","15","1 Lap","1.002","90","BMW","325is","Blue/Green","1987","","","Drivegear",""
"17","3","777","Agemiro de Paula","Spec Miata","1:36.124","15","1 Lap","11.034","85","Mazda","Miata","Black","1999","","","",""
"18","4","27","Devin Gregory","Spec Miata","1:36.579","15","1 Lap","3.024","80","Mazda","Miata","Red","1991","","","EFI Logics",""
"19","5","51","Paul Redante","Spec Miata","1:36.017","15","1 Lap","1.453","75","Mazda","Miata","Blue","1999","Ivyland","PA","","pcdrj@verizon.net"
"20","6","183","Xiang Li","Spec Miata","1:36.695","15","1 Lap","6.366","70","Mazda","Miata","Green/Black","1996","Amherst","MA","",""
"21","7","7G","Ken Williams","Spec Miata","1:36.820","15","1 Lap","0.036","69","Mazda","Miata","Blue/Green","1996","","","Planet Miata",""
"22","6","120G","Stephen Smith","Honda Chal 2","1:38.184","15","1 Lap","7.649","70","Acura","Integra","White","1998","","","#whiteteam",""
"23","3","762","Matthew Herd","SpecE30","1:39.770","14","2 Laps","1 Lap","85","BMW","325i","White","1989","","","",""
"24","4","00","Tony Senese","SpecE30","1:39.812","14","2 Laps","0.781","80","BMW","E30","Red","","","","Drivegear",""
"25","5","89","Jake Namer","SpecE30","1:40.278","14","2 Laps","4.490","75","BMW","325i","Red","1989","","","Drivegear",""
"26","8","782","Nicole Cooper","Spec Miata","1:39.868","14","2 Laps","2.363","68","Mazda","Miata","Blue/Green","1999","","","Planet Miata",""
"27","6","203","James Mertz","SpecE30","1:41.302","14","2 Laps","18.104","70","BMW","E30","Red","1991","Saylorsburg","PA","StoogeMoe Racing","goldie83@ptd.net"
"28","3","262","Joe Viola","Spec86/PTD","1:41.594","14","2 Laps","9.490","85","Datsun","240Z","Orange","1972","","","",""
"29","7","88","Leo Massarani","SpecE30","1:45.843","14","2 Laps","12.460","69","BMW","325","White","1989","","","Drivegear",""
"30","8","50","Dan Pereda","SpecE30","1:45.072","14","2 Laps","0.168","68","BMW","325","Red/Black","1987","Matawan","NJ","","dpereda@gmail.com"
"31","9","30","Jack Laverty","Spec Miata","1:43.991","14","2 Laps","13.113","67","Mazda","Miata","Blue","1991","","","EFI Logics",""
"32","5","177","Mike Patterson","GTS2","1:37.929","12","4 Laps","2 Laps","75","BMW","M3","Blue/White","1995","","","",""
"33","9","153","Sam Jadczak","SpecE30","1:46.910","11","5 Laps","1 Lap","67","BMW","325i","Bronze/D.Red","1989","Horsham","PA","","samjadczak@yahoo.com"
"34","1","86","Scott Smith","GTS1","1:44.867","6","10 Laps","5 Laps","50","BMW","325","Yellow/Red/Black","1986","Chester","CT","","scott.w.smith@pfizer.com"
"DNF","DNF","49","Newlin Keen","Spec Miata","1:54.116","2","DNF","4 Laps","34","Mazda","Miata","White/Red/Blue","1995","","","",""
