"Pos","PIC","No.","Name","Class","Best Tm","Laps","Diff","Gap","Points","Make","Model","Color","Year","City","State","Sponsor","Email"
"1","1","41","Vincent Allegretta","Super Unlimited","1:07.756","18","","","100","Chevrolet","Camaro","Silver","2002","Hampton Bays","NY","Jakes Rod Shop, Jrs Motorsports",""
"2","2","66","Lawrence Lepurage","Super Unlimited","1:08.556","18","24.777","24.777","90","Chevrolet","Corvette","Yellow","","","","",""
"3","1","55","Paul Plemenos","Super Touring 2","1:09.976","18","37.762","12.985","100","Chevrolet","Corvette Z06","Blue","2006","Lake Hopatcong","NJ","","Pauliep777@me.com"
"4","2","38","Doug Winston","Super Touring 2","1:10.638","18","39.217","1.455","90","Chevrolet","Corvette","Yellow","","","","",""
"5","3","79","Jake Namer","Super Touring 2","1:10.107","18","1:00.048","20.831","85","Mazda","RX-7","Gray Multi","2005","Brooklyn","NY","Hamfist Racing",""
"6","1","35","Stephen Tomasso","American Iron Extreme","1:12.490","17","1 Lap","1 Lap","100","Chevrolet","Z28 Camaro","White/Black","1998","Vineland","NJ","","steve.tomasso@comcast.net"
"7","1","166","Mathieu Lussier","GTS4","1:10.632","17","1 Lap","3.067","100","BMW","M3","Gray/Orange","2005","","","",""
"8","1","31","Dan Carlson","American Iron","1:13.064","17","1 Lap","1.799","100","Ford","Mustang","Black","1995","New York","NY","Realspeed","dcarlson@real-speed.com"
"9","2","93","Todd Honczarenko","American Iron","1:13.402","17","1 Lap","2.019","90","Ford","Mustang","Black","1989","","","",""
"10","3","70","Albert Watson","American Iron","1:12.962","17","1 Lap","2.160","85","Ford","Mustang","White","1989","Cranford","NJ","","al_streetmotorsports@hotmail.com"
"11","1","22","Hugh Stewart","GTS3","1:11.604","17","1 Lap","3.117","100","BMW","328","White/Red","1992","","","",""
"12","2","274","Michal Kuna","GTS4","1:11.681","17","1 Lap","1.569","90","BMW","M3","Maroon","","","","",""
"13","2","19","Luiz Serva","GTS3","1:12.519","17","1 Lap","4.069","90","BMW","M3","Black","1997","Southbury","CT","","lserva@prysmalending.com"
"14","4","92","John Gatzemeyer","Super Touring 2","1:13.685","17","1 Lap","2.096","80","Chevrolet","Corvette","Red","2001","Hillsborough","NJ","Elusive Racing ","john_Gatzemeyer@colpal.com"
"15","4","302","Eric Fuehrer","American Iron","1:14.084","17","1 Lap","4.019","80","Ford","Mustang","White","2014","nescopeck","PA","","mavam729@gmail.com"
"16","3","538","Rob McInerney","GTS4","1:12.396","17","1 Lap","2.036","85","Porsche","Cayman","White/Blue","2010","","","",""
"17","3","8","Frank Ferrara","GTS3","1:12.203","17","1 Lap","1.879","85","BMW","M3","Blue","2001","Oreland","PA","","Frank@Ferrarait.com"
"18","4","848","Jeffrey Segal","GTS4","1:11.134","17","1 Lap","2.053","80","BMW","M3","Silver","2002","Glastonbury","CT","CIG Private Wealth Management","Jsegal@ctinvestors.com"
"19","5","15","Thom Baulisch","American Iron","1:14.526","17","1 Lap","2.697","75","Ford","Mustang Boss 302S","White","2013","Franklin Lakes","NJ","","thom@thombaulisch.com"
"20","5","07G","Robert Giuliante","GTS4","1:14.208","17","1 Lap","7.691","75","Porsche","911","Gray","2006","","","",""
"21","6","82","John Pattman","American Iron","1:14.762","17","1 Lap","1.990","70","Ford","Mustang","Blue","2008","Midland Park","NJ","","jack@pattmanplumbing.com"
"22","4","475","Ariel Jurmann","GTS3","1:13.822","17","1 Lap","1.494","80","Porsche","911 Carrera","Silver","2005","","","","ajurmann@gmail.com"
"23","2","88NG","John Michael Stillwagon","American Iron Extreme","1:16.047","17","1 Lap","2.169","90","Ford","FR500S","White","2008","","","",""
"24","5","53","Robert Goldlust","GTS3","1:14.350","17","1 Lap","1.172","75","BMW","M3","Red/Black","1996","Cherry Hill","NJ","","rgoldlust@gmail.com"
"25","7","24","AJ Hartman","American Iron","1:13.293","17","1 Lap","3.027","69","Ford","Mustang GT","Blue","1999","Clementon","NJ","","adam_hartman@hotmail.com"
"26","6","646","Ronald Cohen","GTS3","1:14.253","17","1 Lap","1.392","70","Porsche","944 Turbo","Black/Green","1989","","","","ron@francorestoration.com"
"27","6","618","Jeffrey Bennett","GTS4","1:13.380","17","1 Lap","3.926","70","Porsche","Cayman S","Silver","2006","New York","NY","","jbnyc@verizon.net"
"28","7","123","Eyal Adler","GTS3","1:15.383","17","1 Lap","7.077","69","BMW","135i","Gray","2008","","","",""
"29","8","363","David Shields","GTS3","1:15.317","17","1 Lap","3.697","68","Porsche","Cayman","Blue/White","2007","","","",""
"30","9","909","Foad Razavi","GTS3","1:19.799","16","2 Laps","1 Lap","67","BMW","M3","Silver","2003","","","",""
"31","7","331","Michael Gershanok","GTS4","1:20.588","15","3 Laps","1 Lap","69","BMW","M3","Blue","","","","",""
"32","5","422","Justin Osserman","Super Touring 2","","15","","","75","Honda","S2000","Grey","2003","Ridgefield","CT","","justin.osserman@gmail.com"
"33","1","116","Richard Lambert","GTSU","1:12.587","13","","","50","Porsche","GT3","White","2007","","","",""
"34","3","198","Scott Chambers","American Iron Extreme","1:20.019","12","1 Lap","1 Lap","85","Ford","Mustang","Black","1998","Millis","MA","","sdcham@msn.com"
"35","8","91","Jeff Shaw","American Iron","1:15.669","10","3 Laps","2 Laps","68","Ford","Mustang Cobra","Yellow","1998","","","",""
"DNF","DNF","126","Elliot Menschik","GTS4","1:17.191","8","DNF","2 Laps","35","Porsche","Cayman S","White","2011","","","",""
