"Pos","PIC","No.","Name","Class","Best Tm","Laps","Diff","Gap","Points","Make","Model","Color","Year","City","State","Sponsor","Email"
"1","1","5","Ziggy Miejski","Super Touring 1","1:23.226","17","","","100","Chevrolet","Corvette","Red","2002","","","","Zigster316@optonline.net"
"2","1","96","Kurt Hissong","Super Unlimited","1:23.167","17","0.452","0.452","100","Ford","Mustang","Black","2000","Kennebunk","ME","Hissong Properties, LLC","khissong@hissongdevelopment.com"
"3","2","61G","Jonathan Glashow","Super Unlimited","1:24.533","17","26.344","25.892","90","Porsche","993","White","","","","",""
"4","3","172","Joe Barone","Super Unlimited","1:24.598","17","38.662","12.318","85","Riley","DP","Black","","","","",""
"5","4","66","Lawrence Lepurage","Super Unlimited","1:25.867","17","1:02.150","23.488","80","Chevrolet","Corvette","Yellow","2012","","","",""
"6","1","265","Mark Petronis","Super Touring 2","1:28.817","17","1:23.814","21.664","100","Chevrolet","Z06","Red","2004","Saratoga Springs","NY","amtMotorsport.com","streetspeed@gmail.com"
"7","2","150","Ron Landis","Super Touring 2","1:28.849","17","2:23.355","59.541","90","Chevrolet","Corvette","Red","2001","","","",""
"8","2","58","Richard Cox","Super Touring 1","1:29.394","16","1 Lap","1 Lap","90","Chevrolet","Corvette","Black","1999","","","",""
"9","1","19","Luiz Serva","GTS4","1:26.536","16","1 Lap","6.736","100","BMW","M3","D.Blue","2001","Southbury","CT","","lserva@prysmalending.com"
"10","1","31","Dan Carlson","American Iron","1:30.003","16","1 Lap","0.872","100","Ford","Mustang","Black","1995","New York","NY","Realspeed","dcarlson@real-speed.com"
"11","2","14G","Steve Nichols","American Iron","1:30.061","16","1 Lap","0.861","90","Ford","Mustang GT","Gray/Green","2011","","","",""
"12","1","22","Hugh Stewart","GTS3","1:26.964","16","1 Lap","0.488","100","BMW","328","White/Red","1992","","","",""
"13","2","8","Frank Ferrara","GTS3","1:26.901","16","1 Lap","0.114","90","BMW","M3","Blue","2001","Oreland","PA","","Frank@Ferrarait.com"
"14","2","914","Jack Haberman","GTS4","1:26.902","16","1 Lap","0.736","90","BMW","M3","D.Gray","2003","Chatham","NJ","","jack.b.haberman@gmail.com"
"15","3","274","Michal Kuna","GTS4","1:26.988","16","1 Lap","4.193","85","BMW","M3","Black","2001","","","",""
"16","3","302","Eric Fuehrer","American Iron","1:29.505","16","1 Lap","0.613","85","Ford","Mustang","White","2014","nescopeck","PA","","mavam729@gmail.com"
"17","4","23","Matthew Gaetano","GTS4","1:26.736","16","1 Lap","0.343","80","BMW","M3","Yellow/Black","2003","White Plains","NY","","mag@nycgss.com"
"18","3","619","Adrian Wlostowski","Super Touring 2","1:26.061","16","1 Lap","10.356","85","Chevrolet","Corvette","Black","2010","Maspeth","NY","F.A.S.T. Auto","fastautomotive1@aol.com"
"19","3","146","Chris DeFelice","GTS3","1:29.704","16","1 Lap","11.369","85","BMW","E46 M3","Silver","2001","New York","NY","","cvdefelice@gmail.com"
"20","5","716","Phil Parlato","GTS4","1:29.095","16","1 Lap","4.960","75","BMW","325i","White/Red/Black","2003","","","",""
"21","4","82","John Pattman","American Iron","1:33.330","16","1 Lap","22.826","80","Ford","Mustang","Blue","2008","Midland Park","NJ","","jack@pattmanplumbing.com"
"22","4","909","Foad Razavi","GTS3","1:32.009","16","1 Lap","16.173","80","BMW","M3","Silver","2003","","","",""
"23","5","710","David Richardson","Super Unlimited","1:33.611","16","1 Lap","2.582","75","Panoz","Esperante","Silver/Black","2006","","","",""
"24","4","55","Paul Plemenos","Super Touring 2","1:32.937","15","2 Laps","1 Lap","80","Chevrolet","Corvette Z06","Blue","2006","Lake Hopatcong","NJ","","Pauliep777@me.com"
"25","5","53","Robert Goldlust","GTS3","1:35.800","15","2 Laps","23.292","75","BMW","M3","Red/Black","1996","Cherry Hill","NJ","","rgoldlust@gmail.com"
"26","1","198","Scott Chambers","American Iron Extreme","1:38.686","15","2 Laps","11.518","100","Ford","Mustang","Black","1998","Millis","MA","","sdcham@msn.com"
"27","6","117","Brian Casella","Super Unlimited","1:27.583","12","5 Laps","3 Laps","70","Datsun","Z","White","","","","",""
"28","6","111G","Michael Gershanok","GTS4","1:34.589","11","6 Laps","1 Lap","70","BMW","M3","Silver/Red","2002","Edgewater","NJ","",""
"DNF","DNF","38","Doug Winston","Super Touring 2","1:33.757","5","DNF","6 Laps","40","Chevrolet","Corvette","Yellow","","","","",""
"DNF","DNF","41","Vincent Allegretta","Super Unlimited","","","DNF","5 Laps","35","Chevrolet","Camaro","White","2002","Hampton Bays","NY","Jakes Rod Shop, Jrs Motorsports",""
"31","1","223","Raphael-Jose Maurrasse","GTSU","","","17 Laps","46.250","50","Porsche","996 GT3 RSR","White/Blue","2004","Woodcliff Lake","NJ","","rjm26@aol.com"
"DQ","DQ","11","Patrick McMahon","Super Touring 2","1:26.277","17","DQ","","0","Factory Five","Spec Cobra","Gray/Black","2005","Danville","NH","","patmcmahonracing@yahoo.com"
"DQ","DQ","136","Kazimierz Sperling","GTS3","1:28.731","16","DQ","","0","BMW","M3","White","1997","","","",""
