"Pos","PIC","No.","Name","Class","Best Tm","Laps","Diff","Gap","Points","Make","Model","Color","Year","City","State","Sponsor","Email"
"1","1","530","Michael Sousa","GTS2","59.207","26","","","100","BMW","M3","Red","1997","","","",""
"2","2","714","Aaron Turek","GTS2","59.492","26","1.244","1.244","90","BMW","M3","Green/Black/White","1997","South Windsor","CT","Munich Motorsports","munichaaron@gmail.com"
"3","1","70","Albert Watson","American Iron","59.591","26","6.811","5.567","100","Ford","Mustang","White","1989","Cranford","NJ","","al_streetmotorsports@hotmail.com"
"4","1","3","Peter McIntosh II","Spec Z","1:00.259","26","18.523","11.712","100","Nissan","350Z","White","2008","","","",""
"5","3","156","Luke Pardi","GTS2","1:00.008","26","18.789","0.266","85","BMW","M3","Black","1999","","","",""
"6","2","302","Eric Fuehrer","American Iron","1:01.069","26","48.217","29.428","90","Ford","Mustang","White","2014","nescopeck","PA","","mavam729@gmail.com"
"7","1","36","Robert Casella","Honda Chal 2","1:01.409","26","50.917","2.700","100",""Honda"","Challenged","White","","","","#whiteteam",""
"8","2","516","Spencer Anderson","Honda Chal 2","1:01.815","26","51.867","0.950","90","Honda","Civic","Red/Silver","1994","Freeport","NY","#redteam","noriceef@aol.com"
"9","4","336","Dan Harnick","GTS2","59.916","25","1 Lap","1 Lap","80","BMW","M3","Black","1998","NY","NY","","dharnick@gmail.com"
"10","3","46","Michael Fries","Honda Chal 2","1:02.476","25","1 Lap","35.572","85","Honda","S2000","Yellow","2008","Westernville","NY","Lifted","mfries@twcny.rr.com"
"11","3","82","John Pattman","American Iron","1:02.308","25","1 Lap","0.483","85","Ford","Mustang","Blue","2008","Midland Park","NJ","","jack@pattmanplumbing.com"
"12","1","75","John Oldt","Honda Chal 1","1:02.711","25","1 Lap","1.045","50","Honda","S2000","Blue/Black/Silver","2001","","","","ar-inc@rcn.com"
"13","4","32","Jon Baker","Honda Chal 2","1:02.069","25","1 Lap","0.363","80","Acura","Integra","White/Gray","1998","","","#whiteteam",""
"14","1","77","Jeff Ricca","PTB","1:01.990","25","1 Lap","2.015","100","Hyundai","Genesis","White","2012","","","",""
"15","5","04","Gerald Cohen","GTS2","1:01.275","25","1 Lap","15.275","75","Porsche","944 Turbo","Green","1989","","","",""
"16","5","7","Jan Wang","Honda Chal 2","1:02.993","25","1 Lap","0.712","75","Honda","Civic","Red","1992","Tenafly","NJ","#redteam","JanWang74@aol.com"
"17","1","42","Rick Goryeb","Spec86/PTD","1:03.236","25","1 Lap","7.455","100","Scion","FR-S","White","2012","","","",""
"18","1","99","Tony Senese","Spec Miata","1:03.942","25","1 Lap","3.196","100","Mazda","Miata","Purple/Yellow","1994","shaftsbury","VT","","tonys@nosenseyet.com"
"19","2","52","Adam Mouradian","Spec86/PTD","1:04.172","25","1 Lap","2.244","90","Subaru","BRZ","Dark Grey Metallic","2013","Kenilworth","NJ","AZP Installs","adam@azpinstalls.com"
"20","4","91","Jeff Shaw","American Iron","1:03.212","25","1 Lap","3.819","80","Ford","Mustang Cobra","Yellow","1998","","","",""
"21","2","333","Darius Trinka","Spec Z","1:01.001","25","1 Lap","5.645","90","Nissan","350Z","Red","2007","Needham","MA","Direct Tire | Latoza","dariustrinka@gmail.com"
"22","6","517","Zephyr Belski","Honda Chal 2","1:03.495","25","1 Lap","2.078","70","Acura","Integra","L.Blue","1994","","","#blueteam",""
"23","2","18","Benjamin Miller","Spec Miata","1:04.129","25","1 Lap","1.661","90","Mazda","Miata","Red","1991","","","",""
"24","1","58G","Carter Hunt","SpecE30","1:04.680","25","1 Lap","2.213","100","BMW","325i","Yellow","1990","","","",""
"25","1","86","Scott Smith","GTS1","1:04.070","25","1 Lap","0.380","100","BMW","325","Yellow/Red/Black","1986","Chester","CT","","scott.w.smith@pfizer.com"
"26","3","30","Devin Gregory","Spec Miata","1:03.811","25","1 Lap","9.323","85","Mazda","Miata","Blue","","","","",""
"27","2","203","James Mertz","SpecE30","1:04.861","25","1 Lap","0.090","90","BMW","E30","Red","1991","Saylorsburg","PA","StoogeMoe Racing","goldie83@ptd.net"
"28","4","199","Scott Dennewitz","Spec Miata","1:04.765","24","2 Laps","1 Lap","80","Mazda","Miata","Red","1995","","","",""
"29","3","89","Jason Nolan","SpecE30","1:04.610","24","2 Laps","0.956","85","BMW","325","Red","1989","","","Drivegear Rental",""
"30","4","88","Michael Kovac","SpecE30","1:04.165","24","2 Laps","9.593","80","BMW","325","White","1989","","","Drivegear",""
"31","5","153","Sam Jadczak","SpecE30","1:05.099","24","2 Laps","16.977","75","BMW","325i","Bronze/D.Red","1989","Horsham","PA","","samjadczak@yahoo.com"
"32","2","681","Michal Stach","GTS1","1:06.923","24","2 Laps","35.015","90","BMW","M3","Silver","1996","","","",""
"33","7","219","Lenny Hong","Honda Chal 2","1:05.902","23","3 Laps","1 Lap","69","Acura","Integra","Red/Black","1997","","","#redteam",""
"34","6","999","Cecil Ramotar","GTS2","1:03.540","23","3 Laps","1.582","70","BMW","M3","Blue","1998","","","","cramotar@aol.com"
"35","5","24","AJ Hartman","American Iron","58.937","23","3 Laps","3:32.504","75","Ford","Mustang GT","Blue","1999","Clementon","NJ","","adam_hartman@hotmail.com"
"DQ","DQ","31","Dan Carlson","American Iron","59.196","26","DQ","","0","Ford","Mustang","Black","1995","New York","NY","Realspeed","dcarlson@real-speed.com"
