"Pos","PIC","No.","Name","Class","Best Tm","Laps","Diff","Gap","Points","Make","Model","Color","Year","City","State","Sponsor","Email"
"1","1","8","Frank Ferrara","GTS3","1:54.285","17","","","100","BMW","M3","Blue","2001","Oreland","PA","","Frank@Ferrarait.com"
"2","1","31","Dan Carlson","American Iron","1:56.773","17","1:00.761","1:00.761","100","Ford","Mustang","Black","1995","New York","NY","Realspeed","dcarlson@real-speed.com"
"3","1","914","Jack Haberman","GTS4","1:58.514","17","1:20.089","19.328","100","BMW","M3","D.Gray","2003","Chatham","NJ","","jack.b.haberman@gmail.com"
"4","2","70","Albert Watson","American Iron","1:59.328","17","1:42.276","22.187","90","Ford","Mustang","White","1989","Cranford","NJ","","al_streetmotorsports@hotmail.com"
"5","3","302","Eric Fuehrer","American Iron","1:59.271","17","1:42.521","0.245","85","Ford","Mustang","White","2014","nescopeck","PA","","mavam729@gmail.com"
"6","4","14G","Steve Nichols","American Iron","2:03.056","16","1 Lap","1 Lap","80","Ford","Mustang GT","Gray/Green","2011","","","",""
"7","1","265","Mark Petronis","Super Touring 2","1:59.573","16","1 Lap","2.239","100","Chevrolet","Z06","Red","2004","Saratoga Springs","NY","amtMotorsport.com","streetspeed@gmail.com"
"8","2","619","Adrian Wlostowski","Super Touring 2","2:02.575","16","1 Lap","23.624","90","Chevrolet","Corvette","Black","2010","Maspeth","NY","F.A.S.T. Auto","fastautomotive1@aol.com"
"9","1","188","John Michael Stillwagon","American Iron Extreme","2:09.532","15","2 Laps","1 Lap","100","Ford","FR500S","White","2008","","","",""
"10","2","909","Foad Razavi","GTS3","2:06.385","15","2 Laps","1.372","90","BMW","M3","Silver","2003","","","",""
"11","3","22","Hugh Stewart","GTS3","1:59.980","15","2 Laps","8.104","85","BMW","328","White/Red","1992","","","",""
"12","5","82","John Pattman","American Iron","2:10.260","15","2 Laps","29.502","75","Ford","Mustang","Blue","2008","Midland Park","NJ","","jack@pattmanplumbing.com"
"DNF","DNF","336","Michal Kuna","GTS4","2:51.417","8","DNF","7 Laps","50","BMW","M3","Black","1998","NY","NY","","dharnick@gmail.com"
"14","1","24G","Steve Minghenelli","Super Unlimited","3:10.177","2","15 Laps","6 Laps","100","Ford","Fusion NASCAR","Blue/Silver","2009","","","",""
"DNS","DNS","150","Ron Landis","Super Touring 2","2:59.917","1","DNS","1 Lap","0","Chevrolet","Corvette","Red","2001","","","",""
"DNS","DNS","19","Luiz Serva","GTS4","2:59.848","1","DNS","5.496","0","BMW","M3","D.Blue","2001","Southbury","CT","","lserva@prysmalending.com"
"DNS","DNS","710","David Richardson","Super Unlimited","","","DNS","","0","Panoz","Esperante","Silver/Black","2006","","","",""
