"Pos","PIC","No.","Name","Class","Best Tm","Laps","Diff","Gap","Points","Make","Model","Color","Year","City","State","Sponsor","Email"
"1","1","24","AJ Hartman","American Iron","59.026","25","","","100","Ford","Mustang GT","Blue","1999","Clementon","NJ","","adam_hartman@hotmail.com"
"2","1","714","Aaron Turek","GTS2","59.904","25","17.319","17.319","100","BMW","M3","Green/Black/White","1997","South Windsor","CT","Munich Motorsports","munichaaron@gmail.com"
"3","2","31","Dan Carlson","American Iron","59.567","25","17.602","0.283","90","Ford","Mustang","Black","1995","New York","NY","Realspeed","dcarlson@real-speed.com"
"4","2","336","Dan Harnick","GTS2","1:00.121","25","26.929","9.327","90","BMW","M3","Black","1998","NY","NY","","dharnick@gmail.com"
"5","3","156","Luke Pardi","GTS2","1:00.453","25","41.399","14.470","85","BMW","M3","Black","1999","","","",""
"6","1","3","Peter McIntosh II","Spec Z","1:00.159","25","41.956","0.557","100","Nissan","350Z","White","2008","","","",""
"7","2","333","Darius Trinka","Spec Z","1:00.445","25","45.345","3.389","90","Nissan","350Z","Red","2007","Needham","MA","Direct Tire | Latoza","dariustrinka@gmail.com"
"8","3","302","Eric Fuehrer","American Iron","1:00.899","25","45.631","0.286","85","Ford","Mustang","White","2014","nescopeck","PA","","mavam729@gmail.com"
"9","1","75G","Andrie Hartanto","Honda Chal 1","1:01.366","25","53.924","8.293","50","Honda","S2000","Silver/Orange","2005","","","",""
"10","1","551","Amy Dilks","PTB","1:01.329","25","55.234","1.310","100","Subaru","WRX STi","Purple/Black","2004","","","",""
"11","4","15","Thom Baulisch","American Iron","1:01.623","24","1 Lap","1 Lap","80","Ford","Mustang Boss 302S","White","2013","Franklin Lakes","NJ","","thom@thombaulisch.com"
"12","1","516","Spencer Anderson","Honda Chal 2","1:02.488","24","1 Lap","0.646","100","Honda","Civic","Red/Silver","1994","Freeport","NY","#redteam","noriceef@aol.com"
"13","2","32","Jon Baker","Honda Chal 2","1:02.400","24","1 Lap","0.188","90","Acura","Integra","White/Gray","1998","","","#whiteteam",""
"14","5","82","John Pattman","American Iron","1:02.205","24","1 Lap","2.283","75","Ford","Mustang","Blue","2008","Midland Park","NJ","","jack@pattmanplumbing.com"
"15","3","36","Robert Casella","Honda Chal 2","1:02.646","24","1 Lap","2.753","85",""Honda"","Challenged","White","","","","#whiteteam",""
"16","4","7","Jan Wang","Honda Chal 2","1:02.972","24","1 Lap","8.201","80","Honda","Civic","Red","1992","Tenafly","NJ","#redteam","JanWang74@aol.com"
"17","6","91","Jeff Shaw","American Iron","1:02.473","24","1 Lap","9.548","70","Ford","Mustang Cobra","Yellow","1998","","","",""
"18","5","46","Michael Fries","Honda Chal 2","1:03.228","24","1 Lap","6.179","75","Honda","S2000","Yellow","2008","Westernville","NY","Lifted","mfries@twcny.rr.com"
"19","1","86","Scott Smith","GTS1","1:03.757","24","1 Lap","4.647","100","BMW","325","Yellow/Red/Black","1986","Chester","CT","","scott.w.smith@pfizer.com"
"20","6","517","Zephyr Belski","Honda Chal 2","1:03.966","24","1 Lap","7.894","70","Acura","Integra","L.Blue","1994","","","#blueteam",""
"21","1","52","Adam Mouradian","Spec86/PTD","1:04.098","24","1 Lap","3.910","100","Subaru","BRZ","Dark Grey Metallic","2013","Kenilworth","NJ","AZP Installs","adam@azpinstalls.com"
"22","1","30","Devin Gregory","Spec Miata","1:03.877","24","1 Lap","6.761","100","Mazda","Miata","Blue","","","","",""
"23","2","18","Benjamin Miller","Spec Miata","1:03.990","24","1 Lap","1.031","90","Mazda","Miata","Red","1991","","","",""
"24","7","219","Lenny Hong","Honda Chal 2","1:03.363","24","1 Lap","1.459","69","Acura","Integra","Red/Black","1997","","","#redteam",""
"25","1","88","Michael Kovac","SpecE30","1:04.646","24","1 Lap","0.427","100","BMW","325","White","1989","","","Drivegear",""
"26","2","81","Ray Prato","SpecE30","1:04.139","23","2 Laps","1 Lap","90","BMW","325i","Silver","1989","Ringwood","NJ","","raypratojr@gmail.com"
"27","3","58G","Carter Hunt","SpecE30","1:05.187","23","2 Laps","6.243","85","BMW","325i","Yellow","1990","","","",""
"28","4","203","James Mertz","SpecE30","1:05.234","23","2 Laps","1.631","80","BMW","E30","Red","1991","Saylorsburg","PA","StoogeMoe Racing","goldie83@ptd.net"
"29","3","199","Scott Dennewitz","Spec Miata","1:05.317","23","2 Laps","1.719","85","Mazda","Miata","Red","1995","","","",""
"30","5","89","Jason Nolan","SpecE30","1:05.165","23","2 Laps","5.283","75","BMW","325","Red","1989","","","Drivegear Rental",""
"31","2","681","Michal Stach","GTS1","1:05.272","23","2 Laps","1.018","90","BMW","M3","Silver","1996","","","",""
"32","4","511","Wayne Holland","Spec Miata","1:05.968","23","2 Laps","15.015","80","Mazda","Miata","D.Green","1996","","","",""
"33","6","153","Sam Jadczak","SpecE30","1:05.581","23","2 Laps","4.064","70","BMW","325i","Bronze/D.Red","1989","Horsham","PA","","samjadczak@yahoo.com"
"34","2","42","Rick Goryeb","Spec86/PTD","1:03.217","22","3 Laps","1 Lap","90","Scion","FR-S","White","2012","","","",""
"DNF","DNF","99","Tony Senese","Spec Miata","1:04.739","4","DNF","18 Laps","75","Mazda","Miata","Purple/Yellow","1994","shaftsbury","VT","","tonys@nosenseyet.com"
"DNF","DNF","04","Gerald Cohen","GTS2","1:01.712","24","DNF","","80","Porsche","944 Turbo","Green","1989","","","",""
"DQ","DQ","530","Michael Sousa","GTS2","1:00.357","25","DQ","","0","BMW","M3","Red","1997","","","",""
"DQ","DQ","167","Michael Sabatello","GTS2","1:01.347","24","DQ","","0","BMW","325i","White","1994","","","",""
"DQ","DQ","70","Albert Watson","American Iron","59.726","11","DQ","","0","Ford","Mustang","White","1989","Cranford","NJ","","al_streetmotorsports@hotmail.com"
"DQ","DQ","131ng","Sean Curran","SpecE30","1:04.044","4","DQ","","0","BMW","","Rainbow","","","","Drivegear",""
