"Pos","PIC","No.","Name","Class","Best Tm","Laps","Diff","Gap","Points","Make","Model","Color","Year","City","State","Sponsor","Email"
"1","1","5","Ziggy Miejski","Super Touring 1","55.541","26","","","50","Chevrolet","Corvette","Red","2002","","","","Zigster316@optonline.net"
"2","1","33","Scott Mohr","Super Unlimited","55.691","26","3.499","3.499","100","Chevrolet","Corvette","Green","2003","","","","rmohr@marsm-a.com"
"3","1","19","Luiz Serva","GTS3","57.292","26","28.104","24.605","100","BMW","M3","Black","1997","Southbury","CT","","lserva@prysmalending.com"
"4","1","11","Patrick McMahon","Super Touring 2","57.481","26","33.620","5.516","100","Factory Five","Spec Cobra","Gray/Black","2005","Danville","NH","","patmcmahonracing@yahoo.com"
"5","2","481","John George","Super Touring 2","57.461","25","1 Lap","1 Lap","90","Factory Five","Challenge","Blue","2005","","","",""
"6","1","95","John Cassano","GTS4","58.467","25","1 Lap","16.402","100","Porsche","944T","White/Blue","1986","","","",""
"7","2","713","Walter Markes","GTS3","58.368","25","1 Lap","2.424","90","BMW","M3","White","2004","Bronx","NY","",""
"8","3","55","Paul Plemenos","Super Touring 2","57.423","25","1 Lap","0.541","85","Chevrolet","Corvette Z06","Blue","2006","Lake Hopatcong","NJ","","Pauliep777@me.com"
"9","2","914","Jack Haberman","GTS4","58.122","25","1 Lap","0.839","90","BMW","M3","D.Gray","2003","Chatham","NJ","","jack.b.haberman@gmail.com"
"10","3","8","Frank Ferrara","GTS3","59.218","25","1 Lap","7.025","85","BMW","M3","Blue","2001","Oreland","PA","","Frank@Ferrarait.com"
"11","3","716","Phil Parlato","GTS4","59.097","25","1 Lap","8.333","85","BMW","325i","White/Red/Black","2003","","","",""
"12","4","861","Robert Jackowitz","GTS3","59.686","25","1 Lap","10.184","80","BMW","M3","White","1999","","","",""
"13","1","518","John Oskwarek","GTS5","57.109","25","1 Lap","1.597","100","Porsche","GT3RS","White","2011","Hillsdale","NJ","","oskwarek@icorassociates.com"
"14","5","909","Foad Razavi","GTS3","58.956","24","2 Laps","1 Lap","75","BMW","M3","Silver","2003","","","",""
"15","6","146","Chris DeFelice","GTS3","58.910","24","2 Laps","0.876","70","BMW","E46 M3","Silver","2001","New York","NY","","cvdefelice@gmail.com"
"16","1","36G","Robert Giuliante","Super Touring 3","1:00.868","24","2 Laps","10.481","100","Chevrolet","Corvette Z06","Blue","2003","","","",""
"17","7","136","Kazimierz Sperling","GTS3","1:00.153","24","2 Laps","3.421","69","BMW","M3","White","1997","","","",""
"18","4","38","Doug Winston","Super Touring 2","1:01.739","24","2 Laps","30.133","80","Chevrolet","Corvette","Yellow","","","","",""
"19","8","125","David Seidman","GTS3","1:01.723","24","2 Laps","0.998","68","BMW","M3","Avus Blue","1995","West Harrison","NY","VAC","daseidman@aol.com"
"20","9","53","Robert Goldlust","GTS3","1:02.397","24","2 Laps","10.372","67","BMW","M3","Red/Black","1996","Cherry Hill","NJ","","rgoldlust@gmail.com"
"21","2","79","Jake Namer","Super Touring 3","58.360","23","3 Laps","1 Lap","90","Mazda","RX-7","Gray Multi","2005","Brooklyn","NY","Hamfist Racing",""
"22","10","59","Michael Goulde","GTS3","1:02.335","23","3 Laps","1:19.279","66","BMW","328is","Black","1996","Needham Heights","MA","","mgoulde@gmail.com"
"23","11","85","John DeFelice","GTS3","59.299","22","4 Laps","1 Lap","65","BMW","M3","Silver","2005","Oceanside","NY","SOH","jdefelice@strianoelectric.com"
"24","4","331","Michael Gershanok","GTS4","1:03.830","22","4 Laps","2:56.785","80","BMW","M3","L.Blue","","","","",""
"25","2","32G","John Kabacinski","Super Unlimited","1:00.264","21","5 Laps","1 Lap","90","Factory Five","GTM","Black","2013","","","",""
"26","5","422","Justin Osserman","Super Touring 2","59.837","21","5 Laps","1:20.168","75","Honda","S2000","Grey","2003","Ridgefield","CT","","justin.osserman@gmail.com"
"27","12","22","Hugh Stewart","GTS3","56.838","19","7 Laps","2 Laps","64","BMW","328","White/Red","1992","","","",""
"28","3","3","Peter McIntosh II","Super Touring 3","1:00.185","16","10 Laps","3 Laps","85","Nissan","350Z","White","2008","","","",""
"29","5","274","Michal Kuna","GTS4","58.315","14","12 Laps","2 Laps","75","BMW","M3","Maroon","2001","","","",""
"DQ","DQ","41","Vincent Allegretta","Super Unlimited","54.417","26","DQ","","0","Chevrolet","Camaro","Silver","2002","Hampton Bays","NY","Jakes Rod Shop, Jrs Motorsports",""
"DQ","DQ","166","Mathieu Lussier","GTS4","58.841","25","DQ","","0","BMW","M3","Gray/Orange","2005","","","",""
