"Pos","PIC","No.","Name","Class","Best Tm","Laps","Diff","Gap","Points","Make","Model","Color","Year","City","State","Sponsor","Email"
"1","1","96","Kurt Hissong","Super Unlimited","1:07.718","22","","","100","Ford","Mustang","Black","2000","Kennebunk","ME","Hissong Properties, LLC","khissong@hissongdevelopment.com"
"2","2","33","Scott Mohr","Super Unlimited","1:08.218","22","7.095","7.095","90","Chevrolet","Corvette","Green","2003","","","","rmohr@marsm-a.com"
"3","3","170","Daniel Raver","Super Unlimited","1:08.802","22","7.127","0.032","85","Superlite Coupe","GT3","Green","2015","Reisterstown","MD","Agile Automotive Performance - Superlite Cars","danpatraver@gmail.com"
"4","1","619","Adrian Wlostowski","Super Touring 2","1:11.237","22","1:01.167","54.040","100","Chevrolet","Corvette","Black","2010","Maspeth","NY","F.A.S.T. Auto","fastautomotive1@aol.com"
"5","2","38","Doug Winston","Super Touring 2","1:10.977","22","1:02.306","1.139","90","Chevrolet","Corvette","Yellow","","","","",""
"6","1","21","David Greenman","Super Touring 1","1:12.590","21","1 Lap","1 Lap","50","Chevrolet","Corvette","Black","1997","","","",""
"7","1","111","Mark Lounsbury","GTS4","1:10.880","21","1 Lap","2.651","100","BMW","M3","White/Black","2004","Chadds Ford","PA","VAC Motorsports","doclouns@comcast.net"
"8","1","22","Hugh Stewart","GTS3","1:10.988","21","1 Lap","2.606","100","BMW","328","White/Red","1992","","","",""
"9","1","31","Dan Carlson","American Iron","1:13.235","21","1 Lap","2.136","100","Ford","Mustang","Black","1995","New York","NY","Realspeed","dcarlson@real-speed.com"
"10","2","8","Frank Ferrara","GTS3","1:11.665","21","1 Lap","2.052","90","BMW","M3","Blue","2001","Oreland","PA","","Frank@Ferrarait.com"
"11","2","914","Jack Haberman","GTS4","1:12.327","21","1 Lap","12.641","90","BMW","M3","D.Gray","2003","Chatham","NJ","","jack.b.haberman@gmail.com"
"12","3","267","Rob Jackowitz","GTS3","1:11.952","21","1 Lap","0.029","85","BMW","","Black","","","","VAC Motorsports",""
"13","2","302","Eric Fuehrer","American Iron","1:13.606","21","1 Lap","2.203","90","Ford","Mustang","White","2014","nescopeck","PA","","mavam729@gmail.com"
"14","3","274","Michal Kuna","GTS4","1:11.952","21","1 Lap","2.969","85","BMW","M3","Maroon","2001","","","",""
"15","4","146","Chris DeFelice","GTS3","1:12.303","21","1 Lap","7.145","80","BMW","E46 M3","Silver","2001","New York","NY","","cvdefelice@gmail.com"
"16","5","136","Kazimierz Sperling","GTS3","1:13.788","20","2 Laps","1 Lap","75","BMW","M3","White","1997","","","",""
"17","6","85","John DeFelice","GTS3","1:12.921","20","2 Laps","3.008","70","BMW","M3","Silver","2005","Oceanside","NY","SOH","jdefelice@strianoelectric.com"
"18","7","123","Eyal Adler","GTS3","1:14.031","20","2 Laps","3.659","69","BMW","135i","Gray/Orange","2008","","","",""
"19","3","82","John Pattman","American Iron","1:17.222","20","2 Laps","23.053","85","Ford","Mustang","Blue","2008","Midland Park","NJ","","jack@pattmanplumbing.com"
"20","4","710","David Richardson","Super Unlimited","1:17.183","20","2 Laps","12.615","80","Panoz","Esperante","Silver/Black","2006","","","",""
"21","8","125","David Seidman","GTS3","1:15.977","20","2 Laps","13.235","68","BMW","M3","Avus Blue","1995","West Harrison","NY","VAC","daseidman@aol.com"
"22","9","426","Elliot Menschik","GTS3","1:17.176","19","3 Laps","1 Lap","67","Porsche","Cayman S","White","2011","","","",""
"23","1","198","Scott Chambers","American Iron Extreme","1:22.672","18","4 Laps","1 Lap","100","Ford","Mustang","Black","1998","Millis","MA","","sdcham@msn.com"
"24","5","62","Joey G.","Super Unlimited","1:20.101","11","11 Laps","7 Laps","75","Mazda","Miata","Silver","","","","",""
"DNF","DNF","19","Luiz Serva","GTS3","1:11.686","8","DNF","3 Laps","34","BMW","M3","D.Blue","2001","Southbury","CT","","lserva@prysmalending.com"
"DNF","DNF","909","Foad Razavi","GTS3","1:14.249","8","DNF","30.288","34","BMW","M3","Silver","2003","","","",""
