"Pos","PIC","No.","Name","Class","Best Tm","Laps","Diff","Gap","Points","Make","Model","Color","Year","City","State","Sponsor","Email"
"1","1","717","Stephen Tullman","Super Unlimited","1:27.605","20","","","100","Porsche","GT3 Cup","White","2012","","","",""
"2","2","66","Lawrence Lepurage","Super Unlimited","1:29.603","20","38.726","38.726","90","Chevrolet","Corvette","Yellow","","","","",""
"3","1","28G","Shaun Ashley","GTS4","1:31.921","19","1 Lap","1 Lap","100","BMW","325","White","1992","","","",""
"4","1","55","Paul Plemenos","Super Touring 2","1:32.845","19","1 Lap","1.452","100","Chevrolet","Corvette Z06","Blue","2006","Lake Hopatcong","NJ","","Pauliep777@me.com"
"5","1","70","Albert Watson","American Iron","1:34.184","19","1 Lap","0.445","100","Ford","Mustang","White","1989","Cranford","NJ","","al_streetmotorsports@hotmail.com"
"6","2","31","Dan Carlson","American Iron","1:33.970","19","1 Lap","0.325","90","Ford","Mustang","Black","1995","New York","NY","Realspeed","dcarlson@real-speed.com"
"7","1","19","Luiz Serva","GTS3","1:32.550","19","1 Lap","1.000","100","BMW","M3","Black","1997","Southbury","CT","","lserva@prysmalending.com"
"8","2","8","Frank Ferrara","GTS3","1:32.134","19","1 Lap","0.137","90","BMW","M3","Blue","2001","Oreland","PA","","Frank@Ferrarait.com"
"9","2","274","Michal Kuna","GTS4","1:31.078","19","1 Lap","0.707","90","BMW","M3","Maroon","","","","",""
"10","3","24","AJ Hartman","American Iron","1:33.435","19","1 Lap","0.349","85","Ford","Mustang GT","Blue","1999","Clementon","NJ","","adam_hartman@hotmail.com"
"11","3","914","Jack Haberman","GTS4","1:32.126","19","1 Lap","0.668","85","BMW","M3","Black/Grey","2003","Chatham","NJ","","jack.b.haberman@gmail.com"
"12","4","301","Mark Gaynor","GTS4","1:32.682","19","1 Lap","5.230","80","Porsche","Cayman","Black","2006","Martinsville","NJ","","mgaynor@us.loreal.com"
"13","5","618","Jeffrey Bennett","GTS4","1:32.722","19","1 Lap","3.742","75","Porsche","Cayman S","Silver","2006","New York","NY","","jbnyc@verizon.net"
"14","2","619","Adrian Wlostowski","Super Touring 2","1:33.682","19","1 Lap","3.984","90","Chevrolet","Corvette","Black","2010","","","",""
"15","4","302","Eric Fuehrer","American Iron","1:34.912","19","1 Lap","2.447","80","Ford","Mustang","White","2014","nescopeck","PA","","mavam729@gmail.com"
"16","6","267","Brian Casella","GTS4","1:33.277","19","1 Lap","12.866","70","BMW","","Black","","","","VAC Motorsports",""
"17","3","712","Chris Petersen","GTS3","1:33.252","19","1 Lap","1.726","85","BMW","M3","Black","2004","Wayne","NJ","","craftyvtec@hotmail.com"
"18","7","538","Rob McInerney","GTS4","1:33.050","19","1 Lap","7.938","69","Porsche","Cayman","White/Blue","2010","","","",""
"19","3","92","John Gatzemeyer","Super Touring 2","1:34.437","19","1 Lap","1.223","85","Chevrolet","Corvette","Red","2001","Hillsborough","NJ","Elusive Racing ","john_Gatzemeyer@colpal.com"
"20","4","909","Foad Razavi","GTS3","1:35.119","19","1 Lap","15.334","80","BMW","M3","Silver","2003","","","",""
"21","8","72","Matthew Gaetano","GTS4","1:34.790","19","1 Lap","5.273","68","BMW","M3","Yellow/Black","2003","White Plains","NY","","mag@nycgss.com"
"22","5","123","Eyal Adler","GTS3","1:35.545","19","1 Lap","3.530","75","BMW","135i","Gray","2008","","","",""
"23","5","15","Thom Baulisch","American Iron","1:36.295","19","1 Lap","11.483","75","Ford","Mustang Boss 302S","White","2013","Franklin Lakes","NJ","","thom@thombaulisch.com"
"24","6","82","John Pattman","American Iron","1:39.053","18","2 Laps","1 Lap","70","Ford","Mustang","Blue","2008","Midland Park","NJ","","jack@pattmanplumbing.com"
"25","6","53","Robert Goldlust","GTS3","1:37.439","18","2 Laps","1.635","70","BMW","M3","Red/Black","1996","Cherry Hill","NJ","","rgoldlust@gmail.com"
"26","1","88NG","John Michael Stillwagon","American Iron Extreme","1:39.035","18","2 Laps","0.650","100","Ford","FR500S","White","2008","","","",""
"27","1","136","Kazimierz Sperling","GTSU","1:35.130","18","2 Laps","10.922","100","BMW","M3","White","1997","","","",""
"28","7","363","David Shields","GTS3","1:36.167","17","3 Laps","1 Lap","69","Porsche","Cayman","Blue/White","2007","","","",""
"29","9","166","Mathieu Lussier","GTS4","1:32.429","13","7 Laps","4 Laps","67","BMW","M3","Gray/Orange","2005","","","",""
"30","3","128","John Wechsler","Super Unlimited","1:41.750","12","8 Laps","1 Lap","85","Mazda","Miata","Blue","1999","","","",""
"31","8","530","Michael Sousa","GTS3","1:37.640","11","9 Laps","1 Lap","68","BMW","M3","Red","1997","","","",""
"32","10","331","Michael Gershanok","GTS4","1:41.853","11","9 Laps","11.583","66","BMW","M3","L.Blue","","","","",""
"DNF","DNF","22","Hugh Stewart","GTS3","1:31.403","7","DNF","4 Laps","34","BMW","328","White/Red","1992","","","",""
"DNF","DNF","150","Ron Landis","Super Touring 2","1:34.181","4","DNF","3 Laps","43","Chevrolet","Corvette","Red","2001","","","",""
"DQ","DQ","848","Jeffrey Segal","GTS4","1:32.047","7","DQ","","0","BMW","M3","Silver","2002","Glastonbury","CT","CIG Private Wealth Management","Jsegal@ctinvestors.com"
