"Pos","PIC","No.","Name","Class","Best Tm","Laps","Diff","Gap","Points","Make","Model","Color","Year","City","State","Sponsor","Email"
"1","1","42","Anthony Deluca","Comp Lisc","50.909","23",,,"0","Mitsubishi","EVO",,,,,,
"2","2","27","Devin Gregory","Comp Lisc","50.931","23","1.534","1.534","0","Subaru","STi",,,,,,
"3","1","50","Paul  Fusco","GTS4","50.325","23","11.677","10.143","0","Porsche","911",,,,,,
"4","1","01","Joe Diminno","SER","52.879","23","31.315","19.638","0",,,,,,,,
"5","3","33","Jack Laverty","Comp Lisc","52.184","23","49.581","18.266","0","Subaru","Impreza",,,,,,
"6","1","12","Mike Rossini","E2","55.078","22","1 Lap","1 Lap","0","Mazda","Miata",,,,,,
"8","2","99","Tony Senese","E2","55.636","22","1 Lap","0.001","0","Mazda","Miata",,,,,,
"9","1","228","Brian Casella","No Class","56.246","21","2 Laps","1 Lap","0","Mazda","RX7",,,,,,
"10","4","256","Sean Curran","Comp Lisc","57.247","21","2 Laps","6.914","0","Honda","Civic",,,,,,
"11","3","22","Jonathan Reimels","E2","56.835","20","3 Laps","1 Lap","0","Legends","Legends",,,,,,
