"Pos","PIC","No.","Name","Class","Best Tm","Laps","Diff","Gap","Points","Make","Model","Color","Year","City","State","Sponsor","Email"
"1","1","3","paul Levine","AIX","2:13.081","9",,,"0","Townsend","Truck",,,,,,
"2","1","5","Ronald Savenor","GTS4","2:09.874","9","15.445","15.445","0","porsche","964",,,,,,
"3","1","48","Jacques Rimokh","GTS3","2:17.189","8","1 Lap","1 Lap","0","BMW","M3",,,,,,
"4","1","94","Don Ehinger","944 SuperCup","2:19.339","8","1 Lap","0.524","0","Porsche","944",,,,,,
"5","1","148","John George","FFR","2:18.873","8","1 Lap","0.182","0","FFR","Challenge Car",,,,,,
"6","1","55","John Schmid","GTS2","2:23.491","8","1 Lap","0.695","0","BMW","E30 M3",,,,,,
"7","2","91","Nader Fotouhi","944 SuperCup","2:23.362","8","1 Lap","3.792","0","Porsche","944",,,,,,
"8","1","809","Albert Pyatak","944 Cup","2:25.470","8","1 Lap","3.594","0","Porsche","924",,,,,,
"9","1","66","Alan Tackman","SMC","2:25.235","8","1 Lap","0.281","0","Mazda","Miata",,,,,,
"10","2","39","Gary Wielgoszinski","944 Cup","2:25.144","8","1 Lap","1.973","0","porsche","944",,,,,,
"11","2","99","tony senese","SMC","2:28.582","8","1 Lap","5.026","0","Mazda","Miata",,,,,,
"12","1","13","Dave Gran","HC5","2:28.564","8","1 Lap","3.593","0","Honda","Prelude",,,,,,
"13","2","64","Scott Leder","GTS2","2:28.476","8","1 Lap","1.860","0","Porsche","911",,,,,,
"14","1","9","Robert Speakman","PTD","2:21.561","8","1 Lap","0.480","0","Nissan","240-SX",,,,,,
"15","1","63","Simon Eyre","SN","2:30.260","8","1 Lap","4.757","0","Dodge","Neon",,,,,,
"16","1","22","Jonathan Reimels","Legends","2:33.368","8","1 Lap","27.324","0","Legends","Chevy Sedan",,,,,,
"17","3","67","Joe Randolph","944 Cup","2:32.056","6","3 Laps","2 Laps","0","Porsche","944",,,,,,
"18","3","14","David Deerson","SMC","2:31.911","6","3 Laps","1.506","0","Pontiac","Fiero",,,,,,
"19","4","98","Ryoji Sumida","944 Cup","2:28.234","5","4 Laps","1 Lap","0","porsche","944",,,,,,
"20","1","63","John Early","SR","2:18.934","4","5 Laps","1 Lap","0",,,,,,,,
"21","3","39","David Reeves","GTS2","2:23.832","3","6 Laps","1 Lap","0","BMW","E30 M3",,,,,,
"22","1","49","Edward Schwarz","PTG","2:40.567","2","7 Laps","1 Lap","0","Nissan","Pulsar",,,,,,
