"Pos","PIC","No.","Name","Class","Best Tm","Laps","Diff","Gap","Points","Make","Model","Color","Year","City","State","Sponsor","Email"
"1","1","27","Devon Gregory","PTA","54.939","22",,,"0","Subaru","WRX Sti",,,,,,
"2","2","42","Anthony Deluca","PTA","54.410","22","11.889","11.889","0","Mitsubishi","EVO",,,,,,
"3","3","59","John Early","PTA","56.545","22","23.451","11.562","0","Lotus","Caterham",,,,,,
"4","4","33","Jack Laverty","PTA","56.264","22","42.776","19.325","0","Subaru","Impreza",,,,,,
"5","1","80","Allan Daley","PTD","58.033","21","1 Lap","1 Lap","0","Honda","CRX",,,,,,
"6","1","99","Tony Senese/ Joe Lee","PTE","58.826","21","1 Lap","19.989","0","Mazda","Miata",,,,,,
"7","2","07","Michael Kane","PTE","59.078","21","1 Lap","5.078","0","Mazda","Miata",,,,,,
"8","1","44","James Hovey","PTG","1:01.748","20","2 Laps","1 Lap","0","Volkswagon","GTI",,,,,,
"9","3","04","Evan Samoulos","PTE","1:02.698","20","2 Laps","27.270","0","Mazda","Miata",,,,,,
"10","1","228","Brian Casella","PTF","1:01.934","19","3 Laps","1 Lap","0","Mazda","RX7",,,,,,
"11","1","46","944SC - Mandell","PTB","1:03.020","19","3 Laps","10.150","0",,"944SC","White",,,,,
"12","4","12","Mike Rossini","PTE","59.781","18","4 Laps","1 Lap","0","Mazda","Miata",,,,,,
"DNS","DNS","256","Sean Curran","PTE",,,"DNS",,"0","Honda","Civic",,,,,,
"DNS","DNS","22","Jonathan Reimels","PTE",,,"DNS",,"0","Legends","Legends",,,,,,
"DNS","DNS","64","Charlie Turano","PTE",,,"DNS",,"0","Renault","SR",,,,,,
