"Pos","PIC","No.","Name","Class","Overall BestTm","Appeared","Diff","Gap","Points","Make","Model","Color","Year","City","State","Sponsor","Email"
"5","1","3","mark figliozzi","TTA","53.125","3","49.856","1.433","0","Mitsubishi","Evolution","Red/Black","Revision","Rockville","MD",,
"7","1","109","John Lownik","American Iron","54.878","2","51.609","1.115","0","Ford","Mustang","White",,"Whitestone","NY",,
"9","1","11","Peter Bekkers","TTB","55.772","1","52.503","0.058","0","Ford","Mustang","white","Sodikart","delray Beach","FL",,
"11","1","99","tony senese","Spec Miata","56.534","2","53.265","0.224","0","Mazda","Miata","black","POS Motorsports","shaftsbury","VT",,
"12","1","55","John Schmid","HPDE4","57.008","3","53.739","0.474","0","BMW","E30 M3","Black",,"Edison","NJ",,
"13","1","68","Sonny Tu","TT","58.811","2","55.542","1.803","0",,,,,,,,
"14","1","13","Kenneth Smith","Competition License","59.065","2","55.796","0.254","0","Porsche","944","Flat Black","Paddock Racing","North Haledon","NJ",,
"15","1","42","Anthony Deluca","Super Touring 2","59.349","1","56.080","0.284","0","Mitsubishi","EVO",,,"Reading","CT",,
"16","2","06","Richard Wilson","Super Touring 2","1:04.398","1","1:01.129","5.049","0","Chevrolet","Corvette","Orange and White","None","Hilton","NY",,
"17","1","151","Dan Nazzaro","PTB","1:04.651","1","1:01.382","0.253","0","Nissan","Sentra",,,,"CT",,
"18","3","27","Devon Gregory","Super Touring 2","1:07.805","1","1:04.536","3.154","0","Subaru","WRX Sti",,,,,,
