"Pos","PIC","No.","Name","Class","Best Tm","Laps","Diff","Gap","Points","Make","Model","Color","Year","City","State","Sponsor","Email"
"1","1","7","Thomas Soriano","Super Unlimited","55.635","26",,,"100","Porsche","GT3R",,,"Rutland","VT",,
"2","1","27","Devin Gregory","Super Touring 2","58.970","25","1 Lap","1 Lap","100","Subaru","Sti",,,"Redding","CT",,
"3","1","130","Phil Eisman","GTS3","59.830","25","1 Lap","7.635","100","BMW","325",,,,,,
"4","1","125","B. Headley","AI","59.727","25","1 Lap","2.915","100","Ford","Mustang",,,,,,
"5","1","2","KEVIN BURNS","SR","59.655","25","1 Lap","23.008","100","Toyota","Sports Racer",,,,"NY",,
"6","2","4","Roger Balducci","SR","1:00.461","25","1 Lap","6.803","90","World Sports Racer","Sports Toyota",,,"Virginia Beach","VA",,
"7","2","06","Richard Wilson","Super Unlimited","1:00.750","25","1 Lap","3.416","90","Chevrolet","Corvette",,,"Hilton","NY","None",
"8","2","33","Jack Laverty","Super Touring 2","1:01.653","25","1 Lap","6.904","90","Subaru","3.3 RS",,,"east hartford","CT",,
"9","1","69","Darrel Stein","PTA","1:02.164","24","2 Laps","1 Lap","100","BMW",,,,,,,
"10","1","193","Keith Hammitte","GTS2","1:02.780","24","2 Laps","0.690","100","BMW","325is",,,"Jamaica Plain","MA",,
"11","1","124","Windell Holmes","PTE","1:02.890","24","2 Laps","7.647","100","Acura","Integra",,,"Jaimaca","NY",,
"12","1","18","Andrew Zimmermann","HC4","1:03.451","24","2 Laps","4.377","100","Acura","Integra",,,"Cinnaminson","NJ","Hankook Tire",
"13","1","99","Sean Curran","SpecE30-SO","1:04.719","23","3 Laps","1 Lap","100","bmw","325is",,,"Clifton","NJ",,
"14","2","52","Adam Mouradian","PTE","1:05.278","23","3 Laps","13.794","90","Subaru","legacy",,,"Bloomfield","NJ","TeamIAC",
"15","1","99","Joe Lee","SM","1:05.442","23","3 Laps","2.433","100","Mazda","Miata",,,"shaftsbury","VT","POS Motorsports",
"16","1","18","Brian Casella","HC3","1:02.511","23","3 Laps","6.323","100","Acura","Integra",,,,"NJ",,
"17","1","9","Steven Bessett","AIX","1:02.172","22","4 Laps","1 Lap","100","Pontiac","Firebird",,,"Boothwin","PA",,
"18","2","14","David Deerson","SM","1:07.477","22","4 Laps","1:29.106","90","Mazda","Miata",,,,,,
"19","1","517","Zephyr Belski","HC5","1:05.237","17","9 Laps","5 Laps","100","Honda","CRX",,,"Bridgewater","NJ",,
"DNF","DNF","33","Scott McKee","Super Unlimited","57.942","12","DNF",,"85","Datson","240Z",,,"wellington","FL","TBA",
"DNF","DNF","12","Jim Bianco Jr","PTA",,,"DNF",,"90","Subaru","STi",,,"Haverford","PA",,
