Pos,PIC,No.,Name,Class,Overall BestTm,Appeared,Diff,Gap,Points,Make,Model,Color,Year,City,State,Sponsor,Email
6,1,5,James VanderVliet,HPDE4,1:46.617,2,5.376,1.323,0,Diasio,D962 R - Turbo,,,Chatham,NJ,N/A,
12,1,321,Steve Sabatell,SR,1:53.370,1,12.129,0.41,0,,,,,,,,
13,1,12,Mike Rossini,E2,2:01.477,1,20.236,8.107,0,Mazda,Miata,,,,,,
15,1,62,Christian McIntyre,HPDE3,2:03.219,2,21.978,1.212,0,BMW,325i,,,Danbury,CT,Spec E30,
17,1,36,Brian Cassella,HC3,2:06.412,1,25.171,0.924,0,Acura,Integra,,,,,,
18,1,65,David Reading,HPDE1,2:11.180,2,29.939,4.768,0,Mazda,Miata,,,Phoenixville,PA,,