"Pos","PIC","No.","Name","Class","Overall BestTm","Appeared","Diff","Gap","Points","Make","Model","Color","Year","City","State","Sponsor","Email"
"7","1","34","Bern Kyler","TT","2:17.813","1","5.469","1.069","0","Subaru",,,,,,,
"8","7","723","Chris Allen",,"2:25.374","1","13.030","7.561","0","Hondah","JDM Yo",,,,"Mental",,
"10","9","9","Steven Bessett",,"2:33.341","1","20.997","6.093","0","Pontiac","Firebird Formula",,,"Brookstone","PA","Mid-Atlantic Dismantlement Inc",
"12","2","68","Sonny Tu","TT","2:38.089","1","25.745","3.212","0",,,,,,,,
"14","3","48","Charlie Barker","TT","2:45.549","4","33.205","5.717","0","Cobra","Cobra",,,,"MA",,
"15","1","711","Olivier Raoust","GTS3",,"1",,,"0","BMW","M3",,,"Hampton","VA","Raoust+Partners",
"16","1","36","Brian Cassella","HC3",,"1",,,"0","Acura","Integra",,,,,,
