"Pos","PIC","No.","Name","Class","Best Tm","Laps","Diff","Gap","Points","Make","Model","Color","Year","City","State","Sponsor","Email"
"1","1","42","Anthony Deluca","Super Touring 2",,"24",,,"100","Mitsubishi","EVO",,,"Reading","CT",,
"2","1","151","Dan Nazzaro","PTB",,"23",,,"100","Nissan","Sentra",,,,"CT",,
"4","2","06","Richard Wilson","Super Touring 2",,"23",,,"90","Chevrolet","Corvette","Orange and White",,"Hilton","NY","None",
"9","1","9","Ed Cangialosi","PTF",,"21",,,"100","Mazda","Protege","Dark Blue",,"White Plains","NY","RepartoCorse.com",
"10","2","124","Windell Holmes","PTB",,"11",,,"90","Acura","Integra",,,,,,
