"Pos","PIC","No.","Name","Class","Overall BestTm","Appeared","Diff","Gap","Points","Make","Model","Color","Year","City","State","Sponsor","Email"
"3","1","5","Michael Ko","TTR","1:34.475","4","0.636","0.474","0","Mitsubishi","Evolution",,"DTM MOTORSPORT","Great Falls","VA",,
"7","1","12","Jim Bianco Jr","HPDE4","1:36.857","4","3.018","0.513","0","Subaru","STi",,"Sky Motor Cars","Haverford","PA",,
"11","1","46","Norman Mandell","944 SuperCup","1:43.705","1","9.866","0.276","0","Porsche","968",,,,,,
"15","1","65","David Reading","HPDE1","1:52.187","3","18.348","3.538","0","Mazda","Miata",,,"Phoenixville","PA",,
"18","1","517","Zephyr Belski","TTU","1:54.033","1","20.194","0.527","0","Honda","CRX",,,"Bridgewater","NJ",,
"19","1","62","Christian McIntyre","HPDE3","1:54.172","3","20.333","0.139","0","BMW","325i",,"Spec E30","Danbury","CT",,
