"Pos","PIC","No.","Name","Class","Overall BestTm","Appeared","Diff","Gap","Points","Make","Model","Color","Year","City","State","Sponsor","Email"
"1","1","5","Michael Ko","TTU","1:02.851","4",,,"0","Mitsubishi","Evolution",,,"Great Falls","VA","DTM MOTORSPORT",
"2","1","101","david fazzino","TTS","1:04.832","3","1.981","1.981","0","Mitsubishi","Evolution 8",,,"east hampton","CT","Apex Electric",
"4","1","111","Gary Alpert","TTA","1:09.135","3","6.284","0.716","0","Ford","Mustang",,,,,,
"5","1","18","Brian Casella","H3","1:09.633","2","6.782","0.498","0","Acura","Integra",,,,"NJ",,
"6","2","321","Steven Sabatell","TTU","1:09.901","4","7.050","0.268","0","Honda","S2000",,,,,,
"7","1","07","Mike Kane","SM","1:12.846","2","9.995","2.945","0","Mazda","Miata",,,,,,
"8","2","07","Mike Kane","HPDE4","1:12.972","1","10.121","0.126","0","Mazda","Miata",,,,,,
"9","1","11x","Mike Sylvester","HPDE3","1:15.378","2","12.527","2.406","0","Honda","Civic Si",,,,,,
"10","2","14","David Deerson","SM","1:16.058","2","13.207","0.680","0","Mazda","Miata",,,,,,
