"Pos","PIC","No.","Name","Class","Best Tm","Laps","Diff","Gap","Points","Make","Model","Color","Year","City","State","Sponsor","Email"
"1","1","62","Christopher Drabouski","HC1","1:04.461","21",,,"100","Honda","Civic hatchback",,,"Collegeville","PA","Password JDM",
"2","2","30","Scott Burner","HC1","1:05.004","21","0.961","0.961","90","Honda","S2000",,,,,,
"3","1","52","Jim Schenck","FFC","1:05.446","21","18.613","17.652","100","FFR","Challenge Car",,,"Wareham","MA","Factory Five Racing",
"4","1","130","Phil Eisman","GTS3","1:05.659","21","19.788","1.175","100","BMW","325",,,,,,
"5","1","27","Devin Gregory","Super Touring 2","1:04.572","21","22.933","3.145","100","Subaru","Sti",,,"Redding","CT",,
"6","2","21","Matt Williams","GTS3","1:06.230","21","23.892","0.959","90","BMW","M3",,,"Dallastown","PA","Advantage Engineering",
"7","2","48","John George","FFC","1:06.389","21","35.400","11.508","90","FFR","Challenge Car",,,"Nashua","NH","John George",
"8","3","75","John Oldt","HC1","1:06.921","21","36.247","0.847","85","Honda","S2000",,,"Allentown","PA",,
"9","2","33","Jack Laverty","Super Touring 2","1:07.823","21","1:02.224","25.977","90","Subaru","3.3 RS",,,"east hartford","CT",,
"10","4","18","Brian Casella","HC1","0.001","20","1 Lap","1 Lap","80","Acura","Integra",,,,"NJ",,
"11","5","577","Walter McKinney","HC1","1:08.487","20","1 Lap","0.217","75","Honda","Prelude",,,"Morgantown","WV","MFactory",
"12","1","251","GREGORY PELUSO","GTS2","1:08.455","20","1 Lap","4.235","100","325is","BMW",,,"BEAVER","PA","Heritage Racing Group",
"13","1","0","Jonathan Allen","SpecE30-SO","1:09.375","20","1 Lap","10.096","100","bmw","325i",,,"Upper Black Eddy","PA","Bimmerparts.com and  Allen Wealth Management",
"14","1","21","kevin fandozzi","Spec Neon","1:09.790","20","1 Lap","4.449","100","Dodge","Neon",,,"birmingham","MI",,
"15","1","30","Keith Orawiec","PTC","1:09.561","20","1 Lap","1.209","100","Pontiac","Firebird Formula",,,"Beaver","PA","Domination Chassis",
"16","2","40","Dan Waleke","Spec Neon","1:10.132","20","1 Lap","7.956","90","Dodge","Neon",,,"Sterling Heights","MI","Carbotech / Galeana Racing",
"17","2","11","David Fletcher","PTC","1:10.579","20","1 Lap","12.315","90","Audi","A4",,,"Hudson","OH","Fletcher Racing/APR Tuning",
"18","3","59","Steve Jones","Spec Neon","1:10.586","20","1 Lap","10.339","85","Dodge","Neon",,,"Lake Orion","MI","1550848",
"19","1","52","Adam Mouradian","PTE","1:11.843","19","2 Laps","1 Lap","100","Subaru","legacy",,,"Bloomfield","NJ","TeamIAC",
"20","2","99","Sean Curran","SpecE30-SO","1:12.200","19","2 Laps","4.386","90","bmw","325is",,,"Clifton","NJ",,
"21","6","517","Zephyr Belski","HC1","1:11.253","19","2 Laps","5.116","70","Honda","CRX",,,"Bridgewater","NJ",,
"22","2","22","Mark Barr","GTS2","1:11.869","19","2 Laps","6.505","90","VW","GTI",,,"Derry","PA","Barr Motorsport",
"23","2","93","John Ellefson","PTE","1:12.458","19","2 Laps","21.518","90","Saturn","SC2",,,"Cranberry Township","PA","Flying Elves Racing",
"24","3","93","Jesse Lauterbach","GTS2","1:10.428","19","2 Laps","7.463","85","BMW","M3",,,"Red Lion","PA","William Designworks/Meisterschaft Motor",
"25","3","62","Wayne Patterson","FFC","1:11.851","19","2 Laps","21.853","85","Spec Racer","Factory Five Cobra",,,"Yardley Pa","PA","Owner",
"26","3","47","Deirdre Lutsch","PTC","1:15.598","18","3 Laps","1 Lap","85","ford","mustang",,,"SALEM","OH","Mallett Cars Ltd",
"27","4","25","Gary Klein","Spec Neon","1:16.132","17","4 Laps","1 Lap","80","Dodge","Neon",,,"Royal Oak","MI","tmr motorsports",
"DNF","DNF","51","David Riha","FFC","1:05.209","9","DNF",,"80","Factory Five","Challenge Car",,,"West Wareham","MA",,
"DNF","DNF","40","David Rankin","AIX",,,"DNF",,"100","Pontiac","Firebird",,,,,,
"DNS","DNS","12","Elliott Fisher","AIX",,,"DNS",,"0","Ford","Mustang",,,"Coto De Caza","CA","Pauls Automotive - Hyland Software - Aztek Consulting -",
"DNS","DNS","76","Matt Dawson","HC2",,,"DNS",,"0","Honda","Del Sol Vtec",,,"Minetto","NY","MyDigitalDiscount",
"DNS","DNS","73","Thomas (Toby) Curran","Spec Neon",,,"DNS",,"0","Dodge","Neon",,,"Macomb Township","MI","Shelby Tire",
"DNS","DNS","42","Anthony DeLuca","Super Touring 2",,,"DNS",,"0","mitsubishi","EVO-9-mr",,,"Redding","CT","PDA",
