"Pos","PIC","No.","Name","Class","Overall BestTm","Appeared","Diff","Gap","Points","Make","Model","Color","Year","City","State","Sponsor","Email"
"2","1","5","Michael Ko","TTU","57.850","3","0.174","0.174","0","Mitsubishi","Evolution",,"DTM MOTORSPORT","Great Falls","VA",,
"3","1","101","david fazzino","TTS","58.816","3","1.140","0.966","0","Mitsubishi","Evolution 8",,"Apex Electric","east hampton","CT",,
"4","1","109","john lownik","AI","1:02.153","2","4.477","3.337","0","Ford","Mustang",,,"whitestone","NY",,
"5","1","3","mark figliozzi","HPDE3","1:02.415","2","4.739","0.262","0","Mitsubishi","Evolution",,"Revision","Rockville","MD",,
"7","1","18","Brian Casella","H3","1:35.449","1","37.773","29.880","0","Acura","Integra",,,,"NJ",,
