"Pos","PIC","No.","Name","Class","Best Tm","Laps","Diff","Gap","Points","Make","Model","Color","Year","City","State","Sponsor","Email"
"1","1","7","Thomas Soriano","Super Unlimited","1:26.562","17",,,"100","Porsche","GT3R",,,,,,
"2","2","33","Scott McKee","Super Unlimited","1:29.940","17","14.039","14.039","90","Datson","240Z",,,"wellington","FL","TBA",
"3","3","53","Mike Hartley","Super Unlimited","1:29.419","17","49.763","35.724","85","Dodge","Viper",,,,,,
"4","4","47","David Katz","Super Unlimited","1:34.181","17","1:25.562","35.799","80","Porsche","911 RS America",,,"Livingston","NJ","TRACSAFE",
"5","1","9","Stephen Laputka","944 SuperCup","1:38.782","16","1 Lap","1 Lap","100","Porsche","944",,,,,,
"6","1","48","John George","FFC","1:38.541","16","1 Lap","4.836","100","FFR","Challenge Car",,,"Nashua","NH","John George",
"7","1","33","Jack Laverty","Super Touring 2","1:38.984","16","1 Lap","0.686","100","Subaru","Impreza",,,,,,
"8","5","502","Marco Pires","Super Unlimited","1:38.547","16","1 Lap","1.764","75","Porsche","911",,,"Yonkers","NY","Paddock Performance",
"9","1","23","Evan Samoulos","GTSU","1:35.153","16","1 Lap","4.920","100","Porsche","911",,,,,,
"10","1","19","Chris BeLieu","AIX","1:38.561","16","1 Lap","2.823","100","Ford","Mustang GT",,,"Carlisle","PA","Mechanicsburg Sportscar",
"11","1","18","Brian Casella","HC3","1:40.882","15","2 Laps","1 Lap","100","Acura","Integra",,,,,,
"12","1","09","Team Speakman Racing","PTC","1:41.647","15","2 Laps","5.507","100","Nissan","240SX",,,"Lutherville","MD","Speakman Racing",
"13","1","01","Joe DiMinno","PTE","1:41.461","15","2 Laps","5.571","100","Nissan","SER",,,,,,
"14","1","00","Marc Cefalo","SM","1:41.795","15","2 Laps","15.990","100","mazda","miata",,,"Larksville","PA","Planetmiata.com / Rebello Racing Engines",
"15","1","061","Michael Gershanok","GTS4","1:42.985","15","2 Laps","29.026","100",,,,,,,,
"16","1","115","Arvin Parmanan","944 Cup","1:44.227","15","2 Laps","6.287","100","Porsche",,,,,,,
"17","2","0","Michael Cefalo","SM","1:44.816","15","2 Laps","3.050","90","Mazda","Miata",,,,,,
"18","3","07","Michael Kane","SM","1:46.009","15","2 Laps","20.290","85","Mazda","Miata",,,,,,
"19","1","517","Zephyr Belski","HC5","1:46.011","15","2 Laps","3.124","100","Honda","CRX",,,"Bridgewater","NJ",,
"20","1","99","Sean Curran","SpecE30-SO","1:44.634","15","2 Laps","2.952","100","bmw","325is",,,"Clifton","NJ",,
"21","2","151","Dan Nazzaro","Super Touring 2","1:44.204","14","3 Laps","1 Lap","90","Subaru","STi",,,,,,
"22","2","24","Ben Thomsen","SpecE30-SO","1:47.014","14","3 Laps","10.403","90","BMW","325i",,,,,,
"23","2","171","Bill Williams","PTE","1:48.357","14","3 Laps","11.676","90","Mazda","Miata",,,,,,
"24","4","37","Jason Nolan","SM","1:48.273","14","3 Laps","4.783","80","Mazda","Miata",,,,,,
"25","5","21","Freddy Coccar","SM","1:48.891","14","3 Laps","14.316","75","Mazda","Miata",,,,,,
"26","2","221","Jason Judd","944 Cup","1:50.447","14","3 Laps","18.590","90","Porsche","924s",,,,,,
"27","1","9","Ed Cangialosi","PTF","1:50.772","14","3 Laps","14.917","100","Mazda","Protege",,,"White Plains","NY","RepartoCorse.com",
"28","6","77","Nicole Cooper","SM","1:51.875","14","3 Laps","3.195","70","Mazda","Miata",,,,,,
"29","3","6","Michael Sabattello","PTE","1:42.028","10","7 Laps","4 Laps","85","BMW","325",,,,,,
"DNF","DNF","27","Devin Gregory","Super Touring 2","1:34.970","6","DNF",,"0","Subaru","STi",,,,,,
"DNF","DNF","46","Norm Mandell","944 SuperCup","1:48.234","3","DNF",,"0","Porsche","944",,,,,,
"DNF","DNF","777","Agemiro de Paula","Super Touring 2","1:37.937","2","DNF",,"0","Subaru","WRX STI",,,"Whitestone","NY","FIZZ/XXTuning",
