"Pos","PIC","No.","Name","Class","Best Tm","Laps","Diff","Gap","Points","Make","Model","Color","Year","City","State","Sponsor","Email"
"1","1","42","Kyle Germantown","Super Touring 2","1:00.020","22",,,"100","Mitsubishi","EVO",,,,,,
"2","1","125","B. Headley","AI","1:02.169","22","38.266","38.266","100","Ford","Mustang",,,,,,
"3","1","47","David Katz","GTS4","1:02.424","22","50.236","11.970","100","Porsche","911 RS America",,,"Livingston","NJ","TRACSAFE",
"4","2","42","Anthony Deluca","Super Touring 2","1:02.256","22","1:00.947","10.711","90","Mitsubishi","EVO 9",,,,,,
"5","2","061","Michael Gershanok","GTS4","1:02.607","22","1:02.746","1.799","90",,,,,,,,
"6","1","502","Marco Pires","Super Unlimited","1:03.065","21","1 Lap","1 Lap","100","Porsche","911",,,"Yonkers","NY","Paddock Performance",
"7","2","169","Marco Radisic","Super Unlimited","1:04.432","21","1 Lap","22.589","90","Mini","Cooper",,,,,,
"8","1","69","Darrel Stein","PTA","1:04.038","21","1 Lap","3.872","100","MAZDA",,,,,,,
"9","1","372","Sean Foster","GTS2","1:05.012","21","1 Lap","15.100","100","Porsche","911 SC",,,,,,
"10","1","9","Steven  Besset","AIX","1:04.760","21","1 Lap","49.918","100","Pontiac","Firebird",,,,,,
"11","3","33","Jack Laverty","Super Touring 2","1:05.832","20","2 Laps","1 Lap","85","Subaru","Impreza",,,,,,
"12","4","777","Agemiro de Paula","Super Touring 2","1:03.289","19","3 Laps","1 Lap","80","Subaru","WRX STI",,,"Whitestone","NY","FIZZ/XXTuning",
"13","2","23","Evan Samouros","GTS2",,"19",,,"90","Porsche",,,,,,,
"14","3","7","Tom Soriano","Super Unlimited","59.231","16",,,"85","Porsche","911 GT3-R",,,,,,
"15","5","58","Richard Cox","Super Touring 2","1:03.003","14","2 Laps","2 Laps","75","Chevrolet","Corvette",,,,,,
"16","1","130","Phil Eisman","GTS3","1:01.968","11","5 Laps","3 Laps","100","BMW","325",,,,,,
"17","1","48","John George","FFC","1:04.169","3","13 Laps","8 Laps","100","FFR","Challenge Car",,,"Nashua","NH","John George",
"DNF","DNF","33","Robert Avati","AIX","1:02.205","8","DNF",,"90",,"Ford Mustang - Red",,,,,,
"DNF","DNF","27","Devin Gregory","Super Touring 2",,,"DNF",,"70","Subaru","STi",,,,,,
