"Pos","PIC","No.","Name","Class","Best Tm","Laps","Diff","Gap","Points","Make","Model","Color","Year","City","State","Sponsor","Email"
"1","1","42","Kyle Germantown","Super Touring 2","58.247","22",,,"100","Mitsubishi","EVO",,,,,,
"2","1","7","Tom Soriano","Super Unlimited","57.848","22","7.263","7.263","100","Porsche","911 GT3-R",,,,,,
"3","2","27","Devin Gregory","Super Touring 2","1:00.674","22","31.261","23.998","90","Subaru","STi",,,,,,
"4","1","125","B. Headley","AI","1:01.045","22","47.038","15.777","100","Ford","Mustang",,,,,,
"5","1","130","Phil Eisman","GTS3","1:01.721","22","51.109","4.071","100","BMW","325",,,,,,
"6","3","777","Agemiro de Paula","Super Touring 2","1:02.082","22","1:01.268","10.159","85","Subaru","WRX STI",,,"Whitestone","NY","FIZZ/XXTuning",
"7","4","42","Anthony Deluca","Super Touring 2","1:02.105","22","1:01.769","0.501","80","Mitsubishi","EVO 9",,,,,,
"8","1","48","John George","FFC","1:01.983","22","1:02.334","0.565","100","FFR","Challenge Car",,,"Nashua","NH","John George",
"9","1","061","Michael Gershanok","GTS4","1:02.043","21","1 Lap","1 Lap","100",,,,,,,,
"10","1","23","Evan Samouros","GTS2","1:01.623","21","1 Lap","0.297","100","Porsche",,,,,,,
"11","5","58","Richard Cox","Super Touring 2","1:03.848","21","1 Lap","22.301","75","Chevrolet","Corvette",,,,,,
"12","1","9","Steven  Besset","AIX","1:04.321","21","1 Lap","0.290","100","Pontiac","Firebird",,,,,,
"13","2","372","Sean Foster","GTS2","1:04.198","21","1 Lap","0.559","90","Porsche","911 SC",,,,,,
"14","6","33","Jack Laverty","Super Touring 2","1:03.942","21","1 Lap","35.533","70","Subaru","Impreza",,,,,,
"15","2","109","John Lownik","AI","58.852","18","4 Laps","3 Laps","90",,,,,,,,
