"Pos","PIC","No.","Name","Class","Best Tm","Laps","Diff","Gap","Points","Make","Model","Color","Year","City","State","Sponsor","Email"
"2","1","42","Anthony Deluca","Super Touring 2",,"29",,,"100","Mitsubishi","EVO",,,"Reading","CT",,
"3","2","27","Devon Gregory","Super Touring 2",,"28",,,"90","Subaru","WRX Sti",,,,,,
"4","1","9","Steven  Besset","AIX",,"28",,,"100","Pontiac","Firebird",,,"Boothwyn","PA",,
"5","1","23","Evan Samouros","GTS2",,"27",,,"100","Porsche","964",,,"Pittstown","NJ",,
"6","1","151","Dan Nazzaro","PTB",,"27",,,"100","Nissan","Sentra",,,,"CT",,
"7","3","06","Richard Wilson","Super Touring 2",,"27",,,"85","Chevrolet","Corvette","Orange and White",,"Hilton","NY","None",
"8","1","99","tony senese","SM",,"26",,,"100","Mazda","Miata","black",,"shaftsbury","VT","POS Motorsports",
"11","2","124","Windell Holmes","PTB",,"25",,,"90","Acura","Integra",,,,,,
"14","1","9","Ed Cangialosi","PTF",,"24",,,"100","Mazda","Protege","Dark Blue",,"White Plains","NY","RepartoCorse.com",
