"Pos","PIC","No.","Name","Class","Overall BestTm","Appeared","Diff","Gap","Points","Make","Model","Color","Year","City","State","Sponsor","Email"
"2","1","18","Brian Casella","Honda Chal 3","1:03.912","1","6.274","6.274","0","Acura","Integra",,,,"NJ",,
"3","1","99","Joe Lee","SM","1:05.297","2","7.659","1.385","0","Mazda","Miata",,,"shaftsbury","VT","POS Motorsports",
"4","2","86","Scott Smit",,"1:05.974","2","8.336","0.677","0","BMW","325",,,,"CT",,
"5","1","12","Jim Bianco Jr","PTA",,"1",,,"0","Subaru","STi",,,"Haverford","PA",,
