"Pos","PIC","No.","Name","Class","Overall BestTm","Appeared","Diff","Gap","Points","Make","Model","Color","Year","City","State","Sponsor","Email"
"2","1","67","Charlie Greenhaus","ESR","1:04.046","2","4.558","4.558","0",,,,,,"PA","Entropy Racing",
"4","1","15","Johan Schwartz","TTE","1:05.738","4","6.250","0.752","0","Mazda","MIata",,,,,,
"5","1","99","Tony Senese","Spec Miata","1:06.492","1","7.004","0.754","0","Mazda","Miata",,,,,,
"6","3","1","Sonny Tu",,"1:08.538","3","9.050","2.046","0","Porsche",,,,,,,
