Pos,PIC,No.,Name,Class,Overall BestTm,Appeared,Diff,Gap,Points,Make,Model,Year,Color,City,State,Sponsor,Email
4,1,XX,Allen Smith,TT,02:17.8,2,9.006,3.552,0,,,,,,,,
5,1,7,Jim Roberts,TTU,02:21.2,3,12.387,3.381,0,,corvette,,Yellow,,,,
6,1,7,Chris Allen,TTE,02:22.4,2,13.543,1.156,0,Honda,Prelude,1995,Blue,Verona,NJ,,
7,2,93,Keeron Rodigus,TT,02:23.1,1,14.221,0.678,0,Honda,Civic,1997,Black,,,,
10,1,10,Erik Olson,Honda Chal 2,,1,-3:58:45.946,,0,Honda,Civic,1992,Red,Allentown,PA,ME,mosser@ptd.net
