Pos,PIC,No.,Name,Class,Overall BestTm,Appeared,Diff,Gap,Points,Make,Model,Year,Color,City,State,Sponsor,Email
1,1,19,Steve Minghenelli,Pro Truck,49.528,2,,,0,SR,,2003,red black white,Waterford,NJ,car mart rv center,carmartrv@hotmail.com
3,1,27,Devin Gregory,Super Touring 2,51.615,1,2.087,0.86,0,Subaru,Sti,4,Silver,Redding,CT,,dpgregory@gregory-builders.com
4,1,321,Steven Sabatell,TTB,52.872,2,3.344,1.257,0,Honda,S2000,2005,Silver,SI,NY,A&G Racing & Nitto TIre,
5,1,68,Entropy Racing Charlie Turano,ESR,54.711,1,5.183,1.839,0,Sports Racer,,,,,,Entropy,
6,1,71,Chris Chang,Honda Chal 2,55.618,1,6.09,0.907,0,Acura,Integra,,,,,,
7,2,416,Stephanie Chang,Honda Chal 2,56.124,1,6.596,0.506,0,Honda,Civic,1994,green,Morris Plains,NJ,,sleepiestprincess@yahoo.com
8,1,37,Jim Bianco Jr,Spec Miata,56.438,3,6.91,0.314,0,Subaru,STi,2004,Silver,Newtown Square,PA,,jlb725@gmail.com
9,2,67,Entropy Racing,ESR,56.935,1,7.407,0.497,0,Sports Racer,,,,,,Entropy,
