"Pos","PIC","No.","Name","Class","Best Tm","Laps","Diff","Gap","Points","Make","Model","Color","Year","City","State","Sponsor","Email"
"1","1","58","Thomas Soriano","Super Unlimited","1:23.467","14","","","100","Porsche","GT3R","Black","2000","Seymour","CT","","TFSORIANO@aol.com"
"2","2","14","Steve Minganelli","Super Unlimited","1:29.114","14","16.473","16.473","90","","","","","","","",""
"3","1","777","Agemiro de Paula","Super Touring 2","1:29.221","14","16.993","0.520","100","Subaru","WRX STI","Black","2004","Whitestone","NY","TORK Motorsports/ FIZZ Autosport/Andrewt","apjr1@verizon.net"
"4","2","27","Devin Gregory","Super Touring 2","1:29.275","14","17.474","0.481","90","Subaru","Sti","Silver","4","Redding","CT","","dpgregory@gregory-builders.com"
"5","3","42","Anthony DeLuca","Super Touring 2","1:30.442","14","19.870","2.396","85","mitsubishi","EVO-9-mr","grey","2006","Redding","CT","Tork Motorsports","Tonyevo@optonline.net"
"6","4","30","Scot Burner","Super Touring 2","1:31.321","14","25.389","5.519","80","Honda","S2000","yellow","2001","camp hill","PA","www.pigfacetoad.com","sburner@comcast.net"
"7","5","06","Richard Wilson","Super Touring 2","1:31.579","14","26.086","0.697","75","Chevrolet","Corvette","Orange and White","1992","Hilton","NY","None","rnw@empireprecision.com"
"8","1","33","Matthew Bookler","PTC","1:35.489","13","1 Lap","1 Lap","0","Honda","Civic Si","Black","1993","Collegeville","PA",""Tankslapper Autosport","speedracer33@gmail.com"
"9","1","37","Brian Casella","Honda Chal 2","1:35.323","13","1 Lap","0.785","100","Acura","Integra","White","","","","",""
"10","2","10","Erik Olson","Honda Chal 2","1:35.513","13","1 Lap","0.595","90","Honda","Civic","Red","1992","Allentown","PA","ME","mosser@ptd.net"
"11","1","45","Robert Ball","GTS5","1:28.180","13","1 Lap","1.204","100","","","","","","","",""
"12","2","0","Steve Kefer","GTS5","1:26.918","13","1 Lap","0.955","90","BMW","","","","","","",""
"13","3","100","Paul Fusco","GTS5","1:29.087","13","1 Lap","1.687","85","Porsche","","","","","","",""
"14","1","199","Eric Wong","GTS3","1:30.017","13","1 Lap","1.869","100","BMW","M3","Blue/White","1995","Silver Spring","MD","BrakeSwap.com  TheWIFE RRT evosport","misterwong@verizon.net"
"15","1","101","Michael Yaskin","GTS4","1:29.987","13","1 Lap","0.908","100","BMW","M3","Black","1995","King of Prussia","PA","",""
"16","2","130","Philip Eiseman","GTS3","1:30.439","13","1 Lap","0.795","90","bmw","325","white/red/black","1993","New Britain","PA","bimmerparts.com","phile@eisemanroofing.com"
"17","3","015","Barry Battle","GTS3","1:30.556","13","1 Lap","0.672","85","BMW","E36 M3","White","1995","Culpeper","VA","RRT","mdayton@mbdcpas.com"
"18","4","152","paul sedacca","GTS3","1:30.557","13","1 Lap","0.910","80","BMW","E36 325is","Red/White","1994","cherry hill","NJ","Paulie Walnuts Motorsports","psedacca@yahoo.com"
"19","3","516","Spencer Anderson","Honda Chal 2","1:38.409","13","1 Lap","0.836","85","honda","civic","white","1990","morris plains","NY","","noriceef@aol.com"
"20","1","37","Nelson Grossnickle","American Iron","1:37.278","13","1 Lap","1.116","0","Ford","Mustang","red/gray","1989","Wrightsville","PA","Allied Hydraulic Service","NelsonGT1@aol.com"
"21","4","131","Peter Swarts","Honda Chal 2","1:37.637","13","1 Lap","0.840","80","Honda","Prelude","Black","1997","Bristol","CT","","pete@preludecomputing.com"
"22","5","04","Bill Ball","GTS3","1:32.581","13","1 Lap","4.093","75","","","","","","","",""
"23","6","000","alfredo galossi","GTS3","1:32.812","13","1 Lap","0.391","70","bmw","325","blue-orange","1992","whitehouse station","NJ","bimmerparts.com","theglassman587@aol.com"
"24","5","517","Zephyr Belski","Honda Chal 2","1:40.149","13","1 Lap","2.127","75","Honda","Civic","White","","","","",""
"25","2","061","Michael Gershanok","GTS4","1:33.065","13","1 Lap","1.131","90","BMW","","","","","","",""
"26","3","502","Marco Pires","GTS4","1:33.532","13","1 Lap","1.926","85","Porsche","911","Red","","","","",""
"27","7","96","Kyle Dempey","GTS3","1:35.207","13","1 Lap","2.555","69","BMW","M3","Green","1999","Malvern","PA","Sky Motorcars","kdemp626@mac.com"
"28","4","47","Jason Judd","GTS4","1:34.963","13","1 Lap","1.159","80","Porsche","","","","","","",""
"29","8","235","Martin Britos","GTS3","1:35.351","12","2 Laps","1 Lap","68","BMW","M3","orange","1998","Baltimore","MD","","mbritos1@jhmi.edu"
"30","9","39","Michael Goulde","GTS3","1:39.461","12","2 Laps","5.357","67","BMW","328is","Black","1996","Needham Heights","MA","","mgoulde@gmail.com"
"31","3","16","Thomas Statnick","Super Unlimited","1:28.221","8","6 Laps","4 Laps","85","Custom","GT-1 / SPO","Blue","0","New York","NY","","trs@itfais.com"
"32","6","416","Chris Chang","Honda Chal 2","1:40.249","8","6 Laps","2:10.389","70","Honda","Civic","green","1994","Morris Plains","NJ","","sleepiestprincess@yahoo.com"
"33","7","801","Stephanie Chang","Honda Chal 2","1:38.687","8","6 Laps","8:01.183","69","Acura","Integra","","","","","",""
