Pos,PIC,No.,Name,Class,Overall BestTm,Appeared,Diff,Gap,Points,Make,Model,Year,Color,City,State,Sponsor,Email
1,1,11,Chad Koslow,TTR,57.241,2,,,0,mitsubishi,Lancer Evo,2003,Black,centreville,VA,DTMotorsports/ DTMINC.COM,chad@DTMINC.com
3,1,109,John Lownik,American Iron,01:03.0,1,5.747,0.856,0,Ford,Mustang,,,,,,
4,1,321,Steven Sabatell,TTB,01:03.7,1,6.5,0.753,0,Honda,S2000,2005,Silver,SI,NY,A&G Racing & Nitto TIre,
6,1,66,Entropy Racing,ESR,01:05.7,2,8.446,0.291,0,,,,,,,,
8,1,37,Brian Casella,Honda Chal 2,01:06.2,1,8.941,0.063,0,Acura,Integra,,White,,,,
9,1,99,Tony Senese,Spec Miata,01:06.3,1,9.104,0.163,0,Mazda,Miata,,,,VT,,
12,2,64,Patrick Page,ESR,01:07.1,1,9.817,0.228,0,Sports Racer,,,,,,Entropy,
13,1,711,Michael French,TTE,01:07.3,2,10.036,0.219,0,MG,Midget,1972,Blue,Nelson,NH,,frenchy606@earthlink.net
14,1,86,Scott Smith,GTS2,01:07.5,1,10.277,0.241,0,BMW,Red,1986,"yellow""",Chester,CT,186,scott.w.smith@pfizer.com
16,1,9,Ed Cangialosi,PTE,01:09.9,1,12.618,1.074,0,Mazda,Protege,1999,Dark Blue,White Plains,NY,RepartoCorse.com,edcangialosi@msn.com
17,2,14,Dave Dearson,Spec Miata,01:11.7,1,14.453,1.835,0,Mazda,Miata,,Red,,,,
