Pos,PIC,No.,Name,Class,Overall BestTm,Appeared,Diff,Gap,Points,Make,Model,Year,Color,City,State,Sponsor,Email
1,1,11,Chad Koslow,TTR,57.938,3,,,0,mitsubishi,Lancer Evo,2003,Black,centreville,VA,DTMotorsports/ DTMINC.COM,chad@DTMINC.com
4,1,5,Nick Karanikas,TTS,01:03.1,2,5.129,0.535,0,Mitsubishi,EVO,2004,White,Centreville,VA,DTMotorsports Inc,dtmtuned@aol.com
5,1,321,Steven Sabatell,TTB,01:03.7,2,5.728,0.599,0,Honda,S2000,2005,Silver,SI,NY,A&G Racing & Nitto TIre,
7,1,93,Keeron Rodigus,TTA,01:05.0,3,7.02,0.539,0,Honda,Civic,1997,Black,,,,
10,1,711,Michael French,TTE,01:06.9,3,8.965,1.129,0,MG,Midget,1972,Blue,Nelson,NH,,frenchy606@earthlink.net
11,1,68,Charles Turano,ESR,01:08.0,3,10.085,1.12,0,Sports Racer,,,,,,Entropy,
14,1,14,Dave Dearson,Spec Miata,01:10.2,1,12.273,0.582,0,Mazda,Miata,,Red,,,,
17,2,99,Tony Senese,Spec Miata,01:13.1,1,15.161,1.462,0,Mazda,Miata,,,,VT,,
18,2,67,Jason Nolan,ESR,01:14.5,2,16.58,1.419,0,Sports Racer,,,,,,Entropy,
19,1,516,spencer anderson,Honda Chal 2,01:33.7,1,35.72,19.14,0,honda,civic,1990,white,morris plains,NY,,noriceef@aol.com
