"Pos","PIC","No.","Name","Class","Best Tm","Laps","Diff","Gap","Points","Make","Model","Color","Year","City","State","Sponsor","Email"
"1","1","222","Steven Katz","944 SuperCup","1:32.818","15","","","100","Porsche","","","","","","",""
"2","2","25","Don Ruschman","944 SuperCup","1:34.550","15","40.154","40.154","90","Porsche","951-S","black","86","Bethesda","MD","Apex Performance","DARuschman@gmail.com"
"3","1","19","patrick sheridan","944 Cup","1:37.059","15","1:09.603","29.449","100","porsche","924S","RED","1988","STERLING","VA","Wicked Hamsters Racing","pattypat555@hotmail.com"
"4","2","641","Ken Smith","944 Cup","1:37.996","15","1:37.140","27.537","90","Porsche","","","","","","",""
"5","3","8","Joe Boschulte","944 Cup","1:38.666","15","1:39.293","2.153","85","porsche","944","black","1987","college park","MD","itROX Racing Team","joe.boschulte@verizon.net"
"6","4","3","Steve Randolph","944 Cup","1:37.158","14","1 Lap","1 Lap","80","Porsche","944","White/Red","1986","Bowie","MD",""Information Delivery Systems","strandolph@comcast.net"
"7","3","432","Jim Clemens","944 SuperCup","1:39.962","14","1 Lap","36.910","85","Porsche","968","Black","1995","New York","NY","","clem@alum.mit.edu"
"8","5","72","David Mann","944 Cup","1:40.876","14","1 Lap","10.784","75","Porsche","944","Dark Blue","1986","Fairfax","VA","ACE Marketing","acemktg@ix.netcom.com"
"9","6","39","GARY WIELGOSZINSKI","944 Cup","1:41.756","14","1 Lap","8.871","70","porsche","944","RED","1987","AMHERST","NH","","fgaryw@aol.com"
"10","4","159","Anthony Pagonis","944 SuperCup","1:41.312","14","1 Lap","2.306","80","Porsche","944","Red","1984","Gaithersburg","MD","Intersport Performance","aj240z@comcast.net"
"11","1","21","Mark Bollman","Spec Miata","1:39.075","14","1 Lap","16.260","100","Mazda","Miata","Silver/Red","1991","Babson Park","MA","MBB-Racing","mbbollman@mindspring.com"
"12","7","51","Martin okun","944 Cup","1:41.472","14","1 Lap","2.147","69","Porsche","924S","Black","1988","Ledgewood","NJ","Joker Poker Lady","tanporsh@optonline.net"
"13","2","22","Steven Bessett","Spec Miata","1:39.905","14","1 Lap","1.087","90","Mazda","Miata","white","1996","boothwyn","PA","Mid-Atlantic Dismantlement Inc","madwrecking@yahoo.com"
"14","3","99","Tony Senese","Spec Miata","1:39.951","14","1 Lap","9.663","85","Mazda","Miata","","","","VT","",""
"15","4","07","Michael Kane","Spec Miata","1:39.700","14","1 Lap","0.657","80","mazda","miata","blue/silver","1993","wyckoff","NJ","","mike@amsrocks.com"
"16","5","14","Dave Dearson","Spec Miata","1:42.335","14","1 Lap","31.024","75","Mazda","Miata","Red","","","","",""
"17","6","37","Jim Bianco Jr","Spec Miata","1:41.522","14","1 Lap","1:10.323","70","Mazda","Miata","","2004","Newtown Square","PA","","jlb725@gmail.com"
"18","8","83","Robert Page","944 Cup","1:40.512","13","2 Laps","1 Lap","68","Porsche","944","white/orange","1987","Richmond","VA","Brakeswap.com TrackDaze Induktion Motorsports","bobster4@comcast.net"
"19","5","44","Frank Celenza","944 SuperCup","1:35.200","13","2 Laps","7.891","75","Porsche","944s2","Grey","","","","",""
"20","1","62","Christian McIntyre","SpecE30","1:42.266","13","2 Laps","1:38.203","0","BMW","325i","White","1990","Danbury","CT","Spec E30","c_mcintyre@yahoo.com"
"21","9","204","Robert Richmond","944 Cup","1:41.102","7","8 Laps","6 Laps","34","Porsche","944","White","1984","Lawrenceville","NJ","","robertrrichmond@yahoo.com"
