Pos,PIC,No.,Name,Class,Overall BestTm,Appeared,Diff,Gap,Points,Make,Model,Year,Color,City,State,Sponsor,Email
6,1,321,Steven Sabatell,TTB,01:52.5,4,9.981,1.009,0,Honda,S2000,2005,Silver,SI,NY,A&G Racing & Nitto TIre,
10,1,55,John Schmid,GTS2,,1,-3:59:12.261,,0,BMW,E30 M3,1988,Black,Edison,NJ,,john.p.schmid@jci.com
11,1,124,Windell Holmes,PTB,,1,-3:59:12.261,,0,Acura,Integra,93,Black/Yellow,jamaica,NY,Arch Auto Parts/ Full Line Auto Repairs,wholmes433@aol.com
12,1,16,Thomas Statnick,Super Unlimited,,1,-3:59:12.261,,0,Custom,GT-1 / SPO,0,Blue,New York,NY,,trs@itfais.com
13,1,62,Wayne Patterson,Factory Five Challenge,,1,-3:59:12.261,,0,Spec Racer,Factory Five Cobra,2006,Dark Red w/Silver Stripe,Yardley,PA,Owner,wayne@wwoc33.com
14,1,31,Peter Swarts,Honda Chal 2,,1,-3:59:12.261,,0,Honda,Prelude,1997,Black,Bristol,CT,,pete@preludecomputing.com
15,2,516,Spencer Anderson,Honda Chal 2,,1,-3:59:12.261,,0,honda,civic,1990,white,morris plains,NY,,noriceef@aol.com
16,1,0,Michael Cefalo,Spec Miata,,1,-3:59:12.261,,0,Mazda,Miata,1999,Blue/Green,West Pittston,,PLANET MIATA/CEFALO AND ASSOCIATES,racinglawyer@aol.com
17,1,13,Bruce Barnett,GTS1,,1,-3:59:12.261,,0,BMW,325es,1987,white,Dunellen,NJ,,barnett1@peoplepc.com
18,2,12,Mike Rossini,Spec Miata,,1,-3:59:12.261,,0,Mazda,Miata,1999,Orange,Washington,NJ,RRP,mikerossini@netzero.com
19,3,3,Rob Myles,Spec Miata,,1,-3:59:12.261,,0,Mazda,Miata,,,,,,
20,4,99,Tony Senese,Spec Miata,,1,-3:59:12.261,,0,Mazda,Miata,,,,VT,,
21,3,37,Brian Casella,Honda Chal 2,,1,-3:59:12.261,,0,Acura,Integra,,White,,,,
22,2,1,Robert Boucher,Super Unlimited,,1,-3:59:12.261,,0,Diasio,962R,2006,Red,Coventry,CT,,robertboucher@charter.net
23,3,23,Raphael - Jose Maurrasse,Super Unlimited,,1,-3:59:12.261,,0,Porsche,996 RSR,2004,White / Blue,River Vale,NJ,QBS INC / DeMan Motorsport,rjm26@aol.com
24,4,7,Thomas Soriano,Super Unlimited,,1,-3:59:12.261,,0,Porsche,GT3R,2000,Black,Seymour,CT,,TFSORIANO@aol.com
