Pos,PIC,No.,Name,Class,Overall BestTm,Appeared,Diff,Gap,Points,Make,Model,Year,Color,City,State,Sponsor,Email
2,1,42,Kyle Germanton,Super Unlimited,01:35.5,1,3.306,3.306,0,Mazda,LS3/RX7,1993,Black,Pompton Lakes,NJ,Hot Lap Motorsports,Kyle@aftus.com
3,1,27,Devin Gregory,Super Touring 2,01:38.1,1,5.939,2.633,0,Subaru,Sti,4,Silver,Redding,CT,,dpgregory@gregory-builders.com
4,1,7,Chris Allen,TTE,01:43.7,2,11.563,5.624,0,Honda,Prelude,1995,Blue,Verona,NJ,,
5,1,321,Steven Sabatell,TTB,01:45.3,3,13.093,1.53,0,Honda,S2000,2005,Silver,SI,NY,A&G Racing & Nitto TIre,
8,1,416,Stephanie Chang,Honda Chal 2,01:48.6,3,16.411,2.298,0,Honda,Civic,1994,green,Morris Plains,NJ,,sleepiestprincess@yahoo.com
9,1,9,Ed Cangialosi,PTE,01:49.9,3,17.722,1.311,0,Mazda,Protege,1999,Dark Blue,White Plains,NY,RepartoCorse.com,edcangialosi@msn.com
10,1,7,michael kane,Spec Miata,01:50.5,1,18.297,0.575,0,mazda,miata,1993,blue/silver,wyckoff,NJ,,mike@amsrocks.com
