"Pos","PIC","No.","Name","Class","Best Tm","Laps","Diff","Gap","Points","Make","Model","Color","Year","City","State","Sponsor","Email"
"1","1","7","Thomas Soriano","Super Unlimited","54.598","22","","","100","Porsche","GT3R","Black","2000","Seymour","CT","","TFSORIANO@aol.com"
"2","2","16","Thomas Statnick","Super Unlimited","55.219","22","9.267","9.267","90","Custom","GT-1 / SPO","Blue","0","New York","NY","","trs@itfais.com"
"3","1","19","Steve Minghenelli","Pro Truck","55.890","22","43.524","34.257","100","craftsmen","truck","red black white","2003","Waterford","NJ","car mart rv center","carmartrv@hotmail.com"
"4","1","777","Agemiro de Paula","Super Touring 2","57.276","22","56.356","12.832","100","Subaru","WRX STI","Black","2004","Whitestone","NY","TORK Motorsports/ FIZZ Autosport/Andrewt","apjr1@verizon.net"
"5","2","101","david fazzino","Super Touring 2","57.754","22","56.975","0.619","90","Mitsubishi","Evolution 8","apex silver","2003","East Hampton","CT","Apex Electric/XX Tuning","Apexelectric@netzero.com"
"6","1","130","philip eiseman","GTS3","58.938","21","1 Lap","1 Lap","100","bmw","325","white/red/black","1993","New Britain","PA","bimmerparts.com","phile@eisemanroofing.com"
"7","3","42","Anthony DeLuca","Super Touring 2","58.730","21","1 Lap","3.168","85","mitsubishi","EVO-9-mr","grey","2006","Redding","CT","Tork Motorsports","Tonyevo@optonline.net"
"8","4","06","Richard Wilson","Super Touring 2","59.401","21","1 Lap","7.032","80","Chevrolet","Corvette","Orange and White","1992","Hilton","NY","None","rnw@empireprecision.com"
"9","1","62","Christopher Drabouski","Honda Chal 1","59.549","21","1 Lap","0.820","100","Honda","Civic hatchback","Red","1997","Collegeville","PA","","chriswd62@hotmail.com"
"10","2","30","Scot Burner","Honda Chal 1","59.356","21","1 Lap","0.377","90","Honda","S2000","yellow","2001","camp hill","PA","www.pigfacetoad.com","sburner@comcast.net"
"11","2","3","Paul Levine","Pro Truck","59.891","21","1 Lap","14.277","90","Townsend","Pickup","White","2005","Medford","NY","Georganne",""
"12","1","061","Michael Gershanok","GTS4","59.552","21","1 Lap","0.626","100","BMW","","","","","","",""
"13","1","125","Bill Headley","American Iron","59.894","21","1 Lap","4.176","100","Ford","mustang","red","1995","McAfee","NJ","","st3mustang125@yahoo.com"
"14","3","75","John Oldt","Honda Chal 1","1:00.171","21","1 Lap","2.100","85","Honda","S2000","Blue/Black/Silver","2001","Allentown","PA","associatedrubberinc.com","ar-inc@rcn.com"
"15","2","23","Evan Samouhos","GTS4","1:00.035","21","1 Lap","9.029","90","porsche","964","black","1990","pittstown","NJ","evco","evan@evcomechanical.com"
"16","2","68","Pablo Crespo","GTS3","1:00.653","20","2 Laps","1 Lap","90","Porsche","968","White","1995","New York","PA","RS Barn","pmcrespo@malmgren.com"
"17","5","12","Jim Bianco Jr","Super Touring 2","1:01.036","20","2 Laps","7.649","75","Subaru","STi","Silver","2004","Newtown Square","PA","","jlb725@gmail.com"
"18","3","96","Kyle Dempey","GTS3","1:02.667","20","2 Laps","17.215","85","BMW","M3","Green","1999","Malvern","PA","Sky Motorcars","kdemp626@mac.com"
"19","1","88","MIKE WILSON","PTC","1:01.790","20","2 Laps","1.411","0","Chevy","corvette","red","70","Blairstown","NJ","","mike0442@VERIZON.NET"
"20","4","62","Steven Kwiat","GTS3","1:01.097","19","3 Laps","1 Lap","80","Porsche","Boxster","Black","1997","New York","NY","Axis of Oversteer","steven@kwiat.com"
"21","2","109","John Lownik","American Iron","1:03.245","19","3 Laps","14.218","90","Ford","Mustang","","","","","",""
"22","3","32","JAMES BIANCO Sr","American Iron","1:03.669","19","3 Laps","5.048","85","Chevrolet","Camaro","silver","2000","Newtown Square","PA","","jleebianco@gmail.com"
"23","5","169","Marko Radisic","GTS3","1:02.620","13","9 Laps","6 Laps","75","Mini","Cooper S","white","2005","Allendale","NJ","flirt sushi","marko@flirtsushi.com"
"24","6","9","Steven Bessett","Super Touring 2","59.829","7","15 Laps","6 Laps","38","Pontiac","Firebird Formula","white","1996","boothwyn","PA","Mid-Atlantic Dismantlement Inc","madwrecking@yahoo.com"
"25","4","516","spencer anderson","Honda Chal 1","1:08.146","1","21 Laps","6 Laps","0","honda","civic","white","1990","morris plains","NY","","noriceef@aol.com"
"26","5","10","Erik Olson","Honda Chal 1","1:10.754","1","21 Laps","3.375","0","Honda","Civic","Red","1992","Allentown","PA","ME","mosser@ptd.net"
