"Pos","PIC","No.","Name","Class","Best Tm","Laps","Diff","Gap","Points","Make","Model","Color","Year","City","State","Sponsor","Email"
"1","1","971","Daniel Ferguson","GTSU","48.720","28","","","0","Porsche","996 Cup Car","White","1999","brookfield","CT","NASA # 124228","emma@demanmotorsport.com"
"2","1","27","Devin Gregory","Super Touring 2","49.163","28","9.705","9.705","100","Subaru","Sti","Silver","4","Redding","CT","","dpgregory@gregory-builders.com"
"3","2","42","Anthony DeLuca","Super Touring 2","49.517","28","17.637","7.932","90","mitsubishi","EVO-9-mr","grey","2006","Redding","CT","Tork Motorsports","Tonyevo@optonline.net"
"4","3","777","Agemiro de Paula","Super Touring 2","49.570","28","27.661","10.024","85","Subaru","WRX STI","Black","2004","Whitestone","NY","TORK Motorsports/ FIZZ Autosport/Andrewt","apjr1@verizon.net"
"5","1","502","Marco Pires","GTS4","50.502","28","42.999","15.338","100","Porsche","911","Velvet Red","1989","Yonkers","NY","Paddock Racing","marcopaulo1010@aol.com"
"6","1","113","Steve Katz","944 SuperCup","51.113","27","1 Lap","1 Lap","100","Porsche","944s2","white","1990","new City","NY","Paddock Racing","steve@katzinsurance.com"
"7","4","101","David Fazzino","Super Touring 2","49.463","27","1 Lap","7.480","80","Mitsubishi","Evolution 8","apex silver","2003","East Hampton","CT","Apex Electric/XX Tuning","Apexelectric@netzero.com"
"8","2","23","Evan Samouhos","GTS4","50.265","27","1 Lap","8.792","90","porsche","964","black","1990","pittstown","NJ","evco","evan@evcomechanical.com"
"9","1","68","Pablo Crespo","GTS3","51.080","27","1 Lap","6.898","0","Porsche","968","White","1995","New York","PA","RS Barn","pmcrespo@malmgren.com"
"10","1","O1","Joseph DiMInno","PTE","52.398","27","1 Lap","5.417","0","Nissan","Sentra","Blue","1991","Bushkill","PA","Kakashi Racing / Kessler Engineering","dominojd@ptd.net"
"11","2","222","Kenneth Stadt","944 SuperCup","52.047","27","1 Lap","0.611","90","Porsche","944S","Green","1987","Yonkers","NY","Paddock Racing","ken@paddockperformance.com"
"12","1","516","Spencer Anderson","Honda Chal 2","53.077","27","1 Lap","25.758","100","honda","civic","white","1990","morris plains","NY","","noriceef@aol.com"
"13","2","10","Erik Olson","Honda Chal 2","53.020","26","2 Laps","1 Lap","90","Honda","Civic","Red","1992","Allentown","PA","ME","mosser@ptd.net"
"14","3","9","Stephan Laputka","944 SuperCup","52.405","26","2 Laps","2.339","85","PORSCHE","944 TURBO","Red/White","1989","New York","NY","","sflash868@mac.com"
"15","1","109","John Lownik","American Iron","53.123","26","2 Laps","4.866","0","Ford","Mustang","","","","","",""
"16","3","47","Jason Judd","GTS4","52.189","26","2 Laps","33.432","85","Porsche","968","red","1995","Scarsdale","NY","Paddock Racing","flamthrowr@aol.com"
"17","3","131","Peter Swarts","Honda Chal 2","54.139","25","3 Laps","1 Lap","85","Honda","Prelude","Black","1997","Bristol","CT","","pete@preludecomputing.com"
"18","1","115","Arvin Parvanan","944 Cup","54.149","25","3 Laps","11.731","100","Porsche","","","","","","",""
"19","1","64","Entropy Racing Patrick Page","ESR","54.952","25","3 Laps","9.799","100","Sports Racer","","","","","","Entropy",""
"20","2","141","Jeremy Jadczak","944 Cup","56.050","25","3 Laps","17.735","90","Porsche","944","Black","1983","Washington","DC","",""
"21","2","68","Entropy Racing Charlie Turano","ESR","55.483","24","4 Laps","1 Lap","90","Sports Racer","","","","","","Entropy",""
"22","3","67","Entropy Racing Jason Nolan","ESR","56.462","24","4 Laps","4.368","85","Sports Racer","","","","","","Entropy",""
"23","1","105","Raymond Jadczak","SpecE30","56.353","24","4 Laps","5.370","0","bmw","325i","blue","1989","HORSHAM","PA","County Auto Rental","jadracers@aol.com"
"24","1","14","Dave Dearson","Spec Miata","56.708","24","4 Laps","9.655","100","Mazda","Miata","Red","","","","",""
"25","2","37","Jim Bianco Jr","Spec Miata","58.037","24","4 Laps","6.453","90","Subaru","STi","Silver","2004","Newtown Square","PA","","jlb725@gmail.com"
"26","4","66","Entropy Racing Jeff Ellner","ESR","58.201","16","12 Laps","8 Laps","80","Sports Racer","","","","","","",""
"27","4","97","luis vieira","944 SuperCup","53.993","11","17 Laps","5 Laps","43","porsche","944 s2","red","1990","bogota","NJ","paddock","gotbik@aol.com"
