"Pos","PIC","No.","Name","Class","Best Tm","Laps","Diff","Gap","Points","Make","Model","Color","Year","City","State","Sponsor","Email"
"1","1","211","Bill Comat","944 Cup","1:51.595","13","","","100","Porsche","944","Riviera Blue","1986","Burlington","ON","MantisSport","comatb@cogeco.ca"
"2","2","808","Joseph Hrymack","944 Cup","1:50.876","13","1.100","1.100","90","Porsche","944","Red","1986","Point Pleasant Beach","NJ","K&H Racing","LLMJH@AOL.COM"
"3","1","25","Don Ruschman","944 SuperCup","1:52.988","13","19.556","18.456","100","Porsche","951-S","black","86","Bethesda","MD","Apex Performance","DARuschman@gmail.com"
"4","2","222","Ken Stadt","944 SuperCup","1:55.185","13","45.041","25.485","90","Porsche","","","","","","",""
"5","3","19","patrick sheridan","944 Cup","1:53.981","13","45.248","0.207","85","porsche","924S","RED","1988","STERLING","VA","Wicked Hamsters Racing","pattypat555@hotmail.com"
"6","3","432","Jim Clemens","944 SuperCup","1:54.665","13","57.682","12.434","85","Porsche","968","Black","1995","New York","NY","","clem@alum.mit.edu"
"7","4","3","Steve Randolph","944 Cup","1:54.201","13","1:08.783","11.101","80","Porsche","944","White/Red","1986","Bowie","MD",""Information Delivery Systems","strandolph@comcast.net"
"8","5","141","Jeremy Jadczak","944 Cup","1:57.576","13","1:24.945","16.162","75","Porsche","944","Black","1983","Washington","DC","",""
"9","6","83","Robert Page","944 Cup","1:54.135","13","1:47.326","22.381","70","Porsche","944","white/orange","1987","Richmond","VA","Brakeswap.com TrackDaze Induktion Motorsports","bobster4@comcast.net"
"10","7","4","David Derecola","944 Cup","1:59.195","12","1 Lap","1 Lap","69","Porsche","944","Yellow/Blue","1984","INDIAN HEAD","MD","Apex Performance","cup944@aol.com"
"11","8","22","Robert Carpenter","944 Cup","1:59.382","12","1 Lap","0.289","68","Porsche","944","Red","1983","arlington","VA","","rcarpen22@yahoo.com"
"12","9","8","Joe Boschulte","944 Cup","1:59.568","12","1 Lap","0.612","67","porsche","944","black","1987","college park","MD","itROX Racing Team","joe.boschulte@verizon.net"
"13","10","159","Anthony Pagonis","944 Cup","1:58.861","12","1 Lap","0.229","66","Porsche","944","Red","1984","Gaithersburg","MD","Intersport Performance","aj240z@comcast.net"
"14","11","51","Martin okun","944 Cup","1:59.097","12","1 Lap","0.132","65","Porsche","924S","Black","1988","Ledgewood","NJ","Joker Poker Lady","tanporsh@optonline.net"
"15","12","641","Ken Smith","944 Cup","1:58.380","12","1 Lap","0.820","64","Porsche","","","","","","",""
"16","1","07","Michael Kane","Spec Miata","1:56.148","12","1 Lap","8.644","100","mazda","miata","blue/silver","1993","wyckoff","NJ","","mike@amsrocks.com"
"17","13","72","David Mann","944 Cup","2:01.241","12","1 Lap","2.809","63","Porsche","944","Dark Blue","1986","Fairfax","VA","ACE Marketing","acemktg@ix.netcom.com"
"18","2","22","Steven Bessett","Spec Miata","1:55.728","12","1 Lap","1.009","90","Mazda","Miata","white","1996","boothwyn","PA","Mid-Atlantic Dismantlement Inc","madwrecking@yahoo.com"
"19","3","99","Tony Senese","Spec Miata","1:56.537","12","1 Lap","2.004","85","Mazda","Miata","","","","VT","",""
"20","4","37","Jim Bianco Jr","Spec Miata","1:55.955","12","1 Lap","5.074","80","Mazda","Miata","","2004","Newtown Square","PA","","jlb725@gmail.com"
"21","5","21","Mark Bollman","Spec Miata","1:57.137","12","1 Lap","0.824","75","Mazda","Miata","Silver/Red","1991","Babson Park","MA","MBB-Racing","mbbollman@mindspring.com"
"22","14","003","Mark Wolff","944 Cup","2:03.691","12","1 Lap","23.924","62","Porsche","944","Red","1988","Oakville","ON","Mantis Sport","mwolff@sprucegrove.ca"
"23","15","51","William Repass","944 Cup","2:03.267","12","1 Lap","1.901","61","Porsche","944","Red","1986","Burke","VA","Kathbrey Racing","bilpass@msn.com"
"24","4","9","Stephen Laputka","944 SuperCup","2:01.783","12","1 Lap","1.400","80","Porsche","","","","","","",""
"25","1","62","Christian McIntyre","SpecE30","2:00.144","12","1 Lap","29.593","100","BMW","325i","White","1990","Danbury","CT","Spec E30","c_mcintyre@yahoo.com"
"26","16","576","vito valentino","944 Cup","1:59.173","11","2 Laps","1 Lap","60","porsche","924s","blue","1988","bklyn","NY","valentino racing","wdoublev@msn.com"
"27","2","105","Raymond Jadczak","SpecE30","1:59.171","11","2 Laps","1:57.243","90","bmw","325i","blue","1989","HORSHAM","PA","County Auto Rental","jadracers@aol.com"
"28","5","44","Frank Celenza","944 SuperCup","2:06.378","10","3 Laps","1 Lap","75","Porsche","944s2","Grey","","","","",""
"29","3","99","Sean Curran","SpecE30","1:57.312","4","9 Laps","6 Laps","85","bmw","325is","red","1989","Clifton","NJ","","wb256@aol.com"
"30","6","14","Dave Dearson","Spec Miata","3:06.243","1","12 Laps","3 Laps","70","Mazda","Miata","Red","","","","",""
"31","17","204","Robert Richmond","944 Cup","","","13 Laps","1 Lap","59","Porsche","944","White","1984","Lawrenceville","NJ","","robertrrichmond@yahoo.com"
"32","18","39","GARY WIELGOSZINSKI","944 Cup","","","","","58","porsche","944","RED","1987","AMHERST","NH","","fgaryw@aol.com"
