"Pos","PIC","No.","Name","Class","Best Tm","Laps","Diff","Gap","Points","Make","Model","Color","Year","City","State","Sponsor","Email"
"1","1","7","Thomas Soriano","Super Unlimited","1:41.810","13","","","100","Porsche","GT3R","Black","2000","Seymour","CT","","TFSORIANO@aol.com"
"2","1","777","Agemiro de Paula","Super Touring 2","1:45.231","13","1.457","1.457","100","Subaru","WRX STI","Black","2004","Whitestone","NY","TORK Motorsports/ FIZZ Autosport/Andrewt","apjr1@verizon.net"
"3","2","27","Devin Gregory","Super Touring 2","1:46.072","13","16.995","15.538","90","Subaru","Sti","Silver","4","Redding","CT","","dpgregory@gregory-builders.com"
"4","3","42","Anthony DeLuca","Super Touring 2","1:49.100","13","1:03.047","46.052","85","mitsubishi","EVO-9-mr","grey","2006","Redding","CT","Tork Motorsports","Tonyevo@optonline.net"
"5","1","015","Michael Dayton","GTS3","1:49.875","13","1:19.558","16.511","100","BMW","E36 M3","White","1995","Culpeper","VA","RRT","mdayton@mbdcpas.com"
"6","2","130","Philip Eiseman","GTS3","1:50.802","13","1:29.761","10.203","90","bmw","325","white/red/black","1993","New Britain","PA","bimmerparts.com","phile@eisemanroofing.com"
"7","4","06","Richard Wilson","Super Touring 2","1:49.810","13","1:31.122","1.361","80","Chevrolet","Corvette","Orange and White","1992","Hilton","NY","None","rnw@empireprecision.com"
"8","3","152","paul sedacca","GTS3","1:49.611","13","1:33.762","2.640","85","BMW","E36 325is","Red/White","1994","cherry hill","NJ","Paulie Walnuts Motorsports","psedacca@yahoo.com"
"9","4","235","Martin Britos","GTS3","1:50.462","12","1 Lap","1 Lap","80","BMW","M3","orange","1998","Baltimore","MD","","mbritos1@jhmi.edu"
"10","5","000","alfredo galossi","GTS3","1:54.466","12","1 Lap","24.742","75","bmw","325","blue-orange","1992","whitehouse station","NJ","bimmerparts.com","theglassman587@aol.com"
"11","1","37","Brian Casella","Honda Chal 2","1:52.715","12","1 Lap","18.925","100","Acura","Integra","White","","","","",""
"12","2","10","Erik Olson","Honda Chal 2","1:52.646","12","1 Lap","0.641","90","Honda","Civic","Red","1992","Allentown","PA","ME","mosser@ptd.net"
"13","3","515","Zephyr Belski","Honda Chal 2","1:56.747","12","1 Lap","26.658","85","Honda","Civic","White","","","","",""
"14","1","80","Todd Brown","GTS4","1:55.000","12","1 Lap","1.675","100","BMW","M3","BLUE","1988","Culpeper","VA","BROWN HARRIS WEALTH MANAGEMENT","todd@brownharrisinc.com"
"15","1","33","Matthew Bookler","PTC","2:00.259","12","1 Lap","26.032","0","Honda","Civic Si","Black","1993","Collegeville","PA",""Tankslapper Autosport","speedracer33@gmail.com"
"16","4","131","Peter Swarts","Honda Chal 2","2:01.058","12","1 Lap","12.636","80","Honda","Prelude","Black","1997","Bristol","CT","","pete@preludecomputing.com"
"17","5","516","Spencer Anderson","Honda Chal 2","2:04.770","11","2 Laps","1 Lap","75","honda","civic","white","1990","morris plains","NY","","noriceef@aol.com"
"18","6","96","Kyle Dempey","GTS3","2:02.830","11","2 Laps","17.355","70","BMW","M3","Green","1999","Malvern","PA","Sky Motorcars","kdemp626@mac.com"
"19","2","061","Michael Gershanok","GTS4","2:06.518","11","2 Laps","43.259","90","BMW","","","","","","",""
"20","7","22","hugh stewart","GTS3","1:58.666","6","7 Laps","5 Laps","69","bmw","325","white","92","milford","CT","hispeedmotorsports.com","hsmracing@aol.com"
"21","2","16","Thomas Statnick","Super Unlimited","2:08.451","2","11 Laps","4 Laps","50","Custom","GT-1 / SPO","Blue","0","New York","NY","","trs@itfais.com"
