"Pos","PIC","No.","Name","Class","Best Tm","Laps","Diff","Gap","Points","Make","Model","Color","Year","City","State","Sponsor","Email"
"1","1","27","Devin Gregory","Super Touring 2","1:07.875","15","","","100","Subaru","Sti","Silver","4","Redding","CT","","dpgregory@gregory-builders.com"
"2","2","42","Anthony DeLuca","Super Touring 2","1:07.932","15","0.678","0.678","90","mitsubishi","EVO-9-mr","grey","2006","Redding","CT","Tork Motorsports","Tonyevo@optonline.net"
"3","3","06","Richard Wilson","Super Touring 2","1:12.052","14","1 Lap","1 Lap","85","Chevrolet","Corvette","Orange and White","1992","Hilton","NY","None","rnw@empireprecision.com"
"4","1","23","Michael Fries","PTB","1:15.432","14","1 Lap","56.417","0","Honda","S2000","","","","","",""
"5","1","99","Tony Senese","Spec Miata","1:16.435","14","1 Lap","6.971","100","Mazda","Miata","","","","VT","",""
"6","1","13","Bruce Barnett","GTS1","1:16.707","14","1 Lap","9.650","0","BMW","325es","white","1987","Dunellen","NJ","","barnett1@peoplepc.com"
"7","2","3","Rob Myles","Spec Miata","1:16.977","13","2 Laps","1 Lap","90","Mazda","Miata","","","","","",""
"8","3","14","Dave Dearson","Spec Miata","1:17.941","13","2 Laps","10.156","85","Mazda","Miata","Red","","","","",""
"9","1","228","Steve Klein","PTF","1:16.074","13","2 Laps","6.126","0","WSR","","Red","","Easton","CT","Streetime Technologies","crashklein@aol.com"
"10","1","14","John Brandenberger","944 Cup","1:26.252","12","3 Laps","1 Lap","0","porsche","944","gold","83","hatfield","PA","JohnnyBoy Racing","ho11ywood11@hotmail.com"
"11","1","68","Erik Langelius","Honda Chal 2","1:28.088","12","3 Laps","10.661","100","Honda","Civic","White","1986","Bridgeport","CT","Rainbow Performance","Eriklangelius@hotmail.com"
"12","1","197","Bill McNerney","American Iron","1:19.479","11","4 Laps","1 Lap","0","Pontiac","Firehawk","Red and white","1995","Norwalk","CT","McMetal","bill@ewaydirect.com"
"13","2","65","Robert Langelius","Honda Chal 2","1:29.130","10","5 Laps","1 Lap","90","Honda","Civic","Yellow","1986","White Plains","NY","Langelius Models Inc.","Bob@langelius.com"
"14","1","28","Chris Huston","PTD","1:18.479","10","5 Laps","2:35.793","0","mazda","RX-7","Black","1987","Troy","NY","","Huston22@hotmail.com"
"15","3","37","Brian Casella","Honda Chal 2","1:16.746","9","6 Laps","1 Lap","85","Acura","Integra","White","","","","",""
