Pos,PIC,No.,Name,Class,Best Tm,Laps,Diff,Gap,Points,Make,Model,Color,Year,City,State,Sponsor,Email
1,1,7,Thomas Soriano,Super Unlimited,01:55.5,6,,,100,Porsche,GT3R,Black,2000,Seymour,CT,,TFSORIANO@aol.com
2,2,72,Richard Deman,Super Unlimited,01:57.3,6,3.506,3.506,90,Porsche,996 RS,White,2000,blauvelt,NY,DeMan Motorsport,rick@demanmotorsport.com
3,3,39,Allan Wolfe,Super Unlimited,01:57.9,6,5.442,1.936,85,chevy,camaro,blue silver,2000,bridgewater,CT,veska llc,awolfe28@aol.com
4,4,223,Raphael - Jose Maurrasse,Super Unlimited,02:00.8,6,11.249,5.807,80,Porsche,996 RSR,White / Blue,2004,River Vale,NJ,QBS INC / DeMan Motorsport,rjm26@aol.com
5,5,16,Thomas Statnick,Super Unlimited,02:01.0,6,17.866,0.244,75,Custom,GT-1 / SPO,Blue,0,New York,NY,,trs@itfais.com
6,1,777,Agemiro de Paula,Super Touring 2,02:05.4,6,22.23,4.364,100,Subaru,WRX STI,Black,2004,Whitestone,NY,TORK Motorsports/ FIZZ Autosport/Andrewt,apjr1@verizon.net
7,2,27,Devin Gregory,Super Touring 2,02:07.6,6,26.31,4.08,90,Subaru,Sti,Silver,4,Redding,CT,,dpgregory@gregory-builders.com
8,1,100,Paul Fusco,GTS5,02:06.6,6,27.835,1.525,100,Porsche,,,,,,,
9,2,971,Daniel Ferguson,GTS5,02:02.4,6,17.622,6.373,90,Porsche,996 Cup Car,White,1999,brookfield,CT,NASA # 124228,emma@demanmotorsport.com
10,3,6,Richard Wilson,Super Touring 2,02:09.2,6,33.966,3.812,85,Chevrolet,Corvette,Orange and White,1992,Hilton,NY,None,rnw@empireprecision.com
11,4,101,David Fazzino,Super Touring 2,02:07.9,6,30.154,2.319,80,Mitsubishi,Evolution 8,apex silver,2003,East Hampton,CT,Apex Electric/XX Tuning,Apexelectric@netzero.com
12,1,613,Joe Guinta,GTS3,02:10.8,6,34.962,0.996,100,Porsche,911,White,,,,,
13,1,23,Patrick Clifford,GTS4,02:11.3,6,36.267,1.081,100,Porsche 944,944T,Blue,1987,charlotte,NC,EuroWerks,cliff36@aol.com
14,2,502,Marco Pires,GTS4,02:13.6,6,43.819,7.552,90,Porsche,911,Red,,,,,
15,3,23,Evan Samouhos,GTS4,02:10.7,6,35.186,0.224,80,porsche,964,black,1990,pittstown,NJ,evco,evan@evcomechanical.com
16,4,61,Michael Gershanok,GTS4,02:13.0,6,44.226,0.407,85,BMW,,,,,,,
17,1,23,Michael Fries,Honda Chal 1,02:16.5,6,50.377,6.151,100,Honda,S2000,,,,,,
18,2,235,Martin Britos,GTS3,02:17.2,6,52.579,2.202,90,BMW,M3,orange,1998,Baltimore,MD,,mbritos1@jhmi.edu
19,1,37,Brian Casella,Honda Chal 2,02:17.1,6,53.122,0.543,100,Acura,Integra,White,,,,,
20,2,10,Erik Olson,Honda Chal 2,02:20.0,6,54.524,0.753,90,Honda,Civic,Red,1992,Allentown,PA,ME,mosser@ptd.net
21,5,18,Scott Peterson,Super Touring 2,02:18.9,6,53.771,0.649,75,cadillac,cts-v,black,2004,blythewood,SC,scott peterson racing,petersonjudge@aol.com
22,1,35,Lawrence Canzone,PTD,02:19.4,6,55.261,0.737,100,mazda,rx7,slvr/blk,1987,Oakdale,NY,,canzone523@gmail.com
23,2,19,Jim Hovey,Honda Chal 1,02:21.0,6,55.742,0.481,90,Honda,Civic,,,,,,
24,3,8,James Gaylord,GTS3,02:19.1,6,59.736,3.994,85,porsche,911 carrera,White,1985,Mumford,NY,,gaylord10806@gmail.com
25,1,99,Tony Senese,Spec Miata,02:22.8,6,01:02.2,2.491,100,Mazda,Miata,,,,VT,,
26,4,391,Jim Arendt,GTS3,02:22.3,6,01:09.4,7.141,80,Porsche,944 turbo,Dark Blue,1988,Spencerport,NY,,jkarendt@earthlink.net
27,2,7,Michael Kane,Spec Miata,02:23.3,6,01:10.6,1.236,90,mazda,miata,blue/silver,1993,wyckoff,NJ,,mike@amsrocks.com
28,1,53,Cory Canzone,GTS1,02:27.8,6,01:22.7,10.859,100,BMW,2002,Orange/ Black,1975,Ridge,NY,SBRacing,cozmic512@hotmail.com
29,1,86,Scott Smith,GTS2,02:22.8,6,01:11.8,0.584,0,BMW,Red,"yellow""",1986,Chester,CT,186,scott.w.smith@pfizer.com
30,3,22,Steven Bessett,Spec Miata,02:23.8,6,01:10.8,0.208,85,Pontiac,Firebird Formula,white,1996,boothwyn,PA,Mid-Atlantic Dismantlement Inc,madwrecking@yahoo.com
31,2,63,Jim Pantas,GTS1,02:24.6,6,01:11.2,0.416,90,BMW,Mustang,Pink,1989,Mt Pleasant,NC,www.wildhorsesracing.com,jimpantas@wildhorsesracing.com
32,2,28,Craig Huston,PTD,02:25.6,6,01:37.9,15.185,90,mazda,RX-7,Black,1987,Troy,NY,,Huston22@hotmail.com
33,1,9,Stephen Laputka,944 SuperCup,02:16.4,5,1 Lap,1 Lap,100,Porsche,,,,,,,
34,2,8,Richard Hubell,944 SuperCup,02:16.9,5,1 Lap,2.633,90,Porsche,,,,,,,
35,1,91,Ernie Jakubowski,944 Cup,02:16.9,5,1 Lap,2.198,100,porsche,944,white,1986,oakville,ON,"Mantissport""",ernie@mantisracing.com
36,3,222,Ken Stadt,944 SuperCup,02:17.8,5,1 Lap,1.725,85,Porsche,,,,,,,
37,4,44,Frank Celenza,944 SuperCup,02:22.2,5,1 Lap,6.317,80,Porsche,944s2,Grey,,,,,
38,2,141,Jeremy Jadczak,944 Cup,02:26.4,5,1 Lap,10.917,90,Porsche,944,Black,1983,Washington,DC,,
39,3,576,vito valentino,944 Cup,02:26.5,5,1 Lap,1.631,85,porsche,924s,blue,1988,bklyn,NY,,wdoublev@msn.com
40,4,641,Ken Smith,944 Cup,02:26.2,5,1 Lap,0.903,80,Porsche,,,,,,,
41,5,86,Norman Mandell,944 SuperCup,02:22.8,4,2 Laps,1 Lap,75,Porsche,944,,,,,,
42,4,12,Vicktor Volpe,Spec Miata,02:28.2,2,4 Laps,2 Laps,43,Mazda,Miata,White,1991,New Hyde Park,NY,Volko Supply,vicktorvolpe@gmail.com
