"Pos","PIC","No.","Name","Class","Best Tm","Laps","Diff","Gap","Points","Make","Model","Color","Year","City","State","Sponsor","Email"
"1","1","7","Thomas Soriano","Super Unlimited","54.825","16","","","100","Porsche","GT3R","Black","2000","Seymour","CT","","TFSORIANO@aol.com"
"2","2","16","Thomas Statnick","Super Unlimited","55.713","16","50.174","50.174","90","Custom","GT-1 / SPO","Blue","0","New York","NY","","trs@itfais.com"
"3","1","101","david fazzino","Super Touring 2","59.056","15","1 Lap","1 Lap","100","Mitsubishi","Evolution 8","apex silver","2003","East Hampton","CT","Apex Electric/XX Tuning","Apexelectric@netzero.com"
"4","2","777","Agemiro de Paula","Super Touring 2","58.851","15","1 Lap","1.370","90","Subaru","WRX STI","Black","2004","Whitestone","NY","TORK Motorsports/ FIZZ Autosport/Andrewt","apjr1@verizon.net"
"5","1","130","philip eiseman","GTS3","59.841","15","1 Lap","1:25.613","100","bmw","325","white/red/black","1993","New Britain","PA","bimmerparts.com","phile@eisemanroofing.com"
"6","1","061","Michael Gershanok","GTS4","59.192","15","1 Lap","5.841","100","BMW","","","","","","",""
"7","3","10","Scott McKee","Super Unlimited","57.521","14","2 Laps","1 Lap","85","Datsun","240Z","White","1973","Wellington","FL","NASP",""
"8","1","62","Christopher Drabouski","Honda Chal 1","1:00.260","14","2 Laps","51.395","100","Honda","Civic hatchback","Red","1997","Collegeville","PA","","chriswd62@hotmail.com"
"9","2","68","Pablo Crespo","GTS3","1:00.960","14","2 Laps","2.356","90","Porsche","968","White","1995","New York","PA","RS Barn","pmcrespo@malmgren.com"
"10","2","75","John Oldt","Honda Chal 1","1:01.014","14","2 Laps","4.068","90","Honda","S2000","Blue/Black/Silver","2001","Allentown","PA","associatedrubberinc.com","ar-inc@rcn.com"
"11","2","23","Evan Samouhos","GTS4","1:00.149","14","2 Laps","6.242","90","porsche","964","black","1990","pittstown","NJ","evco","evan@evcomechanical.com"
"12","3","12","Jim Bianco Jr","Super Touring 2","1:00.570","14","2 Laps","2:40.333","85","Subaru","STi","Silver","2004","Newtown Square","PA","","jlb725@gmail.com"
"13","3","169","Marko Radisic","GTS3","1:02.454","14","2 Laps","2.060","85","Mini","Cooper S","white","2005","Allendale","NJ","flirt sushi","marko@flirtsushi.com"
"14","1","3","Paul Levine","Pro Truck","1:00.979","14","2 Laps","35.494","0","Townsend","Pickup","White","2005","Medford","NY","Georganne",""
"15","4","96","Kyle Dempey","GTS3","1:03.508","14","2 Laps","2.297","80","BMW","M3","Green","1999","Malvern","PA","Sky Motorcars","kdemp626@mac.com"
"16","1","88","MIKE WILSON","PTB","1:02.662","14","2 Laps","41.912","100","Chevy","corvette","red","70","Blairstown","NJ","","mike0442@VERIZON.NET"
"17","4","33","Jack Laverty","Super Touring 2","1:00.997","14","2 Laps","1.268","80","subaru","impreza 3.3rs","blue","2000","windham","CT","xxtuning   and  TORK  motorsports","jack@xxtuning.com"
"18","5","9","Steven Bessett","Super Touring 2","1:01.175","13","3 Laps","1 Lap","75","Pontiac","Firebird Formula","white","1996","boothwyn","PA","Mid-Atlantic Dismantlement Inc","madwrecking@yahoo.com"
"19","6","06","Richard Wilson","Super Touring 2","58.821","11","5 Laps","2 Laps","70","Chevrolet","Corvette","Orange and White","1992","Hilton","NY","None","rnw@empireprecision.com"
"20","3","30","Scot Burner","Honda Chal 1","59.916","11","5 Laps","13.815","85","Honda","S2000","yellow","2001","camp hill","PA","www.pigfacetoad.com","sburner@comcast.net"
"21","2","124","Windell Holmes","PTB","1:02.875","6","10 Laps","5 Laps","90","Acura","Integra","Black/Yellow","93","jamaica","NY","Arch Auto Parts/ Full Line Auto Repairs","wholmes433@aol.com"
"22","4","517","Zephyr Belski","Honda Chal 1","1:06.318","1","15 Laps","5 Laps","0","Honda","Civic","White","","","","",""
"23","5","10","Erik Olson","Honda Chal 1","1:06.712","1","15 Laps","2.821","0","Honda","Civic","Red","1992","Allentown","PA","ME","mosser@ptd.net"
"24","7","42","Anthony DeLuca","Super Touring 2","","","","","35","mitsubishi","EVO-9-mr","grey","2006","Redding","CT","Tork Motorsports","Tonyevo@optonline.net"
"25","4","01","Robert Boucher","Super Unlimited","","","","","43","Diasio","962R","Red","2006","Coventry","CT","","robertboucher@charter.net"
