"Pos","PIC","No.","Name","Class","Best Tm","Laps","Diff","Gap","Points","Make","Model","Color","Year","City","State","Sponsor","Email"
"1","1","971","Daniel Ferguson","GTSU","47.770","30","","","0","Porsche","996 Cup Car","White","1999","brookfield","CT","NASA # 124228","emma@demanmotorsport.com"
"2","1","27","Devin Gregory","Super Touring 2","49.303","30","25.415","25.415","100","Subaru","Sti","Silver","4","Redding","CT","","dpgregory@gregory-builders.com"
"3","2","777","Agemiro de Paula","Super Touring 2","49.659","30","34.746","9.331","90","Subaru","WRX STI","Black","2004","Whitestone","NY","TORK Motorsports/ FIZZ Autosport/Andrewt","apjr1@verizon.net"
"4","3","42","Anthony DeLuca","Super Touring 2","49.845","30","34.930","0.184","85","mitsubishi","EVO-9-mr","grey","2006","Redding","CT","Tork Motorsports","Tonyevo@optonline.net"
"5","1","502","Marco Pires","GTS4","50.781","30","50.881","15.951","100","Porsche","911","Velvet Red","1989","Yonkers","NY","Paddock Racing","marcopaulo1010@aol.com"
"6","1","613","Joe Guinta","Super Unlimited","50.407","29","1 Lap","1 Lap","100","Porsche","911","","","","","",""
"7","1","9","Stephan Laputka","944 SuperCup","52.255","28","2 Laps","1 Lap","100","PORSCHE","944 TURBO","Red/White","1989","New York","NY","","sflash868@mac.com"
"8","2","47","Jason Judd","GTS4","52.892","28","2 Laps","13.069","90","Porsche","968","red","1995","Scarsdale","NY","Paddock Racing","flamthrowr@aol.com"
"9","1","10","Erik Olson","Honda Chal 2","53.189","28","2 Laps","2.899","100","Honda","Civic","Red","1992","Allentown","PA","ME","mosser@ptd.net"
"10","2","222","Kenneth Stadt","944 SuperCup","52.340","27","3 Laps","1 Lap","90","Porsche","944S","Green","1987","Yonkers","NY","Paddock Racing","ken@paddockperformance.com"
"11","2","71","Chris Chang","Honda Chal 2","55.232","27","3 Laps","28.391","90","Acura","Integra","","","","","",""
"12","3","131","Peter Swarts","Honda Chal 2","54.099","27","3 Laps","12.263","85","Honda","Prelude","Black","1997","Bristol","CT","","pete@preludecomputing.com"
"13","1","141","Jeremy Jadczak","944 Cup","56.248","27","3 Laps","3.212","100","Porsche","944","Black","1983","Washington","DC","",""
"14","1","14","Dave Dearson","Spec Miata","56.873","27","3 Laps","9.113","100","Mazda","Miata","Red","","","","",""
"15","4","416","Jom Kim","Honda Chal 2","56.120","27","3 Laps","2.756","80","Honda","Civic","green","1994","Morris Plains","NJ","","sleepiestprincess@yahoo.com"
"16","1","64","Entropy Racing Patrick Page","ESR","55.174","26","4 Laps","1 Lap","100","Sports Racer","","","","","","Entropy",""
"17","1","105","Raymond Jadczak","SpecE30","56.049","26","4 Laps","13.979","0","bmw","325i","blue","1989","HORSHAM","PA","County Auto Rental","jadracers@aol.com"
"18","2","37","Jim Bianco Jr","Spec Miata","56.844","26","4 Laps","1.681","90","Subaru","STi","Silver","2004","Newtown Square","PA","","jlb725@gmail.com"
"19","2","68","Entropy Racing Charlie Turano","ESR","55.590","26","4 Laps","0.705","90","Sports Racer","","","","","","Entropy",""
"20","3","67","Entropy Racing Jason Nolan","ESR","56.649","26","4 Laps","24.705","85","Sports Racer","","","","","","Entropy",""
"21","2","19","Steve Klein","Super Unlimited","50.829","25","5 Laps","1 Lap","90","WSR","","Red","","Easton","CT","Streetime Technologies","crashklein@aol.com"
"22","2","115","Arvin Parvanan","944 Cup","54.590","23","7 Laps","2 Laps","90","Porsche","","","","","","",""
"23","4","66","Entropy Racing Jeff Ellner","ESR","55.894","17","13 Laps","6 Laps","80","Sports Racer","","","","","","",""
"24","3","23","Evan Samouhos","GTS4","51.329","3","27 Laps","14 Laps","45","porsche","964","black","1990","pittstown","NJ","evco","evan@evcomechanical.com"
"25","3","113","Frank Celenza","944 SuperCup","58.804","3","27 Laps","29.768","45","Porsche","944S2","Grey","1989","New York","NY","","fastfranz@aol.com"
"26","5","516","Spencer Anderson","Honda Chal 2","55.553","2","28 Laps","1 Lap","40","honda","civic","white","1990","morris plains","NY","","noriceef@aol.com"
