Pos,PIC,No.,Name,Class,Overall BestTm,Appeared,Diff,Gap,Points,Make,Model,Year,Color,City,State,Sponsor,Email
2,1,14,Dave Dearson,Spec Miata,01:45.2,2,5.588,5.588,0,Mazda,Miata,,Red,,,,
5,1,63,Steven Sabatell,TT,01:55.3,1,15.696,5.31,0,Honda,S2000,2005,Silver,SI,NY,A&G Racing & Nitto TIre,
7,1,517,Zephyr Belski,Honda Chal 5,02:23.7,2,44.062,20.372,0,Honda,Civic,,White,,,,
8,1,37,Brian Casella,Honda Chal 2,44:35.0,1,42:55.4,42:11.3,0,Acura,Integra,,White,,,,
9,1,222,Ken Stadt,944 SuperCup,,1,-3:59:15.165,,0,Porsche,,,,,,,
10,2,9,Stephen Laputka,944 SuperCup,,1,-3:59:15.165,,0,Porsche,,,,,,,
