"Pos","PIC","No.","Name","Class","Best Tm","Laps","Diff","Gap","Points","Make","Model","Color","Year","City","State","Sponsor","Email"
"1","1","7","Thomas Soriano","Super Unlimited","1:35.164","15","","","100","Porsche","GT3R","Black","2000","Seymour","CT","","TFSORIANO@aol.com"
"2","2","23","Raphael - Jose Maurrasse","Super Unlimited","1:35.954","15","31.787","31.787","90","Porsche","996 RSR","White / Blue","2004","River Vale","NJ","QBS INC / DeMan Motorsport","rjm26@aol.com"
"3","3","10","Scott McKee","Super Unlimited","1:38.311","15","46.954","15.167","85","Datsun","240Z","White","1973","Wellington","FL","NASP",""
"4","4","16","Thomas Statnick","Super Unlimited","1:39.078","15","58.200","11.246","80","Custom","GT-1 / SPO","Blue","0","New York","NY","","trs@itfais.com"
"5","1","27","Devin Gregory","Super Touring 2","1:42.154","15","1:41.727","43.527","100","Subaru","Sti","Silver","4","Redding","CT","","dpgregory@gregory-builders.com"
"6","2","42","Anthony DeLuca","Super Touring 2","1:41.948","15","1:43.972","2.245","90","mitsubishi","EVO-9-mr","grey","2006","Redding","CT","Tork Motorsports","Tonyevo@optonline.net"
"7","5","01","Robert Boucher","Super Unlimited","1:40.011","14","1 Lap","1 Lap","75","Diasio","962R","Red","2006","Coventry","CT","","robertboucher@charter.net"
"8","3","777","Agemiro de Paula","Super Touring 2","1:41.712","14","1 Lap","33.283","85","Subaru","WRX STI","Black","2004","Whitestone","NY","TORK Motorsports/ FIZZ Autosport/Andrewt","apjr1@verizon.net"
"9","4","06","Richard Wilson","Super Touring 2","1:43.047","14","1 Lap","21.585","80","Chevrolet","Corvette","Orange and White","1992","Hilton","NY","None","rnw@empireprecision.com"
"10","5","75","John Oldt","Super Touring 2","1:45.960","14","1 Lap","29.040","75","Honda","S2000","Blue/Black/Silver","2001","Allentown","PA","associatedrubberinc.com","ar-inc@rcn.com"
"11","1","47","David Katz","GTS3","1:43.216","14","1 Lap","13.858","100","Porsche","911 RS America","RED","1993","Livingston","NJ","TRACSAFE","dkatz4@verizon.net"
"12","2","106","Dave Wollman","GTS3","1:45.575","14","1 Lap","29.279","90","BMW","M3","Black","1995","Langhorne","PA","","davidwollman@cs.com"
"13","3","130","philip eiseman","GTS3","1:45.133","14","1 Lap","2.360","85","bmw","325","white/red/black","1993","New Britain","PA","bimmerparts.com","phile@eisemanroofing.com"
"14","1","124","Windell Holmes","PTB","1:47.237","14","1 Lap","3.208","0","Acura","Integra","Black/Yellow","93","jamaica","NY","Arch Auto Parts/ Full Line Auto Repairs","wholmes433@aol.com"
"15","1","10","Erik Olson","Honda Chal 2","1:48.504","14","1 Lap","0.431","100","Honda","Civic","Red","1992","Allentown","PA","ME","mosser@ptd.net"
"16","1","061","Michael Gershanok","GTS4","1:44.970","13","2 Laps","1 Lap","0","BMW","","","","","","",""
"17","6","12","Jim Bianco Jr","Super Touring 2","1:43.912","13","2 Laps","0.674","70","Subaru","STi","Silver","2004","Newtown Square","PA","","jlb725@gmail.com"
"18","4","62","Steven Kwiat","GTS3","1:46.853","13","2 Laps","1.282","80","Porsche","Boxster","Black","1997","New York","NY","Axis of Oversteer","steven@kwiat.com"
"19","5","169","Marko Radisic","GTS3","1:47.282","13","2 Laps","0.826","75","Mini","Cooper S","white","2005","Allendale","NJ","flirt sushi","marko@flirtsushi.com"
"20","2","516","Spencer Anderson","Honda Chal 2","1:43.445","13","2 Laps","1.811","90","honda","civic","white","1990","morris plains","NY","","noriceef@aol.com"
"21","6","96","Kyle Dempey","GTS3","1:48.507","13","2 Laps","25.164","70","BMW","M3","Green","1999","Malvern","PA","Sky Motorcars","kdemp626@mac.com"
"22","1","99","Sean Curran","SpecE30","1:53.536","13","2 Laps","31.665","100","bmw","325is","red","1989","Clifton","NJ","","wb256@aol.com"
"23","3","31","Peter Swarts","Honda Chal 2","1:53.391","13","2 Laps","9.833","85","Honda","Prelude","Black","1997","Bristol","CT","","pete@preludecomputing.com"
"24","1","7","michael kane","Spec Miata","1:54.635","13","2 Laps","7.014","100","mazda","miata","blue/silver","1993","wyckoff","NJ","","mike@amsrocks.com"
"25","1","62","Wayne Patterson","Factory Five Challenge","1:53.399","13","2 Laps","2.668","0","Spec Racer","Factory Five Cobra","Dark Red w/Silver Stripe","2006","Yardley","PA","Owner","wayne@wwoc33.com"
"26","2","99","Tony Senese","Spec Miata","1:56.630","13","2 Laps","2.851","90","Mazda","Miata","","","","VT","",""
"27","3","0","Michael Cefalo","Spec Miata","1:56.173","13","2 Laps","0.868","85","Mazda","Miata","Blue/Green","1999","West Pittston","","PLANET MIATA/CEFALO AND ASSOCIATES","racinglawyer@aol.com"
"28","1","53","Cory Canzone","GTS1","1:54.171","13","2 Laps","12.045","100","BMW","2002","Orange/ Black","1975","Ridge","NY","SBRacing","cozmic512@hotmail.com"
"29","1","55","John Schmid","GTS2","1:52.437","13","2 Laps","0.494","100","BMW","E30 M3","Black","1988","Edison","NJ","","john.p.schmid@jci.com"
"30","2","62","Christian McIntyre","SpecE30","1:56.913","13","2 Laps","2.499","90","BMW","325i","White","1990","Danbury","CT","Spec E30","c_mcintyre@yahoo.com"
"31","4","3","Rob Myles","Spec Miata","1:59.391","12","3 Laps","1 Lap","80","Mazda","Miata","","","","","",""
"32","2","86","Scott Smith","GTS2","1:53.903","12","3 Laps","2.724","90","BMW","Red",""yellow","1986","Chester","CT","186","scott.w.smith@pfizer.com"
"33","5","14","Dave Dearson","Spec Miata","1:56.531","12","3 Laps","3.442","75","Mazda","Miata","Red","","","","",""
"34","2","13","Bruce Barnett","GTS1","1:57.507","12","3 Laps","6.571","90","BMW","325es","white","1987","Dunellen","NJ","","barnett1@peoplepc.com"
"35","7","39","Michael Goulde","GTS3","1:54.832","12","3 Laps","2.997","69","BMW","328is","Black","1996","Needham Heights","MA","","mgoulde@gmail.com"
"36","6","12","Mike Rossini","Spec Miata","1:54.808","12","3 Laps","1:23.836","70","Mazda","Miata","Orange","1999","Washington","NJ","RRP","mikerossini@netzero.com"
"37","4","37","Brian Casella","Honda Chal 2","1:49.062","7","8 Laps","5 Laps","80","Acura","Integra","White","","","","",""
"38","1","32","JAMES BIANCO Sr","American Iron","1:53.041","7","8 Laps","32.878","100","Chevrolet","Camaro","silver","2000","Newtown Square","PA","","jleebianco@gmail.com"
"39","2","9","Steven Bessett","American Iron","1:56.730","1","14 Laps","6 Laps","90","Pontiac","Firebird Formula","white","1996","boothwyn","PA","Mid-Atlantic Dismantlement Inc","madwrecking@yahoo.com"
"40","6","42","Kyle Germanton","Super Unlimited","","","15 Laps","1 Lap","38","Mazda","LS3/RX7","Black","1993","Pompton Lakes","NJ","Hot Lap Motorsports","Kyle@aftus.com"
