"Pos","PIC","No.","Name","Class","Best Tm","Laps","Diff","Gap","Points","Make","Model","Color","Year","City","State","Sponsor","Email"
"1","1","7","Thomas Soriano","Super Unlimited","1:29.276","16","","","100","Porsche","GT3R","Black","2000","Seymour","CT","","TFSORIANO@aol.com"
"2","2","16","Thomas Statnick","Super Unlimited","1:31.111","16","23.986","23.986","90","Custom","GT-1 / SPO","Blue","0","New York","NY","","trs@itfais.com"
"3","1","42","Anthony DeLuca","Super Touring 2","1:34.525","16","1:17.038","53.052","100","mitsubishi","EVO-9-mr","grey","2006","Redding","CT","Tork Motorsports","Tonyevo@optonline.net"
"4","1","47","David Katz","GTS3","1:35.110","16","1:25.418","8.380","100","Porsche","911 RS America","RED","1993","Livingston","NJ","TRACSAFE","dkatz4@verizon.net"
"5","2","101","David Fazzino","Super Touring 2","1:32.781","16","1:26.737","1.319","90","Mitsubishi","Evolution 8","apex silver","2003","East Hampton","CT","Apex Electric/XX Tuning","Apexelectric@netzero.com"
"6","3","223","Raphael - Jose Maurrasse","Super Unlimited","1:33.280","16","1:28.055","1.318","85","Porsche","996 RSR","White / Blue","2004","River Vale","NJ","QBS INC / DeMan Motorsport","rjm26@aol.com"
"7","2","130","Philip Eiseman","GTS3","1:36.655","15","1 Lap","1 Lap","90","bmw","325","white/red/black","1993","New Britain","PA","bimmerparts.com","phile@eisemanroofing.com"
"8","3","06","Richard Wilson","Super Touring 2","1:34.338","15","1 Lap","3.389","85","Chevrolet","Corvette","Orange and White","1992","Hilton","NY","None","rnw@empireprecision.com"
"9","1","061","Michael Gershanok","GTS4","1:36.125","15","1 Lap","6.775","0","BMW","","","","","","",""
"10","1","52","Jim Schenck","Factory Five Challenge","1:38.211","15","1 Lap","13.644","100","FFR","Challenge Car","Blue/Yellow","2003","West Wareham","MA","Factory Five Racing","jim@factoryfive.com"
"11","3","96","Kyle Dempey","GTS3","1:39.138","15","1 Lap","12.887","85","BMW","M3","Green","1999","Malvern","PA","Sky Motorcars","kdemp626@mac.com"
"12","4","01","Robert Boucher","Super Unlimited","1:29.904","14","2 Laps","1 Lap","80","Diasio","962R","Red","2006","Coventry","CT","","robertboucher@charter.net"
"13","1","37","Brian Casella","Honda Chal 2","1:39.953","14","2 Laps","3:14.726","100","Acura","Integra","White","","","","",""
"14","1","86","Scott Smith","GTS2","1:45.136","14","2 Laps","3.532","100","BMW","Red",""yellow","1986","Chester","CT","186","scott.w.smith@pfizer.com"
"15","2","10","Erik Olson","Honda Chal 2","1:40.710","14","2 Laps","1.046","90","Honda","Civic","Red","1992","Allentown","PA","ME","mosser@ptd.net"
"16","3","516","Spencer Anderson","Honda Chal 2","1:41.417","14","2 Laps","7.551","85","honda","civic","white","1990","morris plains","NY","","noriceef@aol.com"
"17","2","55","John Schmid","GTS2","1:47.016","14","2 Laps","16.755","90","BMW","E30 M3","Black","1988","Edison","NJ","","john.p.schmid@jci.com"
"18","1","86","Norman Mandell","944 SuperCup","1:42.120","14","2 Laps","3.016","100","Porsche","944","","","","","",""
"19","4","19","Jim Hovey","Honda Chal 2","1:43.373","14","2 Laps","10.686","80","Honda","Civic","","","","","",""
"20","5","31","Peter Swarts","Honda Chal 2","1:43.336","14","2 Laps","11.424","75","Honda","Prelude","Black","1997","Bristol","CT","","pete@preludecomputing.com"
"21","1","78","Errol Tuckler Jr.","Spec Miata","1:45.063","13","3 Laps","1 Lap","100","Mazda","miata","","","","","",""
"22","2","641","Ken Smith","944 SuperCup","1:43.111","13","3 Laps","1.068","90","Porsche","","","","","","",""
"23","2","07","Michael Kane","Spec Miata","1:45.661","13","3 Laps","11.356","90","mazda","miata","blue/silver","1993","wyckoff","NJ","","mike@amsrocks.com"
"24","3","12","Mike Rossini","Spec Miata","1:45.438","13","3 Laps","1.590","85","Mazda","Miata","Orange","1999","Washington","NJ","RRP","mikerossini@netzero.com"
"25","6","416","Stephanie Chang","Honda Chal 2","1:45.168","13","3 Laps","1.430","70","Honda","Civic","green","1994","Morris Plains","NJ","","sleepiestprincess@yahoo.com"
"26","4","0","Michael Cefalo","Spec Miata","1:45.883","13","3 Laps","3.248","80","Mazda","Miata","Blue/Green","1999","West Pittston","","PLANET MIATA/CEFALO AND ASSOCIATES","racinglawyer@aol.com"
"27","4","39","Michael Goulde","GTS3","1:48.618","13","3 Laps","6.881","80","BMW","328is","Black","1996","Needham Heights","MA","","mgoulde@gmail.com"
"28","5","99","Tony Senese","Spec Miata","1:48.116","13","3 Laps","36.704","75","Mazda","Miata","","","","VT","",""
"29","6","3","Rob Myles","Spec Miata","1:48.971","13","3 Laps","1.518","70","Mazda","Miata","","","","","",""
"30","4","12","Jim Bianco Jr","Super Touring 2","","","16 Laps","13 Laps","43","Subaru","STi","Silver","2004","Newtown Square","PA","","jlb725@gmail.com"
"31","5","88","Kyle Germanton","Super Unlimited","","","","","0","Mazda","LS3/RX7","Black","1993","Pompton Lakes","NJ","Hot Lap Motorsports","Kyle@aftus.com"
"32","5","27","Devin Gregory","Super Touring 2","","","","","0","Subaru","Sti","Silver","4","Redding","CT","","dpgregory@gregory-builders.com"
"33","2","48","John George","Factory Five Challenge","","","","","0","Factory Five","Challenge Car","Blue/White Stripes","2005","Nashua","NH","Factory Five Racing","john.cristian.george@gmail.com"
"34","1","99","Sean Curran","SpecE30","","","","","0","bmw","325is","red","1989","Clifton","NJ","","wb256@aol.com"
