"Pos","PIC","No.","Name","Class","Best Tm","Laps","Diff","Gap","Points","Make","Model","Color","Year","City","State","Sponsor","Email"
"1","1","7","Thomas Soriano","Super Unlimited","53.928","26","","","100","Porsche","GT3R","Black","2000","Seymour","CT","","TFSORIANO@aol.com"
"2","2","01","Robert Boucher","Super Unlimited","55.025","26","16.067","16.067","90","Diasio","962R","Red","2006","Coventry","CT","","robertboucher@charter.net"
"3","3","16","Thomas Statnick","Super Unlimited","55.343","25","1 Lap","1 Lap","85","Custom","GT-1 / SPO","Blue","0","New York","NY","","trs@itfais.com"
"4","1","27","Devin Gregory","Super Touring 2","57.814","25","1 Lap","24.987","100","Subaru","Sti","Silver","4","Redding","CT","","dpgregory@gregory-builders.com"
"5","2","42","Anthony DeLuca","Super Touring 2","58.847","25","1 Lap","12.375","90","mitsubishi","EVO-9-mr","grey","2006","Redding","CT","Tork Motorsports","Tonyevo@optonline.net"
"6","3","06","Richard Wilson","Super Touring 2","59.365","25","1 Lap","7.569","85","Chevrolet","Corvette","Orange and White","1992","Hilton","NY","None","rnw@empireprecision.com"
"7","1","613","Joe Guinta","GTS4","59.205","25","1 Lap","11.378","100","Porsche","911","White","","","","",""
"8","1","197","Bill McNerney","American Iron","1:01.932","23","3 Laps","2 Laps","100","Pontiac","Firehawk","Red and white","1995","Norwalk","CT","McMetal","bill@ewaydirect.com"
"9","2","109","John Lownik","American Iron","1:02.030","23","3 Laps","9.666","90","Ford","Mustang","","","","","",""
"10","2","061","Michael Gershanok","GTS4","1:00.024","23","3 Laps","17.472","90","BMW","","","","","","",""
"11","1","23","Michael Fries","PTB","1:02.577","23","3 Laps","8.371","0","Honda","S2000","","","","","",""
"12","1","86","Norman Mandell","944 SuperCup","1:03.340","23","3 Laps","0.939","100","Porsche","944","","","","","",""
"13","1","228","Steve Klein","PTF","1:04.338","23","3 Laps","16.001","100","WSR","","Red","","Easton","CT","Streetime Technologies","crashklein@aol.com"
"14","1","99","Tony Senese","Spec Miata","1:05.293","22","4 Laps","1 Lap","100","Mazda","Miata","","","","VT","",""
"15","2","07","Michael Kane","Spec Miata","1:05.285","22","4 Laps","9.066","90","mazda","miata","blue/silver","1993","wyckoff","NJ","","mike@amsrocks.com"
"16","3","14","Dave Dearson","Spec Miata","1:05.131","22","4 Laps","4.508","85","Mazda","Miata","Red","","","","",""
"17","4","22","Steven Bessett","Spec Miata","1:05.878","22","4 Laps","17.688","80","Pontiac","Firebird Formula","white","1996","boothwyn","PA","Mid-Atlantic Dismantlement Inc","madwrecking@yahoo.com"
"18","5","3","Rob Myles","Spec Miata","1:06.744","22","4 Laps","17.193","75","Mazda","Miata","","","","","",""
"19","2","909","Nial McCabe","PTF","1:08.076","21","5 Laps","1 Lap","90","Ford","Escort","red","1992","Andover","NJ","CCM","aeronca65t@yahoo.com"
"20","2","14","John Brandenberger","944 SuperCup","1:09.743","20","6 Laps","1 Lap","90","porsche","944","gold","83","hatfield","PA","JohnnyBoy Racing","ho11ywood11@hotmail.com"
"21","1","37","Brian Casella","Honda Chal 2","1:02.407","16","10 Laps","4 Laps","0","Acura","Integra","White","","","","",""
"DNS","DNS","28","Craig Huston","PTD","","","DNS","","0","mazda","RX-7","Black","1987","Troy","NY","","Huston22@hotmail.com"
