"Pos","PIC","No.","Name","Class","Best Tm","Laps","Diff","Gap","Points","Make","Model","Color","Year","City","State","Sponsor","Email"
"1","1","530","Michael Sousa","GTS2","1:29.734","14","","","100","BMW","M3","Red/Black/White","1997","Coventry","CT","CIP Motorsports","rokkitman1@gmail.com"
"2","2","244","Hans Thomsen","GTS2","1:29.815","14","10.242","10.242","90","BMW","M3","L.Green","1995","Mendham","NJ","","e30bimmer222@gmail.com"
"3","3","39","Mike Miller","GTS2","1:30.457","14","13.590","3.348","85","BMW","M3","Yellow/Black/White","1992","Woodbridge","CT","","mike@millersoftwareservices.com"
"4","4","121","Douglas Horton","GTS2","1:31.557","14","21.304","7.714","80","BMW","M3","White","1995","Brooklyn","NY","","doug.bmxdude77@gmail.com"
"5","5","336","Dan Harnick","GTS2","1:31.652","14","24.799","3.495","75","BMW","M3","Black","1998","New York","NY","","dharnick@gmail.com"
"6","6","345","Christina Lam","GTS2","1:32.067","14","27.631","2.832","70","BMW","M3","Black","1998","Vienna","VA","","clicketyclam@gmail.com"
"7","7","824","Vinh Chau","GTS2","1:31.885","14","48.386","20.755","69","BMW","M3","Yellow","1995","Philadelphia","PA","","vchau76@gmail.com"
"8","1","112","Daniel Koch","Super Touring 4","1:32.926","14","52.417","4.031","50","BMW","M3","Black","1995","Wappingers Falls","NY","Killa' Beez","daniel_koch@steris.com"
"9","8","119","Mark Santerian","GTS2","1:33.602","14","54.014","1.597","68","BMW","3 Series","White","1994","Glennmills","PA","","msanterian01@gmail.com"
"10","1","738","Jose Suero","Honda Chal 1","1:32.351","14","1:27.580","33.566","100","Honda","S2000","Red","2005","Elmsford","NY","","josesuero16@gmail.com"
"11","1","516","Spencer Anderson","Honda Chal 2","1:34.079","14","1:28.814","1.234","100","Honda","Civic","Red/Silver","1994","Freeport","NY","#redteam","noriceef@aol.com"
"12","1","63","Joey G.","Spec Miata","1:37.266","14","1:32.184","3.370","100","Mazda","Miata","White/Red","","","","",""
"13","2","27","Devin Gregory","Spec Miata","1:37.006","14","1:33.063","0.879","90","Mazda","Miata","Red","1991","Redding","CT","EFI Logics","dpgregory@gregory-builders.com"
"14","3","18","Benjamin Miller","Spec Miata","1:37.170","14","1:33.405","0.342","85","Mazda","Miata","Red","1991","Midland Park","NJ","EFI Logics","benm@milleraa.com"
"15","1","211","Thai Diep","Super Touring 5","1:36.305","14","1:40.394","6.989","100","Mazda","RX-8","Red","2006","Carlisle","PA","Motorsports Performance Group","thaidiep@gmail.com"
"16","4","341","Thomas Paolino","Spec Miata","1:37.339","13","1 Lap","1 Lap","80","Mazda","Miata","Black","1999","Colts Neck","NJ","","milleniumstones@gmail.com"
"17","2","881","Erik Olson","Honda Chal 1","1:35.041","13","1 Lap","2.385","90","Acura","Integra","White","2001","Pennsburg","PA","DBA | Hoosier | Exedy","mosser@ptd.net"
"18","2","7","Jan Wang","Honda Chal 2","1:35.399","13","1 Lap","5.183","90","Honda","Civic","Red","1992","Tenafly","NJ","#redteam","JanWang74@aol.com"
"19","3","517","Zephyr Belski","Honda Chal 2","1:34.911","13","1 Lap","1.559","85","Acura","Integra","L.Blue/Black","1994","Middlesex","NJ","#blueteam","zbelski@gmail.com"
"20","4","46","Michael Fries","Honda Chal 2","1:34.799","13","1 Lap","0.669","80","Honda","S2000","Yellow","2008","Westernville","NY","Lifted","mfries@twcny.rr.com"
"21","5","3","Peter McIntosh II","Spec Miata","1:37.772","13","1 Lap","10.509","75","Mazda","Miata","Silver","1995","Annandale","NJ","McIncelli Mechanical","peteypablo511@hotmail.com"
"22","6","313","Jim Tramontano","Spec Miata","1:37.752","13","1 Lap","0.389","70","Mazda","Miata","White","1996","Lambertville","NJ","Infamous Jim's Auto Art","jimtramontano@gmail.com"
"23","5","258","Stuart Phillips","Honda Chal 2","1:35.677","13","1 Lap","0.197","75","Acura","Integra","White/Red","1998","Baldwin","NY","#doubleteam","stuphillips_5@hotmail.com"
"24","7","14","David Deerson","Spec Miata","1:38.466","13","1 Lap","5.605","69","Mazda","Miata","White","2002","South River","NJ","","daviddeerson@yahoo.com"
"25","1","36","Robert Casella","SpecE30","1:36.471","13","1 Lap","8.469","100","BMW","325is","Black","1990","Pompton Plains","NJ","Axle Casella","rcasella18@aol.com"
"26","2","20","James Mertz","SpecE30","1:36.880","13","1 Lap","2.243","90","BMW","E30","Red","1991","Saylorsburg","PA","StoogeMoe Racing","goldie83@ptd.net"
"27","2","60","Kurt Washeim","Super Touring 5","1:40.620","13","1 Lap","7.057","90","Mini","R-58 Coupe","D.Gray/Red","2012","Lake Hopatcong","NJ","","cadmad@optonline.net"
"28","6","219","Lenny Hong","Honda Chal 2","1:36.934","13","1 Lap","1.716","70","Acura","Integra","Red/Black","1997","Santa Monica","CA","#redteam","lennyhong@gmail.com"
"29","8","370","Chris Graham","Spec Miata","1:39.532","13","1 Lap","2.000","68","Mazda","Miata","Green","1994","Fayetteville","NY","","Cgraham278@gmail.com"
"30","9","415","Michael Smith","Spec Miata","1:39.316","13","1 Lap","0.978","67","Mazda","Miata","Blue","2003","Clay","NY","Spec13 Motorsports","mbsmit05@gmail.com"
"31","7","373","Nathan Bookbinder","Honda Chal 2","1:36.943","13","1 Lap","0.252","69","Acura","Integra","White/Blue/Orange","1996","Middletown","NY","","nbookbinder@gmail.com"
"32","10","767","Will Lambros","Spec Miata","1:39.829","13","1 Lap","0.406","66","Mazda","Miata","Silver","1999","Montauk","NY","WilliamDeanPlatinum/Precimet/SkipBarber","williamlambros2003@gmail.com"
"33","3","761","Michael Kovacs","SpecE30","1:37.233","13","1 Lap","1.780","85","BMW","325i","Yellow/Red/Black","1988","","","Drivegear",""
"34","8","9","Anthony Robison","Honda Chal 2","1:36.334","13","1 Lap","2.238","68","Honda","Civic","White","1992","Bensalem","PA","","tony@fortrob.com"
"35","3","122","Gary Alpert","Super Touring 5","1:42.116","13","1 Lap","9.384","85","BMW","M3","Blue","1995","Shelton","CT","","bsewell2338@gmail.com"
"36","1","44G","Lev Uretsky","Spec MX-5","1:39.217","13","1 Lap","14.280","50","Mazda","MX-5","White","2013","Brooklyn","NY","","russian.antique@gmail.com"
"37","1","308","Andrew Thomas","PTD","1:40.520","13","1 Lap","2.206","50","Mazda","Miata","Yellow/Black","1999","New York","NY","","ast944@hotmail.com"
"38","1","139","Dillon Brennan","Honda Chal 4","1:40.849","13","1 Lap","3.878","100","Honda","Civic","Red","1993","Trevose","PA","Babie Deebus Racing","10dsbrennan@gmail.com"
"39","2","6126","Damien Price","Honda Chal 4","1:40.459","13","1 Lap","8.145","90","Honda","Civic","Silver","1997","Belleville","NJ","Hollow Tree Candle Co.","afterdarkmotorsports@gmail.com"
"40","4","762","Matthew Herd","SpecE30","1:40.443","13","1 Lap","6.822","80","BMW","325i","White","1989","","","",""
"41","5","466","Christian Sandmann","SpecE30","1:40.759","13","1 Lap","0.719","75","BMW","325is","White","1989","Wayne","NJ","MSC Gross B�lten e.V. im ADAC","csandmann@mac.com"
"42","6","87","Andrew Zimmerman","SpecE30","1:40.539","13","1 Lap","0.909","70","BMW","325is","Blue/Green","1987","","","Drivegear",""
"43","11","194","Carla Lebentritt","Spec Miata","1:40.019","12","2 Laps","1 Lap","65","Mazda","Miata","Red/Black","1992","Allentown","NJ","","carlalebentrittdesigns@aol.com"
"44","7","153","Sam Jadczak","SpecE30","1:41.663","12","2 Laps","54.023","69","BMW","325i","Bronze/D.Red","1989","Horsham","PA","PJ Auto Repair","samjadczak@yahoo.com"
"45","8","88","Leo Massarani","SpecE30","1:42.304","12","2 Laps","4.036","68","BMW","325","Gray","1989","","","Drivegear",""
"46","3","49","Kallie Kanakos","Honda Chal 4","1:42.915","12","2 Laps","1.189","85","Acura","Integra","Gray","1999","Valley stream","NY","","k.kanakos@aol.com"
"47","1","944","Christopher Rose","PTE","1:46.619","12","2 Laps","19.308","50","Porsche","944","Purple","1984","Stratford","CT","","jayskyco@yahoo.com"
"48","9","722","Evan Luce","SpecE30","1:42.329","12","2 Laps","16.801","67","BMW","325i","Blue","1987","Langhorn","PA","Condor Speed Shop / VAC Motorsports","evanrluce@gmail.com"
"49","10","315","Tom Samuelson","SpecE30","1:44.317","12","2 Laps","2.332","66","BMW","E30","Gray","1987","Marblehead","MA","","tom@tomsamuelson.com"
"50","4","358","Kenneth Martinez","Honda Chal 4","1:41.787","12","2 Laps","8.340","80","Acura","Integra","White","1996","Plainfield","NJ","","kennethmartinez35@yahoo.com"
"51","11","520","Larry Marks","SpecE30","1:45.299","12","2 Laps","16.482","65","BMW","325i","Green","1987","South Windsor","CT","","nomowhal@gmail.com"
"52","9","999","Cecil Ramotar","GTS2","1:32.696","8","6 Laps","4 Laps","67","BMW","M3","Blue","1998","","","","cramotar@aol.com"
"DNS","DNS","71","Ray Prato","SpecE30","","","DNS","8 Laps","0","BMW","325is","Silver","1989","Ringwood","NJ","","raypratojr@gmail.com"
