"Pos","PIC","No.","Name","Class","Best Tm","Laps","Diff","Gap","Points","Make","Model","Color","Year","City","State","Sponsor","Email"
"1","1","530","Michael Sousa","GTS2","1:29.616","20","","","100","BMW","M3","Red/Black/White","1997","Coventry","CT","CIP Motorsports","rokkitman1@gmail.com"
"2","2","39","Mike Miller","GTS2","1:31.294","20","9.968","9.968","90","BMW","M3","Yellow/Black/White","1992","Woodbridge","CT","","mike@millersoftwareservices.com"
"3","3","121","Douglas Horton","GTS2","1:31.258","20","16.394","6.426","85","BMW","M3","White","1995","Brooklyn","NY","","doug.bmxdude77@gmail.com"
"4","4","345","Christina Lam","GTS2","1:31.142","20","16.878","0.484","80","BMW","M3","Black","1998","Vienna","VA","","clicketyclam@gmail.com"
"5","5","824","Vinh Chau","GTS2","1:31.401","20","25.655","8.777","75","BMW","M3","Yellow","1995","Philadelphia","PA","","vchau76@gmail.com"
"6","1","112","Daniel Koch","Super Touring 4","1:32.298","20","37.821","12.166","50","BMW","M3","Black","1995","Wappingers Falls","NY","Killa' Beez","daniel_koch@steris.com"
"7","6","119","Mark Santerian","GTS2","1:32.336","20","45.455","7.634","70","BMW","3 Series","White","1994","Glennmills","PA","","msanterian01@gmail.com"
"8","7","999","Cecil Ramotar","GTS2","1:31.704","20","47.517","2.062","69","BMW","M3","Blue","1998","","","","cramotar@aol.com"
"9","1","738","Jose Suero","Honda Chal 1","1:30.407","20","1:22.703","35.186","100","Honda","S2000","Red","2005","Elmsford","NY","","josesuero16@gmail.com"
"10","1","516","Spencer Anderson","Honda Chal 2","1:32.832","20","1:23.465","0.762","100","Honda","Civic","Red/Silver","1994","Freeport","NY","#redteam","noriceef@aol.com"
"11","1","211","Thai Diep","Super Touring 5","1:36.399","19","1 Lap","1 Lap","100","Mazda","RX-8","Red","2006","Carlisle","PA","Motorsports Performance Group","thaidiep@gmail.com"
"12","1","27","Devin Gregory","Spec Miata","1:37.392","19","1 Lap","23.013","100","Mazda","Miata","Red","1991","Redding","CT","EFI Logics","dpgregory@gregory-builders.com"
"13","2","517","Zephyr Belski","Honda Chal 2","1:34.997","19","1 Lap","0.986","90","Acura","Integra","L.Blue/Black","1994","Middlesex","NJ","#blueteam","zbelski@gmail.com"
"14","3","46","Michael Fries","Honda Chal 2","1:34.944","19","1 Lap","0.952","85","Honda","S2000","Yellow","2008","Westernville","NY","Lifted","mfries@twcny.rr.com"
"15","2","3","Peter McIntosh II","Spec Miata","1:37.401","19","1 Lap","2.481","90","Mazda","Miata","Silver","1995","Annandale","NJ","McIncelli Mechanical","peteypablo511@hotmail.com"
"16","3","313","Jim Tramontano","Spec Miata","1:36.751","19","1 Lap","1.162","85","Mazda","Miata","White","1996","Lambertville","NJ","Infamous Jim's Auto Art","jimtramontano@gmail.com"
"17","4","258","Stuart Phillips","Honda Chal 2","1:34.346","19","1 Lap","0.341","80","Acura","Integra","White/Red","1998","Baldwin","NY","#doubleteam","stuphillips_5@hotmail.com"
"18","5","7","Jan Wang","Honda Chal 2","1:34.095","19","1 Lap","4.190","75","Honda","Civic","Red","1992","Tenafly","NJ","#redteam","JanWang74@aol.com"
"19","4","18","Benjamin Miller","Spec Miata","1:36.817","19","1 Lap","4.184","80","Mazda","Miata","Red","1991","Midland Park","NJ","EFI Logics","benm@milleraa.com"
"20","6","9","Anthony Robison","Honda Chal 2","1:36.147","19","1 Lap","3.918","70","Honda","Civic","White","1992","Bensalem","PA","","tony@fortrob.com"
"21","5","341","Thomas Paolino","Spec Miata","1:37.383","19","1 Lap","3.442","75","Mazda","Miata","Black","1999","Colts Neck","NJ","","milleniumstones@gmail.com"
"22","1","36","Robert Casella","SpecE30","1:36.467","19","1 Lap","3.499","100","BMW","325is","Black","1990","Pompton Plains","NJ","Axle Casella","rcasella18@aol.com"
"23","6","14","David Deerson","Spec Miata","1:37.298","19","1 Lap","0.207","70","Mazda","Miata","White","2002","South River","NJ","","daviddeerson@yahoo.com"
"24","2","20","James Mertz","SpecE30","1:36.471","19","1 Lap","2.151","90","BMW","E30","Red","1991","Saylorsburg","PA","StoogeMoe Racing","goldie83@ptd.net"
"25","7","370","Chris Graham","Spec Miata","1:38.064","19","1 Lap","6.429","69","Mazda","Miata","Green","1994","Fayetteville","NY","","Cgraham278@gmail.com"
"26","3","761","Michael Kovacs","SpecE30","1:37.066","19","1 Lap","4.231","85","BMW","325i","Yellow/Red/Black","1988","","","Drivegear",""
"27","2","60","Kurt Washeim","Super Touring 5","1:39.711","19","1 Lap","12.909","90","Mini","R-58 Coupe","D.Gray/Red","2012","Lake Hopatcong","NJ","","cadmad@optonline.net"
"28","7","373","Nathan Bookbinder","Honda Chal 2","1:35.925","19","1 Lap","2.581","69","Acura","Integra","White/Blue/Orange","1996","Middletown","NY","","nbookbinder@gmail.com"
"29","4","71","Ray Prato","SpecE30","1:37.819","19","1 Lap","2.146","80","BMW","325is","Silver","1989","Ringwood","NJ","","raypratojr@gmail.com"
"30","1","308","Andrew Thomas","PTD","1:39.054","19","1 Lap","4.292","50","Mazda","Miata","Yellow/Black","1999","New York","NY","","ast944@hotmail.com"
"31","8","415","Michael Smith","Spec Miata","1:37.454","19","1 Lap","5.327","68","Mazda","Miata","Blue","2003","Clay","NY","Spec13 Motorsports","mbsmit05@gmail.com"
"32","1","358","Kenneth Martinez","Honda Chal 4","1:39.374","19","1 Lap","1:07.188","100","Acura","Integra","White","1996","Plainfield","NJ","","kennethmartinez35@yahoo.com"
"33","1","44G","Lev Uretsky","Spec MX-5","1:36.854","18","2 Laps","1 Lap","50","Mazda","MX-5","White","2013","Brooklyn","NY","","russian.antique@gmail.com"
"34","5","87","Andrew Zimmerman","SpecE30","1:40.227","18","2 Laps","36.443","75","BMW","325is","Blue/Green","1987","","","Drivegear",""
"35","6","762","Matthew Herd","SpecE30","1:39.609","18","2 Laps","3.079","70","BMW","325i","White","1989","","","",""
"36","2","139","Dillon Brennan","Honda Chal 4","1:40.171","18","2 Laps","11.500","90","Honda","Civic","Red","1993","Trevose","PA","Babie Deebus Racing","10dsbrennan@gmail.com"
"37","3","6126","Damien Price","Honda Chal 4","1:39.647","18","2 Laps","0.285","85","Honda","Civic","Silver","1997","Belleville","NJ","Hollow Tree Candle Co.","afterdarkmotorsports@gmail.com"
"38","7","153","Sam Jadczak","SpecE30","1:39.926","18","2 Laps","1.791","69","BMW","325i","Bronze/D.Red","1989","Horsham","PA","PJ Auto Repair","samjadczak@yahoo.com"
"39","8","722","Evan Luce","SpecE30","1:40.103","18","2 Laps","11.019","68","BMW","325i","Blue","1987","Langhorn","PA","Condor Speed Shop / VAC Motorsports","evanrluce@gmail.com"
"40","4","49","Kallie Kanakos","Honda Chal 4","1:41.810","18","2 Laps","16.659","80","Acura","Integra","Gray","1999","Valley stream","NY","","k.kanakos@aol.com"
"41","9","88","Leo Massarani","SpecE30","1:42.131","18","2 Laps","1.716","67","BMW","325","Gray","1989","","","Drivegear",""
"42","10","315","Tom Samuelson","SpecE30","1:42.818","18","2 Laps","13.879","66","BMW","E30","Gray","1987","Marblehead","MA","","tom@tomsamuelson.com"
"43","11","520","Larry Marks","SpecE30","1:42.202","18","2 Laps","0.644","65","BMW","325i","Green","1987","South Windsor","CT","","nomowhal@gmail.com"
"44","1","944","Christopher Rose","PTE","1:43.326","17","3 Laps","1 Lap","50","Porsche","944","Purple","1984","Stratford","CT","","jayskyco@yahoo.com"
"45","2","881","Erik Olson","Honda Chal 1","1:34.334","17","3 Laps","46.421","90","Acura","Integra","White","2001","Pennsburg","PA","DBA | Hoosier | Exedy","mosser@ptd.net"
"46","8","219","Lenny Hong","Honda Chal 2","1:36.154","15","5 Laps","2 Laps","68","Acura","Integra","Red/Black","1997","Santa Monica","CA","#redteam","lennyhong@gmail.com"
"47","12","466","Christian Sandmann","SpecE30","1:41.732","15","5 Laps","6:00.566","64","BMW","325is","White","1989","Wayne","NJ","MSC Gross B�lten e.V. im ADAC","csandmann@mac.com"
"DNF","DNF","336","Dan Harnick","GTS2","1:31.319","5","DNF","10 Laps","35","BMW","M3","Black","1998","New York","NY","","dharnick@gmail.com"
"DNF","DNF","244","Hans Thomsen","GTS2","1:32.197","5","DNF","15.876","35","BMW","M3","L.Green","1995","Mendham","NJ","","e30bimmer222@gmail.com"
"DNF","DNF","194","Carla Lebentritt","Spec Miata","1:50.614","4","DNF","1 Lap","34","Mazda","Miata","Red/Black","1992","Allentown","NJ","","carlalebentrittdesigns@aol.com"
"DQ","DQ","767","Will Lambros","Spec Miata","2:03.755","2","DQ","","0","Mazda","Miata","Silver","1999","Montauk","NY","WilliamDeanPlatinum/Precimet/SkipBarber","williamlambros2003@gmail.com"
