"Pos","PIC","No.","Name","Class","Best Tm","Laps","Diff","Gap","Points","Make","Model","Color","Year","City","State","Sponsor","Email"
"1","1","75","John Oldt","Honda Chal 1","1:13.973","22","","","100","Honda","S2000","Blue/Black/Silver","2001","","","","ar-inc@rcn.com"
"2","1","177","Joe Fuchs","GTS2","1:14.078","22","11.313","11.313","100","BMW","M3","Blue","1995","","","",""
"3","1","6","Liam Dwyer","Spec Z","1:15.278","22","27.807","16.494","50","Nissan","350Z","Red/Black","2007","Bethesda","MD","RDZ Motorsports/Redline Design/OG Racing","ldstang50@yahoo.com  "
"4","2","23","Michael Fries","Honda Chal 1","1:15.436","22","29.118","1.311","90","Honda","S2000","Yellow","2002","Westernville","NY","","mfries@twcny.rr.com"
"5","2","260","Russell Ehrman","GTS2","1:15.412","22","33.379","4.261","90","BMW","318i","White","1984","","","",""
"6","1","10","Erik Olson","Honda Chal 2","1:15.757","22","42.820","9.441","100","Honda","Civic","Red","1992","","","",""
"7","2","37","Brian Casella","Honda Chal 2","1:16.095","22","44.277","1.457","90","Acura","Integra","White/Orange","","Pompton Plains","NJ","",""
"8","3","116","Jim Clemens","GTS2","1:16.284","22","52.558","8.281","85","Porsche","Boxster","Red","2004","","","",""
"9","4","80","Mike Mazzola","GTS2","1:15.495","22","52.956","0.398","80","BMW","M3","White","1995","Chatham","NJ","","mmaz@optonline.net"
"10","1","77","Sean Curran","SpecE30","1:17.967","21","1 Lap","1 Lap","100","BMW","325is","White","1989","Clifton","NJ","","wb256@aol.com"
"11","2","343","Peter Thibault","SpecE30","1:17.868","21","1 Lap","0.448","90","BMW","325i","Gray/Orange","1991","Hamilton","NJ","","mxstyles@aol.com"
"12","3","89","Drivegear Rental 89","SpecE30","1:18.057","21","1 Lap","2.283","85","BMW","325i","Red","1989","","","",""
"13","1","99","Tony Senese","Spec Miata","1:18.750","21","1 Lap","3.969","100","Mazda","Miata","Black","1994","shaftsbury","VT","","tonys@nosenseyet.com"
"14","4","327","Jeff Caldwell","SpecE30","1:18.540","21","1 Lap","7.191","80","BMW","325is","White","1990","Millstone","NJ","","jeffcbmw@gmail.com"
"15","3","516","Spencer Anderson","Honda Chal 2","1:16.678","21","1 Lap","1.139","85","Honda","Civic","Red/Silver","1994","Freeport","NY","","noriceef@aol.com"
"16","5","60","Michael Maduske","SpecE30","1:18.485","21","1 Lap","7.769","75","BMW","325i","Gray","1989","Danbury","CT","Coastal Graphics and MCM Motorsports","mcmaduske@gmail.com"
"17","6","4","Ed Cangialosi","SpecE30","1:18.999","21","1 Lap","1.142","70","BMW","325","Black","1987","","","","edcangialosi@gmail.com"
"18","2","114","Paul Redante","Spec Miata","1:19.793","21","1 Lap","10.488","90","Mazda","Miata","Blue","1990","Ivyland","PA","","pcdrj@verizon.net"
"19","7","64","Edward Phillips","SpecE30","1:19.532","21","1 Lap","9.206","69","BMW","325i","Red/Black","","","","",""
"20","8","119","Bob Ott","SpecE30","1:19.134","20","2 Laps","1 Lap","68","BMW","325is","White","1988","Perkasie","PA","Me","r_scott@verizon.net"
"21","1","86","Scott Smith","GTS1","1:20.675","20","2 Laps","0.410","50","BMW","325","Yellow/Red/Black","1986","Chester","CT","","scott.w.smith@pfizer.com"
"22","1","530","Mike Sousa","PTB","1:14.912","12","10 Laps","8 Laps","100","Subaru","2.5RS","White","","","","",""
"DQ","DQ","834","Wayne Sonntag","GTS2","1:17.570","21","DQ","","0","BMW","325is","White","1987","Worcester","MA","","sonnettwh@netscape.net"
"DQ","DQ","737","Gerald Cohen","GTS2","1:17.885","21","DQ","","0","Porsche","944 Turbo","Red","1986","","","",""
