"Pos","PIC","No.","Name","Class","Best Tm","Laps","Diff","Gap","Points","Make","Model","Color","Year","City","State","Sponsor","Email"
"1","1","33","Scott Mohr","Super Unlimited","1:23.623","20","","","100","Chevrolet","Corvette","Green","2007","","","","rmohr@marsm-a.com"
"2","2","66","Lawrence Lepurage","Super Unlimited","1:28.518","20","1:20.502","1:20.502","90","Chevrolet","Camaro","Blue","","","","",""
"3","1","55","Paul Plemenos","Super Touring 1","1:28.327","20","1:27.091","6.589","100","Chevrolet","Corvette Z06","Blue","2006","Lake Hopatcong","NJ","","Pauliep777@me.com"
"4","1","120","Marc Fuchswanz","Super Touring 2","1:29.059","20","1:32.854","5.763","100","Chevrolet","Corvette","Black","","","","",""
"5","1","22","Hugh Stewart","GTS3","1:32.724","19","1 Lap","1 Lap","100","BMW","328","Black","1992","","","",""
"6","2","42","Rick Goryeb","GTS3","1:31.703","19","1 Lap","10.485","90","Porsche","Cayman","Silver","","","","",""
"7","1","44","Dan Carlson","American Iron","1:34.149","19","1 Lap","19.330","100","Ford","Mustang","Black","1995","Northport","NY","Realspeed Automotive","dcarlson@real-speed.com"
"8","2","442","Michael Fuchswanz","Super Touring 2","1:33.816","19","1 Lap","9.247","90","Chevrolet","Corvette","Black","","","","",""
"9","3","161","Michael Gershanok","GTS3","1:33.760","19","1 Lap","2.826","85","BMW","M3","Silver","2002","Edgewater","NJ","",""
"10","2","24","AJ Hartman","American Iron","1:34.596","18","2 Laps","1 Lap","90","Ford","Mustang GT","Blue","1999","Clementon","NJ","","adam_hartman@hotmail.com"
"11","3","93G","Jason Lakomiak","American Iron","1:33.577","18","2 Laps","3.352","85","Ford","Mustang","Green","1993","","","",""
"12","1","34","Andrew Hadjiminas","GTS4","1:33.848","18","2 Laps","6.227","100","Audi","S4","Yellow","2001","Brooklyn","NY","","adnrew@vespabk.com"
"13","4","314","William Schachat","GTS3","1:34.910","18","2 Laps","0.763","80","BMW","M3","Black","1997","Glen Ridge","NJ","ROCS Auto","billschachat@comcast.net"
"14","5","136","Kazimierz Sperling","GTS3","1:35.175","18","2 Laps","0.367","75","BMW","M3","Orange","1997","","","",""
"15","4","82","John Pattman","American Iron","1:35.031","18","2 Laps","6.947","80","Ford","Mustang","Blue","2008","Midland Park","NJ","","jack@pattmanplumbing.com"
"16","1","516","Spencer Anderson","Honda Chal 2","1:36.999","18","2 Laps","12.547","100","Honda","Civic","Red/Silver","1994","Freeport","NY","","noriceef@aol.com"
"17","2","46","Michael Fries","Honda Chal 2","1:37.162","18","2 Laps","3.184","90","Honda","S2000","Yellow","2002","Westernville","NY","","mfries@twcny.rr.com"
"18","1","115","Dan Gregory","PTB","1:36.857","18","2 Laps","0.559","50","Porsche","944","Black/Silver","1989","Wayne","PA","","daniellgregory@gmail.com"
"19","1","144","Mark Azierski","GTS2","1:37.640","18","2 Laps","24.515","100","Porsche","944S2","Black","1989","Nutley","NJ","","markazierski@gmail.com"
"20","6","65","Gabe Pettner","GTS3","1:37.724","18","2 Laps","22.798","70","BMW","M3","White","1998","","","","gabriel.pettner@perkinelmer.com"
"21","1","89","James Wilby","SpecE30","1:39.611","18","2 Laps","5.020","100","BMW","325is","Red","1989","","","",""
"22","2","77","Sean Curran","SpecE30","1:39.615","18","2 Laps","0.148","90","BMW","325is","White","1989","Clifton","NJ","","wb256@aol.com"
"23","1","99","Tony Senese","Spec Miata","1:40.647","17","3 Laps","1 Lap","100","Mazda","Miata","Black","1994","shaftsbury","VT","","tonys@nosenseyet.com"
"24","2","13G","Marcus Mazza","Spec Miata","1:40.912","17","3 Laps","0.496","90","Mazda","Miata","White/Orange","1991","","","",""
"25","3","141","Ed Cangialosi","SpecE30","1:42.798","17","3 Laps","33.079","85","BMW","325","Black","1987","","","","edcangialosi@gmail.com"
"26","4","243","Chris Huston","SpecE30","1:43.764","17","3 Laps","4.157","80","BMW","325is","Black","1988","","","",""
"27","7","9","Stephan Laputka","GTS3","1:33.702","16","4 Laps","1 Lap","69","Porsche","944 Turbo","Red/White","1989","","","","stephan.laputka@gmail.com"
"28","1","25","Joseph Staurovsky","CMC","1:45.640","16","4 Laps","4:50.325","100","Ford","Mustang","White","1995","","","",""
"29","3","133","Brion Martin","Spec Miata","1:52.223","16","4 Laps","1.537","85","Mazda","Miata","Red","1995","","","Screwbird Racing",""
"30","2","923","Greg Suchomel","Super Touring 1","1:30.341","14","6 Laps","2 Laps","90","Chevrolet","Corvette","Maroon","","","","",""
"31","5","70","Albert Watson","American Iron","1:33.363","14","6 Laps","45.116","75","Ford","Mustang","White","1989","Cranford","NJ","","al_streetmotorsports@hotmail.com"
"32","3","69","Michael Ellis","Super Unlimited","1:28.585","10","10 Laps","4 Laps","85","Pontiac","Grand Prix","Black","2005","Wayne","PA","Teresa's Cafe","mellis112@me.com"
"33","3","10","Erik Olson","Honda Chal 2","1:37.159","9","11 Laps","1 Lap","85","Honda","Civic","Red","1992","","","",""
"DNF","DNF","11G","James VanderVliet","Super Unlimited","1:23.862","8","DNF","1 Lap","43","Riley","Mark XXII","Gray/Black","2009","","","",""
"DNF","DNF","37","Brian Casella","Honda Chal 2","1:39.810","8","DNF","2:25.672","43","Acura","Integra","White/Orange","","Pompton Plains","NJ","",""
"DNF","DNF","128","Matt Espinoza","Honda Chal 2","1:42.032","4","DNF","4 Laps","43","Acura","Integra","White","","","","",""
"DNF","DNF","119","Bob Ott","SpecE30","1:44.254","4","DNF","29.602","40","BMW","325is","White","1988","Perkasie","PA","Me","r_scott@verizon.net"
"DNF","DNF","38","Doug Winston","Super Touring 2","1:30.232","3","DNF","1 Lap","45","Chevrolet","Corvette","Yellow","","","","",""
"DNS","DNS","5","Ziggy Miejski","Super Touring 1","","","DNS","","0","Chevrolet","Corvette","Red","2002","","","","Zigster316@optonline.net"
"DQ","DQ","85","John DeFelice","GTS3","1:32.334","19","DQ","","0","BMW","M3","Silver","2005","Oceanside","NY","SOH","jdefelice@strianoelectric.com"
