"Pos","PIC","No.","Name","Class","Best Tm","Laps","Diff","Gap","Points","Make","Model","Color","Year","City","State","Sponsor","Email"
"1","1","29","Jake Parrott","Super Unlimited","1:06.104","19","","","100","Chevrolet","Camaro","Silver","2002","","ME","","jakeparrott@gmail.com"
"2","2","16","Thomas Statnick","Super Unlimited","1:04.832","19","0.346","0.346","90","Dodge","Charger","Blue","2007","New York","NY","","trs@itfais.com"
"3","1","39","Joseph Catapano","GTSU","1:08.094","19","22.427","22.081","50","Porsche","GT3 Cup","Orange/Black","2007","","","",""
"4","1","442","Michael Fuchswanz","Super Touring 2","1:09.738","19","44.183","21.756","100","Chevrolet","Corvette","Black","","","","",""
"5","2","27","Devon Gregory","Super Touring 2","1:11.608","19","52.906","8.723","90","Subaru","STi","Silver","2005","","CT","EFI Logics",""
"6","1","5","Ziggy Miejski","Super Touring 1","1:08.794","19","52.968","0.062","100","Chevrolet","Corvette","Red","2002","","","","Zigster316@optonline.net"
"7","3","57","Jeff Ricca","Super Touring 2","1:10.736","19","53.182","0.214","85","Nissan","240SX","White","","","","",""
"8","4","120","Marc Fuchswanz","Super Touring 2","1:10.885","19","57.972","4.790","80","Chevrolet","Corvette","Black","","","","",""
"9","1","914","Jack Haberman","GTS5","1:11.492","19","59.853","1.881","50","BMW","M3","Black/Grey","2003","Chatham","NJ","","jack.b.haberman@gmail.com"
"10","1","166","Mathieu Lussier","GTS4","1:13.284","18","1 Lap","1 Lap","100","BMW","M3","Gray","2005","","","",""
"11","1","22","Hugh Stewart","GTS3","1:13.348","18","1 Lap","4.630","100","BMW","328","Green","1992","","","",""
"12","2","400","David Dunigan","GTS3","1:14.203","18","1 Lap","1.471","90","Porsche","911","Black/Orange","2001","","","",""
"13","2","55","Paul Plemenos","Super Touring 1","1:12.781","18","1 Lap","1.160","90","Chevy","Corvette Z06","Blue","2006","Lake Hopatcong","NJ","","Pauliep777@me.com"
"14","1","44","Dan Carlson","American Iron","1:14.307","18","1 Lap","0.502","100","Ford","Mustang","Black","1995","Northport","NY","Realspeed Automotive","dcarlson@real-speed.com"
"15","2","726","Tony Salloum","GTS4","1:13.464","18","1 Lap","0.863","90","BMW","TC","Blue","","","","",""
"16","2","91","Raphael S Prato Jr","American Iron","1:14.632","18","1 Lap","3.118","90","Ford","Mustang Cobra","Yellow","1998","Ringwood","NJ","","craashjr@aol.com"
"17","3","162","Edgar Cabrera","GTS3","1:14.203","18","1 Lap","0.959","85","Porsche","Boxster","Black","","Santo Domingo","DR","IMC","hopofthese@aol.com"
"18","4","42","Rick Goryeb","GTS3","1:14.844","18","1 Lap","3.051","80","Porsche","Cayman","Silver","","","","",""
"19","5","475","Ariel Jurmann","GTS3","1:15.067","18","1 Lap","4.943","75","Porsche","951","Black","1986","","","","ajurmann@gmail.com"
"20","6","9","Stephan Laputka","GTS3","1:15.053","18","1 Lap","0.687","70","Porsche","944 Turbo","Red/White","1989","","","","stephan.laputka@gmail.com"
"21","3","24","AJ Hartman","American Iron","1:15.062","18","1 Lap","5.133","85","Ford","Mustang GT","Blue","1999","Clementon","NJ","","adam_hartman@hotmail.com"
"22","7","646","Ronald Cohen","GTS3","1:15.297","18","1 Lap","6.965","69","Porsche","944 Turbo","Silver/Blue","1989","","","","ron@francorestoration.com"
"23","1","6","Liam Dwyer","Spec Z","1:16.494","18","1 Lap","2.253","50","Nissan","350Z","Red/Black","2007","Bethesda","MD","RDZ Motorsports/Redline Design/OG Racing","ldstang50@yahoo.com  "
"24","8","161","Michael Gershanok","GTS3","1:15.127","18","1 Lap","3.403","68","BMW","M3","Silver","2002","Edgewater","NJ","",""
"25","9","47","Jason Judd","GTS3","1:13.843","18","1 Lap","0.169","67","Porsche","968","Red","1995","","","","flamthrowr@aol.com"
"26","5","8","Mario Boccongelli","Super Touring 2","1:16.057","18","1 Lap","4.838","75","Nissan","350Z","Red/Black","2004","Kenilworth","NJ","Applied Graphics, Inc.","mario@appliedgrafx.com"
"27","6","92","John Gatzemeyer","Super Touring 2","1:18.789","18","1 Lap","20.036","70","Chevy","Corvette","Red","2001","Hillsborough","NJ","","john_Gatzemeyer@colpal.com"
"28","1","35","Stephen Tomasso","American Iron Extreme","1:14.558","17","2 Laps","1 Lap","100","Chevrolet","Z28 Camaro","White/Black","1998","Vineland","NJ","","steve.tomasso@comcast.net"
"29","4","82","John Pattman","American Iron","1:19.434","17","2 Laps","50.201","80","Ford","Mustang","Blue","2008","Midland Park","NJ","","jack@pattmanplumbing.com"
"30","3","197","Bill Kramer","Super Unlimited","1:19.585","17","2 Laps","3.851","85","Ford","Thunderbird","Red/White/Blue","1997","Waterford","CT","American Kuhne","Bkramer@americankuhne.com"
"31","10","65","Gabe Pettner","GTS3","1:18.514","17","2 Laps","2.325","66","BMW","M3","White","1998","","","","gabriel.pettner@perkinelmer.com"
"32","1","76","Spencer Black","CMC","1:21.657","16","3 Laps","1 Lap","100","Ford","Mustang","Black","2000","Buffalo","NY","","buffaloemail@yahoo.com"
"33","2","25","Joseph Staurovsky","CMC","1:22.504","16","3 Laps","5.151","90","Ford","Mustang","White","1995","","","",""
"34","4","33","Scott Mohr","Super Unlimited","1:08.418","10","9 Laps","6 Laps","80","Chevrolet","Corvette","Green","2007","","","","rmohr@marsm-a.com"
"DNF","DNF","70","Albert Watson","American Iron","1:20.954","3","DNF","7 Laps","40","Ford","Mustang","White","1989","Cranford","NJ","","al_streetmotorsports@hotmail.com"
"DNF","DNF","135","Carl Mehne","GTS3","2:08.338","2","DNF","1 Lap","65","BMW","135","Gray","","","","",""
"DNF","DNF","227","Emmet Murphy","Super Unlimited","2:35.494","1","DNF","1 Lap","40","Chevrolet","Camaro","Black","1968","","","",""
"DQ","DQ","314","Bill Schachat","GTS3","1:17.567","10","DQ","","0","BMW","M3","Black","1997","Glen Ridge","NJ","ROCS Auto","billschachat@comcast.net"
"DQ","DQ","11","Patrick McMahon","Super Touring 2","1:16.081","10","DQ","","0","Factory Five","Spec Cobra","Gray/Black","","Danville","NH","","patmcmahonracing@yahoo.com"
"DQ","DQ","151","Mark Lounsbury","GTS4","1:16.356","9","DQ","","0","BMW","M3","Black","1996","Chadds Ford","PA","","doclouns@comcast.net"
"DQ","DQ","66","Lawrence Lepurage","Super Unlimited","2:27.157","2","DQ","","0","Chevrolet","Camaro","Blue","","","","",""
