"Pos","PIC","No.","Name","Class","Best Tm","Laps","Diff","Gap","Points","Make","Model","Color","Year","City","State","Sponsor","Email"
"1","1","177","Joe Fuchs","GTS2","1:15.792","22","","","100","BMW","M3","Blue/White","1995","","","",""
"2","2","913","Al Abbatiello","GTS2","1:16.022","22","9.687","9.687","90","BMW","E36","White","1996","Paramus","NJ","","al.abbatiello@yahoo.com"
"3","1","516","Spencer Anderson","Honda Chal 2","1:16.409","22","16.151","6.464","100","Honda","Civic","Red/Silver","1994","Freeport","NY","","noriceef@aol.com"
"4","2","37","Brian Casella","Honda Chal 2","1:17.622","22","43.390","27.239","90","Acura","Integra","White/Orange","","Pompton Plains","NJ","",""
"5","3","46","Michael Fries","Honda Chal 2","1:17.775","22","48.047","4.657","85","Honda","S2000","Yellow","2008","Westernville","NY","Lifted","mfries@twcny.rr.com"
"6","3","116","Jim Clemens","GTS2","1:17.040","22","59.035","10.988","85","Porsche","Boxster","Red","2004","","","",""
"7","1","77","Sean Curran","SpecE30","1:18.536","21","1 Lap","1 Lap","100","BMW","325is","White/Green","1989","Clifton","NJ","","wb256@aol.com"
"8","2","343","Peter Thibault","SpecE30","1:18.904","21","1 Lap","0.053","90","BMW","325i","Gray/Orange","1991","Hamilton","NJ","","mxstyles@aol.com"
"9","3","327","Jeff Caldwell","SpecE30","1:19.051","21","1 Lap","4.900","85","BMW","325is","White","1990","Millstone","NJ","","jeffcbmw@gmail.com"
"10","4","89","James Wilby","SpecE30","1:19.224","21","1 Lap","0.046","80","BMW","325is","Red","1989","","","Drivegear",""
"11","1","99","Tony Senese","Spec Miata","1:21.425","21","1 Lap","35.933","100","Mazda","Miata","Purple/Yellow","1994","shaftsbury","VT","","tonys@nosenseyet.com"
"12","5","67","Jason Mahoney","SpecE30","1:20.943","21","1 Lap","11.511","75","BMW","E30","White","1989","","","",""
"13","6","87","Andrew Zimmerman","SpecE30","1:21.298","21","1 Lap","2.785","70","BMW","325is","Blue/Green","1987","","","",""
"14","7","141","Ed Cangialosi","SpecE30","1:20.236","21","1 Lap","12.830","69","BMW","325","Black","1987","","","","edcangialosi@gmail.com"
"15","1","86","Scott Smith","GTS1","1:22.752","21","1 Lap","6.557","50","BMW","325","Yellow/Red/Black","1986","Chester","CT","","scott.w.smith@pfizer.com"
"16","8","03G","Charlie Diradour","SpecE30","1:21.485","20","2 Laps","1 Lap","68","BMW","E30","Red","1989","","","",""
"17","2","133","Brion Martin","Spec Miata","1:25.058","20","2 Laps","17.561","90","Mazda","Miata","Red","1995","","","Screwbird Racing",""
"18","3","79","Andrzej Wegrzyn","Spec Miata","1:24.527","20","2 Laps","14.196","85","Mazda","Miata","Blue/White/Red","1990","","","",""
"19","4","10","Erik Olson","Honda Chal 2","1:16.502","13","9 Laps","7 Laps","80","Honda","Civic","Red","1992","","","",""
"DNF","DNF","801","Stephanie Chang","Honda Chal 2","1:21.640","3","DNF","10 Laps","75","Acura","Integra","White","1994","","","",""
