"Pos","PIC","No.","Name","Class","Best Tm","Laps","Diff","Gap","Points","Make","Model","Color","Year","City","State","Sponsor","Email"
"1","1","10","Erik Olson","Honda Chal 2","1:29.148","19","","","100","Honda","Civic","Red","1992","","","",""
"2","2","46","Michael Fries","Honda Chal 2","1:29.170","19","1.756","1.756","90","Honda","S2000","Yellow","2008","Westernville","NY","Lifted","mfries@twcny.rr.com"
"3","3","37","Brian Casella","Honda Chal 2","1:28.878","19","9.806","8.050","85","Acura","Integra","White/Orange","","Pompton Plains","NJ","",""
"4","1","89","James Wilby","SpecE30","1:29.255","19","18.783","8.977","100","BMW","325is","Red","1989","","","Drivegear",""
"5","2","77","Sean Curran","SpecE30","1:30.128","19","33.618","14.835","90","BMW","325is","White/Green","1989","Clifton","NJ","","wb256@aol.com"
"6","1","177","Joe Fuchs","GTS2","1:30.161","19","47.128","13.510","100","BMW","M3","Blue/White","1995","","","",""
"7","2","913","Al Abbatiello","GTS2","1:30.518","19","48.504","1.376","90","BMW","E36","White","1996","Paramus","NJ","","al.abbatiello@yahoo.com"
"8","3","343","Peter Thibault","SpecE30","1:28.911","19","1:00.037","11.533","85","BMW","325i","Gray/Orange","1991","Hamilton","NJ","","mxstyles@aol.com"
"9","4","327","Jeff Caldwell","SpecE30","1:32.686","18","1 Lap","1 Lap","80","BMW","325is","White","1990","Millstone","NJ","","jeffcbmw@gmail.com"
"10","3","230","Blake Caplan","GTS2","1:31.538","18","1 Lap","31.397","85","BMW","M3","Black/White","1995","","","",""
"11","1","99","Tony Senese","Spec Miata","1:36.472","18","1 Lap","13.585","100","Mazda","Miata","Purple/Yellow","1994","shaftsbury","VT","","tonys@nosenseyet.com"
"12","5","64","Edward Phillips","SpecE30","1:33.030","18","1 Lap","7.918","75","BMW","325i","Red/Black","","","","",""
"13","6","67","Jason Mahoney","SpecE30","1:34.420","18","1 Lap","4.617","70","BMW","E30","White","1989","","","",""
"14","2","133","Brion Martin","Spec Miata","1:35.716","17","2 Laps","1 Lap","90","Mazda","Miata","Red","1995","","","Screwbird Racing",""
"15","3","79","Andrzej Wegrzyn","Spec Miata","1:37.285","17","2 Laps","12.789","85","Mazda","Miata","Blue/White/Red","1990","","","",""
"16","1","25","Joseph Staurovsky","CMC","1:38.306","17","2 Laps","5.295","50","Ford","Mustang","White","1995","","","",""
"17","7","141","Ed Cangialosi","SpecE30","1:41.302","17","2 Laps","25.329","69","BMW","325","Black","1987","","","","edcangialosi@gmail.com"
"18","1","86","Scott Smith","GTS1","1:41.093","17","2 Laps","38.037","50","BMW","325","Yellow/Red/Black","1986","Chester","CT","","scott.w.smith@pfizer.com"
"19","8","03G","Charlie Diradour","SpecE30","1:41.838","16","3 Laps","1 Lap","68","BMW","E30","Red","1989","","","",""
"20","4","516","Spencer Anderson","Honda Chal 2","1:31.118","10","9 Laps","6 Laps","80","Honda","Civic","Red/Silver","1994","Freeport","NY","","noriceef@aol.com"
"DNF","DNF","834","Wayne Sonntag","GTS2","1:33.352","6","DNF","4 Laps","80","BMW","325is","White","1987","Worcester","MA","","sonnettwh@netscape.net"
"DNF","DNF","156","Luke Pardi","GTS2","1:33.820","3","DNF","3 Laps","75","BMW","M3","D.Green/Orange","1999","","","",""
"DNS","DNS","116","Jim Clemens","GTS2","","","DNS","3 Laps","0","Porsche","Boxster","Red","2004","","","",""
