"Pos","PIC","No.","Name","Class","Best Tm","Laps","Diff","Gap","Points","Make","Model","Color","Year","City","State","Sponsor","Email"
"1","1","177","Joe Fuchs","GTS2","1:14.369","22","","","100","BMW","M3","Blue","1995","","","",""
"2","1","75","John Oldt","Honda Chal 1","1:14.461","22","3.892","3.892","100","Honda","S2000","Blue/Black/Silver","2001","","","","ar-inc@rcn.com"
"3","2","913","Al Abbatiello","GTS2","1:16.261","22","45.588","41.696","90","BMW","E36","White","1996","Paramus","NJ","","al.abbatiello@yahoo.com"
"4","1","10","Erik Olson","Honda Chal 2","1:16.114","22","54.971","9.383","100","Honda","Civic","Red","1992","","","",""
"5","3","260","Russell Ehrman","GTS2","1:16.793","22","1:03.212","8.241","85","BMW","318i","White","1984","","","",""
"6","2","23","Michael Fries","Honda Chal 1","1:16.582","22","1:11.901","8.689","90","Honda","S2000","Yellow","2002","Westernville","NY","","mfries@twcny.rr.com"
"7","4","116","Jim Clemens","GTS2","1:16.994","22","1:12.573","0.672","80","Porsche","Boxster","Red","2004","","","",""
"8","1","115","Dan Gregory","PTB","1:17.720","21","1 Lap","1 Lap","100","Porsche","944","Black/Silver","1989","Wayne","PA","","daniellgregory@gmail.com"
"9","1","99","Tony Senese","Spec Miata","1:19.394","21","1 Lap","17.087","100","Mazda","Miata","Black","1994","shaftsbury","VT","","tonys@nosenseyet.com"
"10","2","114","Paul Redante","Spec Miata","1:18.641","21","1 Lap","1.899","90","Mazda","Miata","Blue","1990","Ivyland","PA","","pcdrj@verizon.net"
"11","5","80","Mike Mazzola","GTS2","1:18.040","21","1 Lap","1.040","75","BMW","M3","White","1995","Chatham","NJ","","mmaz@optonline.net"
"12","6","834","Wayne Sonntag","GTS2","1:18.499","21","1 Lap","10.764","70","BMW","325is","White","1987","Worcester","MA","","sonnettwh@netscape.net"
"13","7","737","Gerald Cohen","GTS2","1:18.651","21","1 Lap","5.845","69","Porsche","944 Turbo","Red","1986","","","",""
"14","1","60","Michael Maduske","SpecE30","1:19.073","21","1 Lap","13.750","100","BMW","325i","Gray","1989","Danbury","CT","Coastal Graphics and MCM Motorsports","mcmaduske@gmail.com"
"15","2","327","Jeff Caldwell","SpecE30","1:19.110","21","1 Lap","0.502","90","BMW","325is","White","1990","Millstone","NJ","","jeffcbmw@gmail.com"
"16","3","64","Edward Phillips","SpecE30","1:19.935","21","1 Lap","11.740","85","BMW","325i","Red/Black","","","","",""
"17","4","119","Bob Ott","SpecE30","1:19.700","21","1 Lap","31.018","80","BMW","325is","White","1988","Perkasie","PA","Me","r_scott@verizon.net"
"18","8","144","Mark Azierski","GTS2","1:18.686","20","2 Laps","1 Lap","68","Porsche","944S2","Black","1989","Nutley","NJ","","markazierski@gmail.com"
"19","5","00","Drivegear Rental 00","SpecE30","1:19.754","20","2 Laps","53.061","75","BMW","","Red","","","","",""
"20","1","86","Scott Smith","GTS1","1:20.302","20","2 Laps","6.388","50","BMW","325","Yellow/Red/Black","1986","Chester","CT","","scott.w.smith@pfizer.com"
"21","2","37","Brian Casella","Honda Chal 2","1:16.958","18","4 Laps","2 Laps","90","Acura","Integra","White/Orange","","Pompton Plains","NJ","",""
"22","2","530","Mike Sousa","PTB","1:15.065","16","6 Laps","2 Laps","90","Subaru","2.5RS","White","","","","",""
"23","9","1120","Aravind Pochiraju","GTS2","1:19.388","15","7 Laps","1 Lap","67","BMW","M3","Black","1995","","","",""
"24","3","516","Spencer Anderson","Honda Chal 2","1:16.029","14","8 Laps","1 Lap","85","Honda","Civic","Red/Silver","1994","Freeport","NY","","noriceef@aol.com"
"25","6","77","Sean Curran","SpecE30","1:18.434","12","10 Laps","2 Laps","70","BMW","325is","White","1989","Clifton","NJ","","wb256@aol.com"
"DNF","DNF","343","Peter Thibault","SpecE30","1:18.229","10","DNF","2 Laps","35","BMW","325i","Gray/Orange","1991","Hamilton","NJ","","mxstyles@aol.com"
"DNF","DNF","551","Amy Dilks","PTB","1:18.109","1","DNF","9 Laps","45","Subaru","WRX STi","Silver","2004","","","",""
"DQ","DQ","156","Luke Pardi","GTS2","1:15.785","22","DQ","","0","BMW","M3","Green","1999","","","",""
"DQ","DQ","89","Drivegear Rental 89","SpecE30","1:18.663","21","DQ","","0","BMW","325i","Red","1989","","","",""
