"Pos","PIC","No.","Name","Class","Best Tm","Laps","Diff","Gap","Points","Make","Model","Color","Year","City","State","Sponsor","Email"
"1","1","14G","Tim Fox","ITC-GTP","1:28.031","20","","","100","Porsche","Caymen","Orange/White","","","","Bodymotion",""
"2","1","32G","Tanner Whitten","ITC-P2","1:28.238","20","6.658","6.658","100","Porsche","Caymen","Black/White","","","","Isringhausen",""
"3","2","12G","Andrew Baxter","ITC-P2","1:28.555","20","15.015","8.357","90","Porsche","Caymen","Blue","","","","Bodymotion",""
"4","1","56G","Geoff Isringhausen","ITC-P1","1:28.948","20","34.255","19.240","100","Porsche","Caymen","White","","","","Isringhausen Motorsports",""
"5","2","58G","Geoff Jr. Isringhausen","ITC-P1","1:29.205","20","37.528","3.273","90","Porsche","Caymen","Lt Blue/Navy","","","","Isringhausen Motorsports",""
"6","3","10G","Gary Brousell","ITC-P1","1:29.793","20","46.340","8.812","85","Porsche","Caymen","Lt Blue/White","","","","Bodymotion/Avitus",""
"7","1","77ng","Preston Calvert","Super Touring 2","1:30.265","19","1 Lap","1 Lap","100","Chevrolet","Corvette","Red","2010","","","",""
"8","1","187","Edgar Cabrera","GTS3","1:29.939","19","1 Lap","0.231","100","BMW","M3","Gray","2004","Santo Domingo","DR","IMC","hopofthese@aol.com"
"9","2","22","Hugh Stewart","GTS3","1:30.982","19","1 Lap","26.095","90","BMW","328","Green","1992","","","",""
"10","4","21G","Ralph Marra","ITC-P1","1:32.977","19","1 Lap","2.882","80","Porsche","Caymen","Green/White","2012","","","Bodymotion/Health Warehouse",""
"11","3","42","Rick Goryeb","GTS3","1:31.704","19","1 Lap","0.166","85","Porsche","Cayman","Silver","","","","",""
"12","4","314","William Schachat","GTS3","1:33.685","19","1 Lap","30.923","80","BMW","M3","Black","1997","Glen Ridge","NJ","ROCS Auto","billschachat@comcast.net"
"13","5","161","Michael Gershanok","GTS3","1:33.371","19","1 Lap","1.291","75","BMW","M3","Silver","2002","Edgewater","NJ","",""
"14","1","91","Raphael S Prato Jr","American Iron","1:35.596","18","2 Laps","1 Lap","100","Ford","Mustang Cobra","Yellow","1998","Ringwood","NJ","","craashjr@aol.com"
"15","2","24","AJ Hartman","American Iron","1:32.579","19","1 Lap","24.332","90","Ford","Mustang GT","Blue","1999","Clementon","NJ","","adam_hartman@hotmail.com"
"16","6","59","Michael Goulde","GTS3","1:38.344","18","2 Laps","29.409","70","BMW","328is","Black","1996","Needham Heights","MA","","mgoulde@gmail.com"
"17","1","34","Andrew Hadjiminas","GTS4","1:41.332","17","3 Laps","1 Lap","100","Audi","S4","Yellow","2001","Brooklyn","NY","","adnrew@vespabk.com"
"18","1","700","Tom Saunders","GTSU","1:41.341","17","3 Laps","18.749","100","Porsche","Cayman S","Black","2006","Berdardsville","NJ","AS Software, Inc.","tgsaunders2@gmail.com"
"19","3","70","Albert Watson","American Iron","1:33.274","11","9 Laps","6 Laps","85","Ford","Mustang","White","1989","Cranford","NJ","","al_streetmotorsports@hotmail.com"
"DNF","DNF","11","Patrick McMahon","Super Touring 2","1:48.737","1","DNF","10 Laps","90","Factory Five","Spec Cobra","Gray/Black","","Danville","NH","","patmcmahonracing@yahoo.com"
"DQ","DQ","85","John DeFelice","GTS3","1:30.761","19","DQ","","0","BMW","M3","Silver","2005","Oceanside","NY","SOH","jdefelice@strianoelectric.com"
"DQ","DQ","891","Tom Otis","American Iron Extreme","1:40.302","15","DQ","","0","Ford","Mustang","Blue","","","","",""
