"Pos","PIC","No.","Name","Class","Best Tm","Laps","Diff","Gap","Points","Make","Model","Color","Year","City","State","Sponsor","Email"
"1","1","187","Edgar Cabrera","GTS3","1:22.335","17","","","100","BMW","M3","Gray","2004","Santo Domingo","DR","IMC","hopofthese@aol.com"
"2","2","85","John DeFelice","GTS3","1:23.108","17","11.625","11.625","90","BMW","M3","Silver","2005","Oceanside","NY","SOH","jdefelice@strianoelectric.com"
"3","1","923","Peter McIntosh II","Super Touring 2","1:27.518","17","1:04.277","52.652","100","Chevrolet","Corvette","Magnetic Red","","","","",""
"4","1","274","Michal Kuna","GTS4","1:26.943","17","1:23.310","19.033","100","BMW","M3","Maroon","","","","",""
"5","1","24","AJ Hartman","American Iron","1:28.977","17","1:24.569","1.259","100","Ford","Mustang GT","Blue","1999","Clementon","NJ","","adam_hartman@hotmail.com"
"6","2","44","Dan Carlson","American Iron","1:28.809","17","1:48.884","24.315","90","Ford","Mustang","Black","1995","Northport","NY","Realspeed Automotive","dcarlson@real-speed.com"
"7","2","166","Mathieu Lussier","GTS4","1:29.209","16","1 Lap","1 Lap","90","BMW","M3","Gray/Orange","2005","","","",""
"8","3","70","Albert Watson","American Iron","1:30.244","16","1 Lap","5.158","85","Ford","Mustang","White","1989","Cranford","NJ","","al_streetmotorsports@hotmail.com"
"9","3","716","Phil Parlato","GTS4","1:27.741","16","1 Lap","1.059","85","BMW","","White/Red/Black","","","","",""
"10","3","22","Hugh Stewart","GTS3","1:27.613","16","1 Lap","5.057","85","BMW","328","Black","1992","","","",""
"11","4","135","Carl Mehne","GTS3","1:28.154","16","1 Lap","8.770","80","BMW","135","Gray","","","","",""
"12","1","55","Paul Plemenos","Super Touring 1","1:26.557","16","1 Lap","0.568","100","Chevrolet","Corvette Z06","Blue","2006","Lake Hopatcong","NJ","","Pauliep777@me.com"
"13","2","120","Mike Fuchswanz","Super Touring 2","1:30.084","16","1 Lap","4.664","90","Chevrolet","Corvette","Black","","","","",""
"14","5","161","Michael Gershanok","GTS3","1:27.598","16","1 Lap","0.686","75","BMW","M3","Silver/Red","2002","Edgewater","NJ","",""
"15","6","9","Stephan Laputka","GTS3","1:29.110","16","1 Lap","3.194","70","Porsche","944 Turbo","Red/White","1989","","","","stephan.laputka@gmail.com"
"16","7","2","Damon Galmin","GTS3","1:30.511","16","1 Lap","15.289","69","BMW","M3","White","","","","",""
"17","4","91","Raphael S Prato Jr","American Iron","1:31.783","16","1 Lap","0.894","80","Ford","Mustang Cobra","Yellow","1998","Ringwood","NJ","","craashjr@aol.com"
"18","1","912","Emmet Murphy","Super Unlimited","1:34.393","14","3 Laps","2 Laps","100","Chevrolet","Camaro","Black","1968","","","",""
"19","3","442","Marc Fuchswanz","Super Touring 2","1:41.222","14","3 Laps","22.543","85","Chevrolet","Corvette","Silver","","","","",""
"20","8","89","Rick Goryeb","GTS3","1:37.773","10","7 Laps","4 Laps","68","BMW","325i","Red","1989","","","",""
"DNF","DNF","127","Jonathan Vasquez","GTS3","1:35.673","8","DNF","2 Laps","67","BMW","325i","Green","1992","middle village","NY","","jvracing127@aol.com"
"DNF","DNF","475","Ariel Jurmann","GTS3","1:36.370","3","DNF","5 Laps","66","Porsche","951","Black","1986","","","","ajurmann@gmail.com"
"DNF","DNF","69","Michael Ellis","Super Unlimited","2:40.285","1","DNF","2 Laps","90","Pontiac","Grand Prix","Black","2005","Wayne","PA","Teresa's Cafe","mellis112@me.com"
