"Pos","PIC","No.","Name","Class","Best Tm","Laps","Diff","Gap","Points","Make","Model","Color","Year","City","State","Sponsor","Email"
"1","1","738","Jose Suero","Honda Chal 1","1:31.990","16","","","100","Honda","S2000","Red","2005","Elmsford","NY","","josesuero16@gmail.com"
"2","1","112","Daniel Koch","Super Touring 4","1:32.995","16","1.844","1.844","50","BMW","M3","Black","1995","Wappingers Falls","NY","Killa' Beez","daniel_koch@steris.com"
"3","1","7","Jan Wang","Honda Chal 2","1:35.101","16","33.779","31.935","100","Honda","Civic","Red","1992","Tenafly","NJ","#redteam","JanWang74@aol.com"
"4","2","46","Michael Fries","Honda Chal 2","1:35.396","16","40.729","6.950","90","Honda","S2000","Yellow","2008","Westernville","NY","Lifted","mfries@twcny.rr.com"
"5","1","66","Brian Sewell","Super Touring 5","1:35.755","16","45.395","4.666","100","BMW","M3","Blue","1998","Boalsburg","PA","","Garyalpusa@gmail.com"
"6","3","219","Lenny Hong","Honda Chal 2","1:35.536","16","50.477","5.082","85","Acura","Integra","Red/Black","1997","Santa Monica","CA","#redteam","lennyhong@gmail.com"
"7","2","333","Vaughn Hoplamazian","Super Touring 5","1:35.165","16","50.777","0.300","90","Mazda","MX-5","Red","2006","Brookhaven","PA","Brookhaven Auto Center","vaughn.hoplamazian@gmail.com"
"8","4","9","Anthony Robison","Honda Chal 2","1:36.817","16","1:06.167","15.390","80","Honda","Civic","White","1992","Bensalem","PA","","tony@fortrob.com"
"9","2","802","Daniel Honovich","Honda Chal 1","1:33.693","16","1:09.281","3.114","90","Honda","S2000","D.Gray","2002","Carmel","NY","www.MossbergOwners.com","sales@danhonovich.com"
"10","3","92G","Lev Uretsky","Super Touring 5","1:37.207","16","1:10.056","0.775","85","Mazda","MX-5","Red/White","2016","Brooklyn","NY","Digital Ocean","russian.antique@gmail.com"
"11","1","415","Michael Smith","Spec Miata","1:36.968","16","1:16.242","6.186","100","Mazda","Miata","Blue","2003","Clay","NY","Spec13 Motorsports","mbsmit05@gmail.com"
"12","2","370","Chris Graham","Spec Miata","1:37.880","16","1:17.830","1.588","90","Mazda","Miata","Green","1994","Fayetteville","NY","","Cgraham278@gmail.com"
"13","3","14","David Deerson","Spec Miata","1:38.386","16","1:20.112","2.282","85","Mazda","Miata","White","2002","South River","NJ","","daviddeerson@yahoo.com"
"14","1","74G","Robert Grace","SpecE30","1:36.968","16","1:27.832","7.720","100","BMW","325i","Orange","1990","Sterling","VA","","robertgrace.h@gmail.com"
"15","2","20","James Mertz","SpecE30","1:36.417","16","1:28.590","0.758","90","BMW","E30","Red","1991","Saylorsburg","PA","StoogeMoe Racing","goldie83@ptd.net"
"16","3","391","Jason Griscavage","SpecE30","1:37.048","16","1:29.424","0.834","85","BMW","325is","Multicolor","1989","Springfield","VA","AKG Motorsport","jasongriscavage@yahoo.com"
"17","4","313","Jim Tramontano","Spec Miata","1:38.565","16","1:29.532","0.108","80","Mazda","Miata","White","1996","Lambertville","NJ","Infamous Jim's Auto Art","jimtramontano@gmail.com"
"18","4","77","Team Curran-Casella","SpecE30","1:36.847","16","1:30.120","0.588","80","BMW","325is","White/Green","1989","","","",""
"19","1","6126","Damien Price","Honda Chal 4","1:38.385","16","1:31.790","1.670","100","Honda","Civic","Silver","1997","Belleville","NJ","Hollow Tree Candle Co.","afterdarkmotorsports@gmail.com"
"20","5","477","Christopher Allen","SpecE30","1:36.981","16","1:32.311","0.521","75","BMW","325is","Gray","1988","Rydal","PA","","chrisblakeallen@gmail.com"
"21","2","139","Dillon Brennan","Honda Chal 4","1:38.327","16","1:33.603","1.292","90","Honda","Civic","Red","1993","Trevose","PA","Babie Deebus Racing","10dsbrennan@gmail.com"
"22","6","76","TJ Yard","SpecE30","1:37.568","15","1 Lap","1 Lap","70","BMW","325i","D.Gray","1991","Manasquan","NJ","","timjyard@gmail.com"
"23","5","194","Jeffrey Lombardo","Spec Miata","1:39.773","15","1 Lap","5.788","75","Mazda","Miata","Red/Black","1992","Roxbury","CT","","jeffrey.lombardo@gmail.com"
"24","6","888","Daniel Kim","Spec Miata","1:39.085","15","1 Lap","0.955","70","Mazda","Miata","White","1999","Montville","NJ","","danhkim84@gmail.com"
"25","7","89","Andrew Zimmerman","SpecE30","1:37.617","15","1 Lap","3.203","69","BMW","325i","Black","1989","","","Drivegear",""
"26","8","761","Michael Kovac","SpecE30","1:37.529","15","1 Lap","2.208","68","BMW","325i","Yellow/Red/Black","1988","Bloomfield","NJ","Drivegear","euroe28m5@gmail.com"
"27","9","325G","Michael Dayton","SpecE30","1:38.075","15","1 Lap","2.086","67","BMW","","Gray","1988","Culpeper","VA","","mdayton@millsdayton.com"
"28","10","762","Matthew Herd","SpecE30","1:38.012","15","1 Lap","0.493","66","BMW","325i","White","1989","Lyndell","PA","","herd.matt@gmail.com"
"29","3","386","Brian Lenahan","Honda Chal 4","1:40.514","15","1 Lap","9.629","85","Acura","Integra","White","1993","Clifton","NJ","","blenahan973@gmail.com"
"30","11","466","Christian Sandmann","SpecE30","1:39.111","15","1 Lap","7.204","65","BMW","325is","White","1989","Wayne","NJ","MSC Gross B�lten e.V. im ADAC","csandmann@mac.com"
"31","4","69","Alex Herman","Honda Chal 4","1:40.800","15","1 Lap","6.727","80","Acura","Integra","Silver","1997","Philadelphia","PA","","alexx.herman@gmail.com"
"32","12","182G","Richard Montoni","SpecE30","1:40.091","15","1 Lap","0.772","64","BMW","325is","Green","1987","Baltimore","MD","","rmontoni1@gmail.com"
"33","5","49","Kallie Kanakos","Honda Chal 4","1:40.488","15","1 Lap","2.409","75","Acura","Integra","Gray","1999","Valley Stream","NY","","k.kanakos@aol.com"
"34","13","616","Jay Menzo","SpecE30","1:40.157","15","1 Lap","1.403","63","BMW","E30","Orange","1987","Brick","NJ","NJ Bent Wheel","jjmenzo@yahoo.com"
"35","14","141","Ed Cangialosi","SpecE30","1:39.348","15","1 Lap","2.300","62","BMW","325","Black","1987","White Plains","NY","Reparto Corse","edcangialosi@gmail.com"
"36","15","619G","Jorge Giovannini","SpecE30","1:41.390","15","1 Lap","7.459","61","BMW","325i","Black","1989","Charlottesville","VA","","jorge.giovannini90@gmail.com"
"37","16","13G","James Colson","SpecE30","1:41.344","15","1 Lap","0.120","60","BMW","325i","Black","1989","","","",""
"38","17","722","Evan Luce","SpecE30","1:40.821","15","1 Lap","0.267","59","BMW","325i","Blue","1987","Langhorn","PA","Condor Speed Shop / VAC Motorsports","evanrluce@gmail.com"
"39","18","73","Derek Ody","SpecE30","1:40.811","15","1 Lap","0.852","58","BMW","318i","Black","1984","Neptune","NJ","","derekody@gmail.com"
"40","19","87","Leo Massarani","SpecE30","1:42.006","15","1 Lap","11.779","57","BMW","325is","White/Green","1987","","","Drivegear",""
"41","20","520","Larry Marks","SpecE30","1:42.764","14","2 Laps","1 Lap","56","BMW","318is","White","1990","South Windsor","CT","","nomowhal@gmail.com"
"42","21","230G","Tian Xi","SpecE30","1:42.185","14","2 Laps","0.453","55","BMW","E30","Multicolor","","","","",""
"43","5","373","Nathan Bookbinder","Honda Chal 2","1:36.550","13","3 Laps","1 Lap","75","Acura","Integra","White/Blue/Orange","1996","Middletown","NY","","nbookbinder@gmail.com"
"44","22","153","Sam Jadczak","SpecE30","1:42.107","13","3 Laps","1:27.779","54","BMW","325i","Bronze/D.Red","1989","Horsham","PA","PJ Auto Repair","samjadczak@yahoo.com"
"45","6","358","Kenneth Martinez","Honda Chal 4","1:37.918","11","5 Laps","2 Laps","70","Acura","Integra","White","1996","Plainfield","NJ","","kennethmartinez35@yahoo.com"
"46","23","36","Robert Casella","SpecE30","1:35.894","10","6 Laps","1 Lap","53","BMW","325is","Black","1990","Pompton Plains","NJ","Axle Casella","rcasella18@aol.com"
"47","7","27","Devin Gregory","Spec Miata","1:38.012","10","6 Laps","25.629","69","Mazda","Miata","Red","1991","Redding","CT","EFI Logics","dpgregory@gregory-builders.com"
"48","8","18","Benjamin Miller","Spec Miata","1:37.846","8","8 Laps","2 Laps","68","Mazda","Miata","Red","1991","Midland Park","NJ","EFI Logics","benm@milleraa.com"
"DNF","DNF","86","Scott Smith","SpecE30","1:42.939","7","DNF","1 Lap","27","BMW","325","White/Gray/Black","1986","Chester","CT","","scott.w.smith@pfizer.com"
"DNF","DNF","206","Marc Dias","Honda Chal 2","1:37.009","4","DNF","3 Laps","37","Honda","Civic","White","1992","Valley Stream","NY","Project One Motorsport","Mdias206@gmail.com"
"DQ","DQ","60","Kurt Washeim","Super Touring 5","1:33.967","16","DQ","","0","Mini","R-58 Coupe","D.Gray/Red","2012","Lake Hopatcong","NJ","Heinlein Racing Development","cadmad@optonline.net"
