"Pos","PIC","No.","Name","Class","Best Tm","Laps","Diff","Gap","Points","Make","Model","Color","Year","City","State","Sponsor","Email"
"1","1","112","Daniel Koch","Super Touring 4","1:32.492","18","","","50","BMW","M3","Black","1995","Wappingers Falls","NY","Killa' Beez","daniel_koch@steris.com"
"2","1","738","Jose Suero","Honda Chal 1","1:32.160","18","7.253","7.253","100","Honda","S2000","Red","2005","Elmsford","NY","","josesuero16@gmail.com"
"3","1","60","Kurt Washeim","Super Touring 5","1:34.110","18","39.449","32.196","100","Mini","R-58 Coupe","D.Gray/Red","2012","Lake Hopatcong","NJ","Heinlein Racing Development","cadmad@optonline.net"
"4","1","7","Jan Wang","Honda Chal 2","1:34.285","18","49.617","10.168","100","Honda","Civic","Red","1992","Tenafly","NJ","#redteam","JanWang74@aol.com"
"5","2","66","Gary Alpert","Super Touring 5","1:35.883","18","55.088","5.471","90","BMW","M3","Blue","1998","Boalsburg","PA","","Garyalpusa@gmail.com"
"6","2","219","Lenny Hong","Honda Chal 2","1:35.403","18","56.720","1.632","90","Acura","Integra","Red/Black","1997","Santa Monica","CA","#redteam","lennyhong@gmail.com"
"7","3","46","Michael Fries","Honda Chal 2","1:35.384","18","57.236","0.516","85","Honda","S2000","Yellow","2008","Westernville","NY","Lifted","mfries@twcny.rr.com"
"8","3","333","Vaughn Hoplamazian","Super Touring 5","1:35.786","18","59.168","1.932","85","Mazda","MX-5","Red","2006","Brookhaven","PA","Brookhaven Auto Center","vaughn.hoplamazian@gmail.com"
"9","1","18","Benjamin Miller","Spec Miata","1:37.046","18","1:03.044","3.876","100","Mazda","Miata","Red","1991","Midland Park","NJ","EFI Logics","benm@milleraa.com"
"10","2","27","Devin Gregory","Spec Miata","1:37.082","18","1:05.966","2.922","90","Mazda","Miata","Red","1991","Redding","CT","EFI Logics","dpgregory@gregory-builders.com"
"11","4","9","Anthony Robison","Honda Chal 2","1:35.934","18","1:09.640","3.674","80","Honda","Civic","White","1992","Bensalem","PA","","tony@fortrob.com"
"12","3","415","Michael Smith","Spec Miata","1:37.346","18","1:09.712","0.072","85","Mazda","Miata","Blue","2003","Clay","NY","Spec13 Motorsports","mbsmit05@gmail.com"
"13","5","206","Marc Dias","Honda Chal 2","1:36.157","18","1:10.990","1.278","75","Honda","Civic","White","1992","Valley Stream","NY","Project One Motorsport","Mdias206@gmail.com"
"14","4","14","David Deerson","Spec Miata","1:37.991","18","1:26.276","15.286","80","Mazda","Miata","White","2002","South River","NJ","","daviddeerson@yahoo.com"
"15","1","74G","Robert Grace","SpecE30","1:36.477","18","1:27.498","1.222","100","BMW","325i","Orange","1990","Sterling","VA","","robertgrace.h@gmail.com"
"16","2","36","Robert Casella","SpecE30","1:36.380","18","1:30.217","2.719","90","BMW","325is","Black","1990","Pompton Plains","NJ","Axle Casella","rcasella18@aol.com"
"17","3","477","Christopher Allen","SpecE30","1:36.550","18","1:30.244","0.027","85","BMW","325is","Gray","1988","Rydal","PA","","chrisblakeallen@gmail.com"
"18","5","370","Chris Graham","Spec Miata","1:38.109","18","1:32.826","2.582","75","Mazda","Miata","Green","1994","Fayetteville","NY","","Cgraham278@gmail.com"
"19","4","391","Jason Griscavage","SpecE30","1:36.218","18","1:33.809","0.983","80","BMW","325is","Multicolor","1989","Springfield","VA","AKG Motorsport","jasongriscavage@yahoo.com"
"20","5","20","James Mertz","SpecE30","1:36.793","18","1:34.365","0.556","75","BMW","E30","Red","1991","Saylorsburg","PA","StoogeMoe Racing","goldie83@ptd.net"
"21","6","313","Jim Tramontano","Spec Miata","1:38.120","18","1:38.077","3.712","70","Mazda","Miata","White","1996","Lambertville","NJ","Infamous Jim's Auto Art","jimtramontano@gmail.com"
"22","1","139","Dillon Brennan","Honda Chal 4","1:37.516","18","1:41.419","3.342","100","Honda","Civic","Red","1993","Trevose","PA","Babie Deebus Racing","10dsbrennan@gmail.com"
"23","2","6126","Damien Price","Honda Chal 4","1:37.347","18","1:42.691","1.272","90","Honda","Civic","Silver","1997","Belleville","NJ","Hollow Tree Candle Co.","afterdarkmotorsports@gmail.com"
"24","7","888","Daniel Kim","Spec Miata","1:38.388","17","1 Lap","1 Lap","69","Mazda","Miata","White","1999","Montville","NJ","","danhkim84@gmail.com"
"25","6","71","Ray Prato","SpecE30","1:36.930","17","1 Lap","2.784","70","BMW","325is","Silver","1989","Ringwood","NJ","","raypratojr@gmail.com"
"26","7","76","TJ Yard","SpecE30","1:37.192","17","1 Lap","2.291","69","BMW","325i","D.Gray","1991","Manasquan","NJ","","timjyard@gmail.com"
"27","8","761","Michael Kovac","SpecE30","1:37.238","17","1 Lap","0.232","68","BMW","325i","Yellow/Red/Black","1988","Bloomfield","NJ","Drivegear","euroe28m5@gmail.com"
"28","9","77","Team Curran-Casella","SpecE30","1:36.651","17","1 Lap","0.233","67","BMW","325is","White/Green","1989","","","",""
"29","8","194","Jeffrey Lombardo","Spec Miata","1:40.065","17","1 Lap","13.890","68","Mazda","Miata","Red/Black","1992","Roxbury","CT","","jeffrey.lombardo@gmail.com"
"30","10","325G","Michael Dayton","SpecE30","1:38.500","17","1 Lap","10.850","66","BMW","","Gray","1988","Culpeper","VA","","mdayton@millsdayton.com"
"31","11","182G","Richard Montoni","SpecE30","1:38.438","17","1 Lap","4.009","65","BMW","325is","Green","1987","Baltimore","MD","","rmontoni1@gmail.com"
"32","12","762","Matthew Herd","SpecE30","1:38.157","17","1 Lap","0.636","64","BMW","325i","White","1989","Lyndell","PA","","herd.matt@gmail.com"
"33","13","89","Jay Parmenter","SpecE30","1:38.715","17","1 Lap","4.117","63","BMW","325i","Black","1989","","","Drivegear",""
"34","14","619G","Jorge Giovannini","SpecE30","1:38.935","17","1 Lap","1.149","62","BMW","325i","Black","1989","Charlottesville","VA","","jorge.giovannini90@gmail.com"
"35","3","358","Kenneth Martinez","Honda Chal 4","1:39.045","17","1 Lap","0.963","85","Acura","Integra","White","1996","Plainfield","NJ","","kennethmartinez35@yahoo.com"
"36","4","386","Brian Lenahan","Honda Chal 4","1:38.532","17","1 Lap","6.807","80","Acura","Integra","White","1993","Clifton","NJ","","blenahan973@gmail.com"
"37","15","616","Jay Menzo","SpecE30","1:39.329","17","1 Lap","3.350","61","BMW","E30","Orange","1987","Brick","NJ","NJ Bent Wheel","jjmenzo@yahoo.com"
"38","16","86","Scott Smith","SpecE30","1:39.430","17","1 Lap","1.868","60","BMW","325","White/Gray/Black","1986","Chester","CT","","scott.w.smith@pfizer.com"
"39","17","96","Peter Raymond","SpecE30","1:39.459","17","1 Lap","7.561","59","BMW","318is","White","1991","Clarks Summit","PA","","ptrskycam@yahoo.com"
"40","18","466","Christian Sandmann","SpecE30","1:38.873","17","1 Lap","2.713","58","BMW","325is","White","1989","Wayne","NJ","MSC Gross B�lten e.V. im ADAC","csandmann@mac.com"
"41","19","141","Ed Cangialosi","SpecE30","1:38.771","17","1 Lap","3.901","57","BMW","325","Black","1987","White Plains","NY","Reparto Corse","edcangialosi@gmail.com"
"42","20","73","Derek Ody","SpecE30","1:40.153","17","1 Lap","10.943","56","BMW","318i","Black","1984","Neptune","NJ","","derekody@gmail.com"
"43","5","69","Alex Herman","Honda Chal 4","1:41.421","17","1 Lap","2.593","75","Acura","Integra","Silver","1997","Philadelphia","PA","","alexx.herman@gmail.com"
"44","21","153","Sam Jadczak","SpecE30","1:40.116","17","1 Lap","0.595","55","BMW","325i","Bronze/D.Red","1989","Horsham","PA","PJ Auto Repair","samjadczak@yahoo.com"
"45","22","722","Evan Luce","SpecE30","1:40.209","17","1 Lap","0.193","54","BMW","325i","Blue","1987","Langhorn","PA","Condor Speed Shop / VAC Motorsports","evanrluce@gmail.com"
"46","23","13G","James Colson","SpecE30","1:38.416","17","1 Lap","8.560","53","BMW","325i","Black","1989","","","",""
"47","6","49","Kallie Kanakos","Honda Chal 4","1:40.393","17","1 Lap","7.957","70","Acura","Integra","Gray","1999","Valley Stream","NY","","k.kanakos@aol.com"
"48","24","87","Leo Massarani","SpecE30","1:41.768","16","2 Laps","1 Lap","52","BMW","325is","White/Green","1987","","","Drivegear",""
"49","25","520","Larry Marks","SpecE30","1:41.385","16","2 Laps","5.275","51","BMW","318is","White","1990","South Windsor","CT","","nomowhal@gmail.com"
"50","26","230G","Tian Xi","SpecE30","1:42.059","16","2 Laps","14.208","50","BMW","E30","Multicolor","","","","",""
"DNF","DNF","92G","Lev Uretsky","Super Touring 5","1:38.614","7","DNF","9 Laps","43","Mazda","MX-5","Red/White","2016","Brooklyn","NY","Digital Ocean","russian.antique@gmail.com"
