"Pos","PIC","No.","Name","Class","Best Tm","Laps","Diff","Gap","Points","Make","Model","Color","Year","City","State","Sponsor","Email"
"1","1","428","Brian Goodman","GTS2","1:48.413","11","","","100","BMW","M3","Yellow","1995","Southport","CT","","7493495"
"2","1","58","Chris Sullivan","Spec E46","1:48.410","11","0.823","0.823","100","BMW","330ci","Orange/Black","2001","Milford","MA","","csullivanracing38@hotmail.com"
"3","2","119","Mark Santerian","GTS2","1:50.485","11","2.032","1.209","90","BMW","3 Series","White","1994","Glennmills","PA","","msanterian01@gmail.com"
"4","3","60","Kurt Washeim","GTS2","1:50.266","11","2.785","0.753","85","Mini","R-58 Coupe","D.Gray/Red","2012","Lake Hopatcong","NJ","Heinlein Racing Development","cadmad@optonline.net"
"5","1","7","Jan Wang","Honda Chal 2","1:51.915","11","4.902","2.117","100","Honda","Civic","Red","1992","Tenafly","NJ","#redteam","JanWang74@aol.com"
"6","1","767","Will Lambros","Spec Miata","1:52.813","11","5.621","0.719","100","Mazda","Miata","Silver","1999","Montauk","NY","WilliamDeanPlatinum/Precimet/SkipBarber","williamlambros2003@gmail.com"
"7","2","18","Benjamin Miller","Spec Miata","1:53.366","11","5.673","0.052","90","Mazda","Miata","Red","1991","Midland Park","NJ","EFI Logics","benm@milleraa.com"
"8","3","27","Devin Gregory","Spec Miata","1:52.778","11","6.186","0.513","85","Mazda","Miata","Red","1991","Redding","CT","EFI Logics","dpgregory@gregory-builders.com"
"9","4","757","Dean Lambros","Spec Miata","1:53.342","11","6.834","0.648","80","Mazda","Miata","Red/White","1991","Northport","NY","","gfly11954@gmail.com"
"10","1","6126","Damien Price","Honda Chal 4","1:55.063","11","7.667","0.833","100","Honda","Civic","Silver","1997","Belleville","NJ","Hollow Tree Candle Co.","afterdarkmotorsports@gmail.com"
"11","5","888","Daniel Kim","Spec Miata","1:53.384","11","8.273","0.606","75","Mazda","Miata","White","1999","Montville","NJ","","danhkim84@gmail.com"
"12","2","139","Dillon Brennan","Honda Chal 4","1:54.885","11","8.884","0.611","90","Honda","Civic","Red","1993","Trevose","PA","Babie Deebus Racing","10dsbrennan@gmail.com"
"13","6","313","Jim Tramontano","Spec Miata","1:54.317","11","9.943","1.059","70","Mazda","Miata","White","1996","Lambertville","NJ","Infamous Jim's Auto Art","jimtramontano@gmail.com"
"14","2","219","Lenny Hong","Honda Chal 2","1:53.354","11","10.985","1.042","90","Acura","Integra","Red/Black","1997","Santa Monica","CA","#redteam","lennyhong@gmail.com"
"15","3","373","Nathan Bookbinder","Honda Chal 2","1:56.841","11","3:53.564","3:36.758","85","Acura","Integra","White/Blue/Orange","1996","Middletown","NY","","nbookbinder@gmail.com"
"16","4","9","Anthony Robison","Honda Chal 2","1:55.785","11","12.427","1.442","80","Honda","Civic","White","1992","Bensalem","PA","","tony@fortrob.com"
"17","1","86","Scott Smith","SpecE30","1:54.920","11","13.373","0.269","100","BMW","325","White/Gray/Black","1986","Chester","CT","","scott.w.smith@pfizer.com"
"18","2","71","Ray Prato","SpecE30","1:55.452","11","13.867","0.339","90","BMW","325is","Silver","1989","Ringwood","NJ","","raypratojr@gmail.com"
"19","3","466","Christian Sandmann","SpecE30","1:56.646","11","13.528","0.155","85","BMW","325is","White","1989","Wayne","NJ","MSC Gross B�lten e.V. im ADAC","csandmann@mac.com"
"20","4","141","Ed Cangialosi","SpecE30","1:57.138","11","13.104","0.677","80","BMW","325","Black","1987","White Plains","NY","Reparto Corse","edcangialosi@gmail.com"
"21","7","194","Jeffrey Lombardo","Spec Miata","1:57.059","11","14.655","0.788","69","Mazda","Miata","Red/Black","1992","Roxbury","CT","","jeffrey.lombardo@gmail.com"
"22","2","149","Steve Coppola","Spec E46","1:57.033","11","16.806","2.151","90","BMW","330ci","Black/Red","2001","Guilford","CT","","coppolas53@gmail.com"
"23","5","520","Larry Marks","SpecE30","2:00.118","10","1 Lap","1 Lap","75","BMW","318is","White","1990","South Windsor","CT","","nomowhal@gmail.com"
"24","3","49","Kallie Kanakos","Honda Chal 4","2:05.362","10","1 Lap","2.165","85","Acura","Integra","White/Pink","1999","Valley Stream","NY","","k.kanakos@aol.com"
"25","6","315","Tom Samuelson","SpecE30","2:01.110","10","1 Lap","0.651","70","BMW","325","Gray","1987","Marblehead","MA","","tom@tomsamuelson.com"
"26","1","285","Christopher Carter","Honda Chal 1","1:50.182","9","2 Laps","1 Lap","50","Honda","Civic","Black/Gray/Green","1992","Webster","MA","","christophercarter285@gmail.com"
"DNF","DNF","305","Nick DeRosa","GTS2","1:45.408","5","DNF","4 Laps","43","BMW","M3","Silver","1999","","","",""
"DNF","DNF","203","Jeffrey Daigle","GTS2","","1","DNF","","43","BMW","M3","White","1995","Richmond","MA","","jeffrey.daigle@gmail.com"
