"Pos","PIC","No.","Name","Class","Overall BestTm","Appeared","Diff","Gap","Points","Make","Model","Color","Year","City","State","Sponsor","Email"
"1","1","50","Anthony Nick","TTU","1:42.082","1","","","100","Chevrolet","Corvette Z06","Blue","2007","Penfield","NY","","agnick5@yahoo.com"
"2","2","800G","Amanda Thorne","TTU","1:43.275","3","1.193","1.193","90","BMW","M3","Black","1995","Newtown","PA","","amandathorne915@gmail.com"
"3","1","40","Mihai Mocean","TT3","1:48.134","2","6.052","4.859","100","BMW","M3","Silver","2004","Fort Lee","NJ","","mikkadam@yahoo.com"
"4","1","868","Michael Filosi","TT5","1:50.082","1","8.000","1.948","100","Honda","S2000","Silver","2000","Liverpool","NY","Spec 13 Motorsports","filosi13b@gmail.com"
"5","3","49","Kallie Kanakos","TTU","2:01.202","2","19.120","11.120","85","Acura","Integra","White/Pink","1999","Valley Stream","NY","","k.kanakos@aol.com"
"6","4","67","Robert England","TTU","2:02.790","1","20.708","1.588","80","Porsche","","Red","","Littleton","MA","RACRE","robert_england@msn.com"
