"Pos","PIC","No.","Name","Class","Best Tm","Laps","Diff","Gap","Points","Make","Model","Color","Year","City","State","Sponsor","Email"
"1","1","58","Chris Sullivan","Spec E46","1:49.279","15","","","100","BMW","330ci","Orange/Black","2001","Milford","MA","","csullivanracing38@hotmail.com"
"2","1","60","Kurt Washeim","GTS2","1:49.979","15","21.285","21.285","100","Mini","R-58 Coupe","D.Gray/Red","2012","Lake Hopatcong","NJ","Heinlein Racing Development","cadmad@optonline.net"
"3","1","219","Lenny Hong","Honda Chal 2","1:53.343","15","1:02.698","41.413","100","Acura","Integra","Red/Black","1997","Santa Monica","CA","#redteam","lennyhong@gmail.com"
"4","1","18","Benjamin Miller","Spec Miata","1:52.530","15","1:03.556","0.858","100","Mazda","Miata","Red","1991","Midland Park","NJ","EFI Logics","benm@milleraa.com"
"5","2","767","Will Lambros","Spec Miata","1:52.631","15","1:04.457","0.901","90","Mazda","Miata","Silver","1999","Montauk","NY","WilliamDeanPlatinum/Precimet/SkipBarber","williamlambros2003@gmail.com"
"6","3","27","Devin Gregory","Spec Miata","1:52.830","15","1:13.787","9.330","85","Mazda","Miata","Red","1991","Redding","CT","EFI Logics","dpgregory@gregory-builders.com"
"7","2","373","Nathan Bookbinder","Honda Chal 2","1:54.631","15","1:16.624","2.837","90","Acura","Integra","White/Blue/Orange","1996","Middletown","NY","","nbookbinder@gmail.com"
"8","3","9","Anthony Robison","Honda Chal 2","1:54.835","15","1:17.274","0.650","85","Honda","Civic","White","1992","Bensalem","PA","","tony@fortrob.com"
"9","4","888","Daniel Kim","Spec Miata","1:53.833","15","1:23.891","6.617","80","Mazda","Miata","White","1999","Montville","NJ","","danhkim84@gmail.com"
"10","2","119","Mark Santerian","GTS2","1:48.971","15","1:24.140","0.249","90","BMW","3 Series","White","1994","Glennmills","PA","","msanterian01@gmail.com"
"11","5","313","Jim Tramontano","Spec Miata","1:53.236","15","1:25.639","1.499","75","Mazda","Miata","White","1996","Lambertville","NJ","Infamous Jim's Auto Art","jimtramontano@gmail.com"
"12","4","7","Jan Wang","Honda Chal 2","1:53.499","15","1:30.807","5.168","80","Honda","Civic","Red","1992","Tenafly","NJ","#redteam","JanWang74@aol.com"
"13","1","6126","Damien Price","Honda Chal 4","1:55.887","15","1:33.181","2.374","100","Honda","Civic","Silver","1997","Belleville","NJ","Hollow Tree Candle Co.","afterdarkmotorsports@gmail.com"
"14","2","139","Dillon Brennan","Honda Chal 4","1:55.928","15","1:33.708","0.527","90","Honda","Civic","Red","1993","Trevose","PA","Babie Deebus Racing","10dsbrennan@gmail.com"
"15","2","149","Steve Coppola","Spec E46","1:55.211","15","1:39.332","5.624","90","BMW","330ci","Black/Red","2001","Guilford","CT","","coppolas53@gmail.com"
"16","1","86","Scott Smith","SpecE30","1:55.157","15","1:56.716","17.384","100","BMW","325","White/Gray/Black","1986","Chester","CT","","scott.w.smith@pfizer.com"
"17","6","194","Jeffrey Lombardo","Spec Miata","1:57.874","14","1 Lap","1 Lap","70","Mazda","Miata","Red/Black","1992","Roxbury","CT","","jeffrey.lombardo@gmail.com"
"18","3","49","Kallie Kanakos","Honda Chal 4","1:59.769","14","1 Lap","1.509","85","Acura","Integra","White/Pink","1999","Valley Stream","NY","","k.kanakos@aol.com"
"19","2","315","Tom Samuelson","SpecE30","2:00.735","14","1 Lap","23.405","90","BMW","325","Gray","1987","Marblehead","MA","","tom@tomsamuelson.com"
"20","3","520","Larry Marks","SpecE30","2:00.201","14","1 Lap","4.579","85","BMW","318is","White","1990","South Windsor","CT","","nomowhal@gmail.com"
"21","3","305","Nick DeRosa","GTS2","1:45.958","8","7 Laps","6 Laps","85","BMW","M3","Silver","1999","","","",""
"DNF","DNF","757","Dean Lambros","Spec Miata","1:52.649","7","DNF","1 Lap","35","Mazda","Miata","Red/White","1991","Northport","NY","","gfly11954@gmail.com"
"DNF","DNF","466","Christian Sandmann","SpecE30","2:58.987","1","DNF","6 Laps","43","BMW","325is","White","1989","Wayne","NJ","MSC Gross B�lten e.V. im ADAC","csandmann@mac.com"
