"Pos","PIC","No.","Name","Class","Best Tm","Laps","Diff","Gap","Points","Make","Model","Color","Year","City","State","Sponsor","Email"
"1","1","50G","Scott Blair","GTS2","2:08.848","13","","","100","BMW","M3","Red","1995","Leesburg","VA","GTPeace Automotive","joenationwide@yahoo.com"
"2","2","203","Jeffrey Daigle","GTS2","2:10.069","13","13.804","13.804","90","BMW","M3","White","1995","Richmond","MA","","jeffrey.daigle@gmail.com"
"3","3","121","Douglas Horton","GTS2","2:09.856","13","22.777","8.973","85","BMW","M3","White","1995","Brooklyn","NY","","doug.bmxdude77@gmail.com"
"4","4","345","Christina Lam","GTS2","2:12.855","13","48.236","25.459","80","BMW","M3","Black","1998","Vienna","VA","","clicketyclam@gmail.com"
"5","1","37","Brian Casella","Honda Chal 2","2:15.119","13","1:35.132","46.896","100","Acura","Integra Type R","White/Orange","1999","Pompton Plains","NJ","#whiteteam","briancasella@gmail.com"
"6","1","149","Steve Coppola","Spec E46","2:17.408","13","1:50.785","15.653","100","BMW","330ci","Black/Red","2001","Guilford","CT","","coppolas53@gmail.com"
"7","2","7","Jan Wang","Honda Chal 2","2:15.720","13","1:55.491","4.706","90","Honda","Civic","Red","1992","Tenafly","NJ","#redteam","JanWang74@aol.com"
"8","2","177","Joe Fuchs","Spec E46","2:16.390","13","2:03.277","7.786","90","BMW","330","Blue/Gray","2001","","","",""
"9","3","46","Michael Fries","Honda Chal 2","2:16.356","13","2:06.386","3.109","85","Honda","S2000","Yellow","2008","Westernville","NY","Lifted","mfries@twcny.rr.com"
"10","4","517","Zephyr Belski","Honda Chal 2","2:16.822","13","2:08.424","2.038","80","Acura","Integra","L.Blue/Black","1994","Middlesex","NJ","#blueteam","zbelski@gmail.com"
"11","5","219","Lenny Hong","Honda Chal 2","2:17.149","13","2:11.357","2.933","75","Acura","Integra","Red/Black","1997","Santa Monica","CA","#redteam","lennyhong@gmail.com"
"12","1","86","Scott Smith","GTS1","2:19.129","13","2:12.072","0.715","50","BMW","325","Yellow/Red/Black","1986","Chester","CT","","scott.w.smith@pfizer.com"
"13","1","51","Paul Redante","Spec Miata","2:20.119","13","2:18.707","6.635","100","Mazda","Miata","Blue","1999","Ivyland","PA","drmachine.com","pcdrj@verizon.net"
"14","2","18","Benjamin Miller","Spec Miata","2:20.344","13","2:19.678","0.971","90","Mazda","Miata","Red","1991","Midland Park","NJ","EFI Logics","benm@milleraa.com"
"15","6","484","Steven Simmons","Honda Chal 2","2:17.118","12","1 Lap","1 Lap","70","Acura","Integra","White","1996","Rockaway","NJ","#whiteteam","steven.simmons484@gmail.com"
"16","5","530","Michael Sousa","GTS2","2:08.710","12","1 Lap","5.399","75","BMW","M3","Red/Black/White","1997","Coventry","CT","CIP Motorsports","rokkitman1@gmail.com"
"17","7","9","Anthony Robison","Honda Chal 2","2:18.869","12","1 Lap","10.196","69","Honda","Civic","White","1992","Bensalem","PA","","tony@fortrob.com"
"18","8","373","Nathan Bookbinder","Honda Chal 2","2:19.041","12","1 Lap","0.443","68","Acura","Integra","White/Blue/Orange","1996","Middletown","NY","","nbookbinder@gmail.com"
"19","3","14","David Deerson","Spec Miata","2:21.914","12","1 Lap","4.489","85","Mazda","Miata","Blue","","","NJ","",""
"20","4","313","Jim Tramontano","Spec Miata","2:21.727","12","1 Lap","0.443","80","Mazda","Miata","White","1996","Lambertville","NJ","Infamous Jim's Auto Art","jimtramontano@gmail.com"
"21","1","74G","Robert Grace","SpecE30","2:19.617","12","1 Lap","10.346","100","BMW","325i","Orange","1990","Sterling","VA","","robertgrace.h@gmail.com"
"22","2","477","Christopher Allen","SpecE30","2:20.194","12","1 Lap","8.033","90","BMW","325is","Gray","1988","Rydal","PA","","chrisblakeallen@gmail.com"
"23","3","36","Robert Casella","SpecE30","2:20.324","12","1 Lap","1.118","85","Acura","Integra Type R","Black","1998","Pompton Plains","NJ","Axle Casella","rcasella18@aol.com"
"24","5","194","Carla Lebentritt","Spec Miata","2:23.711","12","1 Lap","1.406","75","Mazda","Miata","Red/Black","1992","Allentown","NJ","","carlalebentrittdesigns@aol.com"
"25","4","87","Mike Kovac","SpecE30","2:20.643","12","1 Lap","0.542","80","BMW","325is","Blue/Green","1987","","","Drivegear",""
"26","5","20","James Mertz","SpecE30","2:20.979","12","1 Lap","6.644","75","BMW","E30","Red","1991","Saylorsburg","PA","StoogeMoe Racing","goldie83@ptd.net"
"27","6","141","Ed Cangialosi","SpecE30","2:21.214","12","1 Lap","4.021","70","BMW","325","Black","1987","White Plains","NY","Reparto Corse","edcangialosi@gmail.com"
"28","1","308G","Benjamin Carey","PTD","2:24.226","12","1 Lap","9.942","50","Mazda","Miata","Yellow/Black","1990","frenchtown","NJ","",""
"29","7","88","Lance Bergstein","SpecE30","2:19.993","12","1 Lap","1.153","69","BMW","325","Gray","1989","","","Drivegear",""
"30","8","762","Matthew Herd","SpecE30","2:22.293","12","1 Lap","17.633","68","BMW","325i","White","1989","","","",""
"31","9","129","Daniel Livingston","SpecE30","2:24.236","12","1 Lap","9.884","67","BMW","E30","Black","1989","Coventry","CT","Munich Motorsports","dlivingston1229@gmail.com"
"32","10","89","Leo Massarani","SpecE30","2:24.542","12","1 Lap","1.508","66","BMW","325i","Red","1989","","","Drivegear",""
"33","11","466","Christian Sandmann","SpecE30","2:24.864","12","1 Lap","4.400","65","BMW","E30","White","","Wayne","NJ","MSC Gross B�lten e.V. im ADAC","csandmann@mac.com"
"34","9","258","Stuart Phillips","Honda Chal 2","2:16.962","11","2 Laps","1 Lap","67","Acura","Integra","White/Red","1998","Baldwin","NY","#doubleteam","stuphillips_5@hotmail.com"
"35","6","324","William Emmons","Spec Miata","2:22.448","11","2 Laps","2:24.790","70","Mazda","Miata","White","1995","Jersey City","NJ","MT Fabrication","wremmons@gmail.com"
"36","6","158G","Zach Hillmann","GTS2","2:08.754","9","4 Laps","2 Laps","70","Porsche","944 S3","Blue","1987","Chicago","IL","VFC-Motorsports","zhillmann58@gmail.com"
"37","10","516","Spencer Anderson","Honda Chal 2","2:14.267","7","6 Laps","2 Laps","66","Honda","Civic","Red/Silver","1994","Freeport","NY","#redteam","noriceef@aol.com"
"DNF","DNF","153","Sam Jadczak","SpecE30","2:53.115","1","DNF","6 Laps","33","BMW","325i","Bronze/D.Red","1989","Horsham","PA","PJ Auto Repair","samjadczak@yahoo.com"
