"Pos","PIC","No.","Name","Class","Best Tm","Laps","Diff","Gap","Points","Make","Model","Color","Year","City","State","Sponsor","Email"
"1","1","530","Michael Sousa","GTS2","1:13.935","21","","","100","BMW","M3","Red/Black/White","1997","Coventry","CT","CIP Motorsports","rokkitman1@gmail.com"
"2","2","824","Vinh Chau","GTS2","1:14.899","21","19.494","19.494","90","BMW","M3","Yellow","1995","Philadelphia","PA","","vchau76@gmail.com"
"3","1","64","Edward Phillips","Spec E46","1:15.275","21","33.193","13.699","100","BMW","330ci","White","2003","Mt. Kisco","NY","","ephillips@kblaw.com"
"4","2","29","Richard Bocanegra","Spec E46","1:15.374","21","37.878","4.685","90","BMW","330i","Silver","2001","Bergenfield","NJ","Rogue Engineering","richjr@wymbs.com"
"5","3","345","Christina Lam","GTS2","1:16.748","21","45.098","7.220","85","BMW","M3","Black","1998","Vienna","VA","","clicketyclam@gmail.com"
"6","1","516","Spencer Anderson","Honda Chal 2","1:15.876","21","1:13.201","28.103","100","Honda","Civic","Red/Silver","1994","Freeport","NY","#redteam","noriceef@aol.com"
"7","2","46","Michael Fries","Honda Chal 2","1:16.058","21","1:17.184","3.983","90","Honda","S2000","Yellow","2008","Westernville","NY","Lifted","mfries@twcny.rr.com"
"8","4","121","Douglas Horton","GTS2","1:17.197","20","1 Lap","1 Lap","80","BMW","M3","White","1995","Brooklyn","NY","","doug.bmxdude77@gmail.com"
"9","5","520","Larry Marks","GTS2","1:17.954","20","1 Lap","1.080","75","BMW","M3","Silver","1999","South Windsor","CT","","nomowhal@gmail.com"
"10","1","802","Daniel Honovich","Honda Chal 1","1:15.023","20","1 Lap","10.174","50","Honda","S2000","D.Gray","2002","Carmel","NY","www.MossbergOwners.com","sales@danhonovich.com"
"11","1","18","Benjamin Miller","Spec Miata","1:18.236","20","1 Lap","1.027","100","Mazda","Miata","Red","1991","Midland Park","NJ","EFI Logics","benm@milleraa.com"
"12","2","51","Paul Redante","Spec Miata","1:18.661","20","1 Lap","0.490","90","Mazda","Miata","Blue","1999","Ivyland","PA","drmachine.com","pcdrj@verizon.net"
"13","3","612","Jay Bosko","Spec E46","1:18.679","20","1 Lap","6.980","85","BMW","330","Gray/White/Lime","2002","Dover","NJ","Munich Motorsports","Jb1408@gmail.com"
"14","3","7","Jan Wang","Honda Chal 2","1:16.292","20","1 Lap","0.980","85","Honda","Civic","Red","1992","Tenafly","NJ","#redteam","JanWang74@aol.com"
"15","4","517","Zephyr Belski","Honda Chal 2","1:18.227","20","1 Lap","22.267","80","Acura","Integra","L.Blue/Black","1994","Middlesex","NJ","#blueteam","zbelski@gmail.com"
"16","3","003G","Robert Noaker","Spec Miata","1:20.799","20","1 Lap","7.987","85","Mazda","Miata","Orange","1999","Duncannon","PA","","robertnoaker@noakersautobody.com"
"17","4","14","David Deerson","Spec Miata","1:19.473","20","1 Lap","0.367","80","Mazda","Miata","Blue","","","NJ","",""
"18","1","477","Christopher Allen","SpecE30","1:19.106","20","1 Lap","8.838","100","BMW","325is","Black","1988","Rydal","PA","","chrisblakeallen@gmail.com"
"19","2","20","James Mertz","SpecE30","1:18.876","20","1 Lap","11.681","90","BMW","E30","Red","1991","Saylorsburg","PA","StoogeMoe Racing","goldie83@ptd.net"
"20","3","36","Robert Casella","SpecE30","1:19.232","20","1 Lap","4.796","85","Acura","Integra Type R","Black","1998","Pompton Plains","NJ","Axle Casella","rcasella18@aol.com"
"21","4","87","Michael Kovac","SpecE30","1:19.129","20","1 Lap","0.141","80","BMW","325is","Blue/Green","1987","","","Drivegear",""
"22","5","484","Steven Simmons","Honda Chal 2","1:19.214","19","2 Laps","1 Lap","75","Acura","Integra","White","1996","Rockaway","NJ","#whiteteam","steven.simmons484@gmail.com"
"23","6","219","Lenny Hong","Honda Chal 2","1:21.498","19","2 Laps","21.429","70","Acura","Integra","Red/Black","1997","Santa Monica","CA","#redteam","lennyhong@gmail.com"
"24","5","89","Andrew Zimmerman","SpecE30","1:21.026","19","2 Laps","8.161","75","BMW","325i","Red","1989","","","Drivegear",""
"25","5","194","Carla Lebentritt","Spec Miata","1:23.135","19","2 Laps","1.105","75","Mazda","Miata","Red/Black","1992","Allentown","NJ","","carlalebentrittdesigns@aol.com"
"26","7","373","Nathan Bookbinder","Honda Chal 2","1:21.471","19","2 Laps","3.618","69","Acura","Integra","White/Blue/Orange","1996","Middletown","NY","","nbookbinder@gmail.com"
"27","6","44","Kevin Feller","Spec Miata","1:19.779","19","2 Laps","6.149","70","Mazda","Miata","White/Blue","1992","Deptford","NJ","Side Street Motorsports","feller.kf@gmail.com"
"28","6","153","Sam Jadczak","SpecE30","1:21.160","19","2 Laps","7.168","70","BMW","325i","Bronze/D.Red","1989","Horsham","PA","PJ Auto Repair","samjadczak@yahoo.com"
"29","7","129","Daniel Livingston","SpecE30","1:21.503","19","2 Laps","1.057","69","BMW","E30","Black","1989","Coventry","CT","Munich Motorsports","dlivingston1229@gmail.com"
"30","6","336","Dan Harnick","GTS2","1:14.336","18","3 Laps","1 Lap","70","BMW","M3","Black","1998","New York","NY","","dharnick@gmail.com"
"31","8","141","Ed Cangialosi","SpecE30","1:19.485","14","7 Laps","4 Laps","68","BMW","325","Black","1987","White Plains","NY","Reparto Corse","edcangialosi@gmail.com"
"DNF","DNF","10","Erik Olson","Honda Chal 2","1:19.027","8","DNF","6 Laps","35","Honda","Civic","Red","1992","Pennsburg","PA","#redteam","mosser@ptd.net"
"DNF","DNF","149","Steve Coppola","Spec E46","1:40.649","1","DNF","7 Laps","43","BMW","330ci","Black","2001","Guilford","CT","","coppolas53@gmail.com"
"DQ","DQ","258","Stuart Phillips","Honda Chal 2","1:16.809","20","DQ","","0","Acura","Integra","White","1998","Baldwin","NY","#whiteteam","stuphillips_5@hotmail.com"
"DQ","DQ","308G","Benjamin Carey","PTD","1:20.425","20","DQ","","0","Mazda","Miata","Yellow/Black","1990","frenchtown","NJ","",""
