"Pos","PIC","No.","Name","Class","Best Tm","Laps","Diff","Gap","Points","Make","Model","Color","Year","City","State","Sponsor","Email"
"1","1","420","Brian Goldburg","Super Touring 1","1:33.717","13","","","50","Panoz","GTS","Yellow/Black/Red","2002","","","Milestone MotorWorX",""
"2","1","48","John George","Super Touring 2","1:36.561","13","10.012","10.012","100","Factory Five","Type65","White","2017","Nashua","NH","Factory Five Racing | The Traveling Builder","john.cristian.george@gmail.com"
"3","1","33","Scott Mohr","Super Unlimited","1:37.113","13","11.106","1.094","50","Chevrolet","Corvette","Blue","2003","Huntington","NY","MohrSpeed","rmohr@marsdelivers.com"
"4","2","79","Jake Namer","Super Touring 2","1:35.537","13","11.453","0.347","90","Mazda","RX-7","Gray Multi","2005","Brooklyn","NY","Hamfist Racing",""
"5","1","714","Aaron Turek","GTS3","1:38.312","13","13.520","2.067","100","BMW","M3","Green/Black/White","1997","East Windsor","CT","Munich Motorsports","munichaaron@gmail.com"
"6","2","136","Kazimierz Sperling","GTS3","1:38.447","13","14.988","1.468","90","BMW","M3","White","2003","New Hyde Park","NY","","kazsperling@gmail.com"
"7","3","712","Chris Petersen","GTS3","1:38.033","13","15.595","0.607","85","BMW","M3","Black","2004","Wayne","NJ","","craftyvtec@hotmail.com"
"8","1","542","Joshua Prinzivalli","GTS4","1:37.356","13","15.785","0.190","100","BMW","M3","White","1995","Vernon","CT","Munich Motorsports","joshprinzivalli@yahoo.com"
"9","4","909","Foad Razavi","GTS3","1:41.586","13","19.970","4.185","80","BMW","M3","Silver Camo","2003","East Windsor","CT","Munich Motorsports","foadrazavi@yahoo.com"
"10","1","24","AJ Hartman","American Iron","1:38.531","13","20.662","0.692","100","Ford","Mustang GT","Black","1999","Millville","NJ","AJ Hartman Racing","aj@ajhartmanracing.com"
"11","3","92","John Gatzemeyer","Super Touring 2","1:42.993","13","23.039","2.377","85","Chevrolet","Corvette","Red","2001","Piscataway","NJ","Elusive Racing","john_gatzemeyer@colpal.com"
"12","2","302","Eric Fuehrer","American Iron","1:42.443","13","25.222","2.183","90","Ford","Mustang","White","2014","Nescopeck","PA","","mavam729@gmail.com"
"13","3","91","Jeff Shaw","American Iron","1:43.863","13","26.166","0.944","85","Ford","Mustang Cobra","Yellow","1998","Somerset","NJ","","jeffreyshaw90@gmail.com"
"14","1","82","John Pattman","American Iron Extreme","1:43.769","13","26.988","0.822","50","Ford","Mustang","Blue","2008","Midland Park","NJ","","jack@pattmanplumbing.com"
"15","1","530","Michael Sousa","GTS2","1:42.155","13","28.041","1.053","100","BMW","M3","Red/Black/White","1997","Coventry","CT","CIP Motorsports","rokkitman1@gmail.com"
"16","1","37G","Charles Liniger","NP01","1:44.088","13","28.184","0.143","50","Elan","NP01","Teak","2016","Parker","CO","","linigercr@mac.com"
"17","2","345","Christina Lam","GTS2","1:42.815","13","29.035","0.851","90","BMW","M3","Black","1998","Vienna","VA","","clicketyclam@gmail.com"
"18","1","29","Richard Bocanegra","Spec E46","1:42.525","13","29.284","0.249","100","BMW","330i","Silver","2001","Bergenfield","NJ","Rogue Engineering","richjr@wymbs.com"
"19","1","802","Daniel Honovich","Honda Chal 1","1:43.320","13","30.040","0.756","50","Honda","S2000","D.Gray","2002","Carmel","NY","www.MossbergOwners.com","sales@danhonovich.com"
"20","1","516","Spencer Anderson","Honda Chal 2","1:43.415","13","30.411","0.371","100","Honda","Civic","Red/Silver","1994","Freeport","NY","#redteam","noriceef@aol.com"
"21","2","517","Zephyr Belski","Honda Chal 2","1:45.374","13","38.060","7.649","90","Acura","Integra","L.Blue/Black","1994","Middlesex","NJ","#blueteam","zbelski@gmail.com"
"22","1","18","Benjamin Miller","Spec Miata","1:46.787","13","39.928","1.868","100","Mazda","Miata","Red","1991","Midland Park","NJ","EFI Logics","benm@milleraa.com"
"23","2","27","Devin Gregory","Spec Miata","1:47.082","13","40.466","0.538","90","Mazda","Miata","Red","1991","Redding","CT","EFI Logics","dpgregory@gregory-builders.com"
"24","3","303","Robert Noaker","Spec Miata","1:46.768","13","41.250","0.784","85","Mazda","Miata","Orange","1999","Duncannon","PA","","rn@nautobody.com"
"25","2","149","Steve Coppola","Spec E46","1:46.561","13","43.132","1.882","90","BMW","330ci","Black","2001","Guilford","CT","","coppolas53@gmail.com"
"26","1","20","James Mertz","SpecE30","1:48.948","13","46.786","3.654","100","BMW","E30","Red","1991","Saylorsburg","PA","StoogeMoe Racing","goldie83@ptd.net"
"27","4","313","Jim Tramontano","Spec Miata","1:48.877","13","48.071","1.285","80","Mazda","Miata","White","1996","Lambertville","NJ","Infamous Jim's Auto Art","jimtramontano@gmail.com"
"28","3","203","Jeffrey Daigle","GTS2","1:45.534","13","48.774","0.703","85","BMW","M3","White","1995","Richmond","MA","","jeffrey.daigle@gmail.com"
"29","4","121","Douglas Horton","GTS2","1:45.383","13","51.389","2.615","80","BMW","M3","White","1995","Brooklyn","NY","","doug.bmxdude77@gmail.com"
"30","2","466","Christian Sandmann","SpecE30","1:51.776","13","55.922","4.533","90","BMW","E30","White","","Wayne","NJ","MSC Gross B�lten e.V. im ADAC","csandmann@mac.com"
"31","3","89","Andrew Zimmerman","SpecE30","1:50.280","13","56.515","0.593","85","BMW","325i","Red","1989","","","Drivegear",""
"32","5","44","Kevin Feller","Spec Miata","1:49.978","13","57.481","0.966","75","Mazda","Miata","White/Blue","1992","Deptford","NJ","Side Street Motorsports","feller.kf@gmail.com"
"33","4","129","Daniel Livingston","SpecE30","1:51.424","13","1:04.492","7.011","80","BMW","E30","Black","1989","Coventry","CT","Munich Motorsports","dlivingston1229@gmail.com"
"34","5","88","Al Cohen","SpecE30","1:51.717","13","1:04.858","0.366","75","BMW","325","Gray","1989","","","Drivegear",""
"35","6","589","Joel Karns","SpecE30","1:53.620","13","1:10.440","5.582","70","BMW","325i","White","1988","Chester","NJ","RAW Racing","jkarns@nasane.com"
"36","3","373","Nathan Bookbinder","Honda Chal 2","1:53.344","13","1:11.081","0.641","85","Acura","Integra","White/Blue/Orange","1996","Middletown","NY","","nbookbinder@gmail.com"
"37","1","86","Scott Smith","GTS1","1:48.869","13","1:25.027","13.946","50","BMW","325","Yellow/Red/Black","1986","Chester","CT","","scott.w.smith@pfizer.com"
"38","4","061","John Robbins","Super Touring 2","1:37.765","11","2 Laps","2 Laps","80","Mitsubishi","Evolution X","Gray","2008","Ridgefield","CT","EFI Logics","john@jprautosports.com"
"DNF","DNF","7","Jan Wang","Honda Chal 2","1:47.636","6","DNF","5 Laps","43","Honda","Civic","Red","1992","Tenafly","NJ","#redteam","JanWang74@aol.com"
"DNF","DNF","10","Erik Olson","Honda Chal 2","1:46.245","6","DNF","1.813","43","Honda","Civic","Red","1992","Pennsburg","PA","#redteam","mosser@ptd.net"
"DNF","DNF","520","Larry Marks","GTS2","3:00.425","3","DNF","3 Laps","40","BMW","M3","Silver","1999","South Windsor","CT","","nomowhal@gmail.com"
"DNF","DNF","161","Michael Gershanok","GTS4","1:48.496","2","DNF","1 Lap","50","BMW","M3","Gray","2002","Scarsdale","NJ","Northeast Motorsports","mgershanok@motorsportsne.com"
"DNF","DNF","484","Steven Simmons","Honda Chal 2","2:17.546","1","DNF","1 Lap","43","Acura","Integra","White","1996","Rockaway","NJ","#whiteteam","steven.simmons484@gmail.com"
"DQ","DQ","55","Paul Plemenos","Super Touring 2","1:34.160","13","DQ","","0","Chevrolet","Corvette Z06","Blue","2006","Sparta","NJ","","pauliep777@aol.com"
"DQ","DQ","39G","Jason Griscavage","SpecE30","1:47.991","10","DQ","","0","BMW","325is","White","1989","Springfield","VA","","jasongriscavage@yahoo.com"
