"Pos","PIC","No.","Name","Class","Best Tm","Laps","Diff","Gap","Points","Make","Model","Color","Year","City","State","Sponsor","Email"
"1","1","530","Michael Sousa","GTS2","1:30.747","15","","","100","BMW","M3","Red/Black/White","1997","Coventry","CT","CIP Motorsports","rokkitman1@gmail.com"
"2","2","244","Hans Thomsen","GTS2","1:31.222","15","0.406","0.406","90","BMW","M3","L.Green","1995","Mendham","NJ","","e30bimmer222@gmail.com"
"3","3","824","Vinh Chau","GTS2","1:31.593","15","11.058","10.652","85","BMW","M3","Yellow","1995","Philadelphia","PA","","vchau76@gmail.com"
"4","4","12","Anthony Bodine","GTS2","1:32.076","15","15.844","4.786","80","BMW","330i","Red","2003","Cranston","RI","","ajbodine2@gmail.com"
"5","1","29","Richard Bocanegra","Spec E46","1:32.914","15","27.091","11.247","100","BMW","330i","Silver","2001","Bergenfield","NJ","Rogue Engineering","richjr@wymbs.com"
"6","2","177","Joe Fuchs","Spec E46","1:32.464","15","28.553","1.462","90","BMW","330","Blue/Gray","2001","","","",""
"7","1","802","Daniel Honovich","Honda Chal 1","1:31.794","15","29.407","0.854","100","Honda","S2000","D.Gray","2002","Carmel","NY","www.MossbergOwners.com","sales@danhonovich.com"
"8","1","516","Spencer Anderson","Honda Chal 2","1:33.106","15","31.678","2.271","100","Honda","Civic","Red/Silver","1994","Freeport","NY","#redteam","noriceef@aol.com"
"9","5","345","Christina Lam","GTS2","1:34.135","15","51.515","19.837","75","BMW","M3","Black","1998","Vienna","VA","","clicketyclam@gmail.com"
"10","2","7","Jan Wang","Honda Chal 2","1:34.682","15","54.084","2.569","90","Honda","Civic","Red","1992","Tenafly","NJ","#redteam","JanWang74@aol.com"
"11","6","520","Larry Marks","GTS2","1:33.792","15","58.570","4.486","70","BMW","M3","Silver","1999","South Windsor","CT","","nomowhal@gmail.com"
"12","3","67","Scott Rosen","Spec E46","1:35.125","15","58.870","0.300","85","BMW","330Ci","Black","2001","Swampscott","MA","","scottarosen@gmail.com"
"13","3","517","Zephyr Belski","Honda Chal 2","1:35.009","15","1:00.258","1.388","85","Acura","Integra","L.Blue/Black","1994","Middlesex","NJ","#blueteam","zbelski@gmail.com"
"14","4","608","Tim Sheldon","Spec E46","1:35.249","15","1:06.513","6.255","80","BMW","330","Silver","2003","Elkton","MD","","tim.sheldon@comcast.net"
"15","4","219","Lenny Hong","Honda Chal 2","1:35.899","15","1:08.965","2.452","80","Acura","Integra","Red/Black","1997","Santa Monica","CA","#redteam","lennyhong@gmail.com"
"16","5","373","Nathan Bookbinder","Honda Chal 2","1:36.165","15","1:16.623","7.658","75","Acura","Integra","White/Blue/Orange","1996","Middletown","NY","","nbookbinder@gmail.com"
"17","5","750","David Ameen","Spec E46","1:36.578","15","1:25.616","8.993","75","BMW","330","Blue","2002","Elkton","MD","","davidjameen@gmail.com"
"18","1","18","Benjamin Miller","Spec Miata","1:36.629","14","1 Lap","1 Lap","100","Mazda","Miata","Red","1991","Midland Park","NJ","EFI Logics","benm@milleraa.com"
"19","2","27","Devin Gregory","Spec Miata","1:36.627","14","1 Lap","0.490","90","Mazda","Miata","Red","1991","Redding","CT","EFI Logics","dpgregory@gregory-builders.com"
"20","3","303","Robert Noaker","Spec Miata","1:36.836","14","1 Lap","2.953","85","Mazda","Miata","Orange","1999","Duncannon","PA","","rn@nautobody.com"
"21","4","51","Paul Redante","Spec Miata","1:37.021","14","1 Lap","4.963","80","Mazda","Miata","Blue","1999","Ivyland","PA","drmachine.com","pcdrj@verizon.net"
"22","1","36","Robert Casella","SpecE30","1:36.103","14","1 Lap","0.208","100","Acura","Integra Type R","Black","1998","Pompton Plains","NJ","Axle Casella","rcasella18@aol.com"
"23","2","20","James Mertz","SpecE30","1:37.452","14","1 Lap","7.384","90","BMW","E30","Red","1991","Saylorsburg","PA","StoogeMoe Racing","goldie83@ptd.net"
"24","5","313","Jim Tramontano","Spec Miata","1:37.360","14","1 Lap","11.040","75","Mazda","Miata","White","1996","Lambertville","NJ","Infamous Jim's Auto Art","jimtramontano@gmail.com"
"25","3","762","Matthew Herd","SpecE30","1:37.601","14","1 Lap","3.687","85","BMW","325i","White","1989","","","",""
"26","4","466","Christian Sandmann","SpecE30","1:39.215","14","1 Lap","28.158","80","BMW","E30","White","","Wayne","NJ","MSC Gross B�lten e.V. im ADAC","csandmann@mac.com"
"27","5","761","Leo Massarani","SpecE30","1:39.753","14","1 Lap","0.371","75","BMW","325i","White","1988","","","DriveGear",""
"28","6","88","Peter Raymond","SpecE30","1:42.773","13","2 Laps","1 Lap","70","BMW","325","Gray","1989","","","Drivegear",""
"29","7","129","Daniel Livingston","SpecE30","1:40.491","13","2 Laps","35.755","69","BMW","E30","Black","1989","Coventry","CT","Munich Motorsports","dlivingston1229@gmail.com"
"30","6","484","Steven Simmons","Honda Chal 2","1:34.689","12","3 Laps","1 Lap","70","Acura","Integra","White","1996","Rockaway","NJ","#whiteteam","steven.simmons484@gmail.com"
"31","7","258","Stuart Phillips","Honda Chal 2","1:34.785","8","7 Laps","4 Laps","69","Acura","Integra","White/Red","1998","Baldwin","NY","#doubleteam","stuphillips_5@hotmail.com"
"DNF","DNF","881","Erik Olson","Honda Chal 1","2:04.696","1","DNF","7 Laps","35","Acura","Integra","White","2001","Pennsburg","PA","DBA | Hoosier | Exedy","mosser@ptd.net"
