"Pos","PIC","No.","Name","Class","Best Tm","Laps","Diff","Gap","Points","Make","Model","Color","Year","City","State","Sponsor","Email"
"1","1","530","Michael Sousa","GTS2","1:29.765","17","","","100","BMW","M3","Red/Black/White","1997","Coventry","CT","CIP Motorsports","rokkitman1@gmail.com"
"2","2","336","Dan Harnick","GTS2","1:32.059","17","8.552","8.552","90","BMW","M3","Black","1998","New York","NY","","dharnick@gmail.com"
"3","1","64","Chris Rallo","Spec E46","1:32.530","17","21.187","12.635","100","BMW","330ci","White","2003","Mt. Kisco","NY","","ephillips@kblaw.com"
"4","3","345","Christina Lam","GTS2","1:32.772","17","21.663","0.476","85","BMW","M3","Black","1998","Vienna","VA","","clicketyclam@gmail.com"
"5","4","121","Douglas Horton","GTS2","1:32.470","17","26.921","5.258","80","BMW","M3","White","1995","Brooklyn","NY","","doug.bmxdude77@gmail.com"
"6","5","203","Jeffrey Daigle","GTS2","1:33.496","17","30.023","3.102","75","BMW","M3","White","1995","Richmond","MA","","jeffrey.daigle@gmail.com"
"7","2","29","Richard Bocanegra","Spec E46","1:34.071","17","33.485","3.462","90","BMW","330i","Silver","2001","Bergenfield","NJ","Rogue Engineering","richjr@wymbs.com"
"8","6","12","Anthony Bodine","GTS2","1:33.862","17","34.072","0.587","70","BMW","330i","Red","2003","Cranston","RI","","ajbodine2@gmail.com"
"9","1","802","Daniel Honovich","Honda Chal 1","1:33.582","17","45.730","11.658","100","Honda","S2000","D.Gray","2002","Carmel","NY","www.MossbergOwners.com","sales@danhonovich.com"
"10","1","7","Jan Wang","Honda Chal 2","1:34.706","17","52.652","6.922","100","Honda","Civic","Red","1992","Tenafly","NJ","#redteam","JanWang74@aol.com"
"11","2","484","Steven Simmons","Honda Chal 2","1:35.408","17","57.359","4.707","90","Acura","Integra","White","1996","Rockaway","NJ","#whiteteam","steven.simmons484@gmail.com"
"12","7","520","Larry Marks","GTS2","1:35.558","17","1:07.123","9.764","69","BMW","M3","Silver","1999","South Windsor","CT","","nomowhal@gmail.com"
"13","3","46","Michael Fries","Honda Chal 2","1:35.959","17","1:08.114","0.991","85","Honda","S2000","Yellow","2008","Westernville","NY","Lifted","mfries@twcny.rr.com"
"14","1","18","Benjamin Miller","Spec Miata","1:37.603","17","1:11.627","3.513","100","Mazda","Miata","Red","1991","Midland Park","NJ","EFI Logics","benm@milleraa.com"
"15","2","51","Paul Redante","Spec Miata","1:37.709","17","1:13.511","1.884","90","Mazda","Miata","Blue","1999","Ivyland","PA","drmachine.com","pcdrj@verizon.net"
"16","4","517","Zephyr Belski","Honda Chal 2","1:36.612","17","1:15.503","1.992","80","Acura","Integra","L.Blue/Black","1994","Middlesex","NJ","#blueteam","zbelski@gmail.com"
"17","5","219","Lenny Hong","Honda Chal 2","1:36.388","17","1:16.692","1.189","75","Acura","Integra","Red/Black","1997","Santa Monica","CA","#redteam","lennyhong@gmail.com"
"18","3","27","Devin Gregory","Spec Miata","1:37.595","17","1:17.656","0.964","85","Mazda","Miata","Red","1991","Redding","CT","EFI Logics","dpgregory@gregory-builders.com"
"19","1","36","Robert Casella","SpecE30","1:37.870","17","1:24.815","4.403","100","Acura","Integra Type R","Black","1998","Pompton Plains","NJ","Axle Casella","rcasella18@aol.com"
"20","2","20","James Mertz","SpecE30","1:37.720","17","1:25.104","0.289","90","BMW","E30","Red","1991","Saylorsburg","PA","StoogeMoe Racing","goldie83@ptd.net"
"21","4","303","Robert Noaker","Spec Miata","1:38.963","17","1:31.201","6.097","80","Mazda","Miata","Orange","1999","Duncannon","PA","","rn@nautobody.com"
"22","5","44","Kevin Feller","Spec Miata","1:38.641","17","1:31.575","0.374","75","Mazda","Miata","White/Blue","1992","Deptford","NJ","Side Street Motorsports","feller.kf@gmail.com"
"23","6","373","Nathan Bookbinder","Honda Chal 2","1:37.982","17","1:32.556","0.981","70","Acura","Integra","White/Blue/Orange","1996","Middletown","NY","","nbookbinder@gmail.com"
"24","6","194","Carla Lebentritt","Spec Miata","1:39.244","16","1 Lap","1 Lap","70","Mazda","Miata","Red/Black","1992","Allentown","NJ","","carlalebentrittdesigns@aol.com"
"25","3","129","Daniel Livingston","SpecE30","1:39.763","16","1 Lap","3.735","85","BMW","E30","Black","1989","Coventry","CT","Munich Motorsports","dlivingston1229@gmail.com"
"26","3","149","Steve Coppola","Spec E46","1:37.335","16","1 Lap","7.195","85","BMW","330ci","Black","2001","Guilford","CT","","coppolas53@gmail.com"
"27","4","153","Sam Jadczak","SpecE30","1:40.274","16","1 Lap","3.923","80","BMW","325i","Bronze/D.Red","1989","Horsham","PA","PJ Auto Repair","samjadczak@yahoo.com"
"28","5","466","Christian Sandmann","SpecE30","1:40.193","16","1 Lap","0.081","75","BMW","E30","White","","Wayne","NJ","MSC Gross B�lten e.V. im ADAC","csandmann@mac.com"
"29","7","14","David Deerson","Spec Miata","1:41.524","9","8 Laps","7 Laps","69","Mazda","Miata","Blue","","","NJ","",""
"DNS","DNS","305","Nick DeRosa","GTS2","","","DNS","9 Laps","0","BMW","M3","Black","1995","","","",""
"31","8","324","Will Emmons","Spec Miata","1:38.534","17","1:20.412","2.756","68","Mazda","Miata","White/Black","1995","","","",""
"DQ","DQ","313","Jim Tramontano","Spec Miata","1:41.718","9","DQ","","0","Mazda","Miata","White","1996","Lambertville","NJ","Infamous Jim's Auto Art","jimtramontano@gmail.com"
