Pos,PIC,No.,Name,Class,Overall BestTm,Appeared,Diff,Gap,Points,Make,Model,Color,Year,City,State,Sponsor,Email
1,1,52G,Brad Wood,TTU,02:01.1,2,,,100,Dodge,Viper,Green,
2,1,121,Eric Wong,TT2,02:01.1,1,0.014,0.014,100,BMW,M3,Blue/White,2004,,,Brakeswap.com,
3,2,101G,Vernon Mcclure,TT2,02:05.2,1,4.096,4.082,90,BMW,M3,Silver,2003,Chesterfield,VA,Main Street Homes,vernon@mainsthomes.com
4,1,173,William Chung,TT4,02:07.3,2,6.188,2.092,100,BMW,M3,Silver,2004,Rahway,NJ,,wc282@cornell.edu
5,2,415,Michael Smith,TT4,02:07.4,2,6.248,0.06,90,Mitsubishi,Evolution X,White,2013,Clay,NY,,mbsmit05@gmail.com
6,3,21,Thai Diep,TT4,02:07.5,2,6.418,0.17,85,Mitsubishi,Evolution IX,White,2006,Carlisle,PA,Motorsports Performance Group,taidiep@gmail.com
7,1,556,Mathew Kingsley,TT3,02:08.7,2,7.543,1.125,100,BMW,M3,Black,2004,Loudonville,NY,556 Motorsports,info@nyshis.com
8,4,498,Patrick Cornwall,TT4,02:08.8,2,7.699,0.156,80,BMW,M3,Black,1995,Ithaca,NY,Shut Up Racing,Patrick533i@gmail.com
9,1,137,Ryan Perry,TTC,02:15.0,2,13.893,6.194,100,BMW,M3,Blue,1999
10,1,99G,Ahmad Lutfeali,TTD,02:15.7,2,14.575,0.682,100,Scion,FRS,Red,2015,Washington,DC,ZizaTech,alutfeali@gmail.com
11,2,253,Nicholas Broff,TTC,02:15.9,2,14.827,0.252,90,Chevrolet,Corvette,White/Black,2002,Mullica Hill,NJ,,nickb69@hotmail.com
12,2,1111,Mark Saladino,TTD,02:17.8,2,16.674,1.847,90,BMW,M3,Silver,1997,Hampton Bays,NY,East End Outdoor Supply,mark@eastendoutdoor.com
13,3,920G,Michael Patterson,TT2,02:19.5,2,18.336,1.662,85,BMW,M3,Gray,2010,Freeport,NY,,mpatter27@hotmail.com
14,3,76,TJ Yard,TTC,02:20.2,2,19.061,0.725,85,Honda,S2000,Blue/Silver,206,Manasquan,NJ,,
15,5,68,Karl Topp,TT4,02:30.6,2,29.437,10.376,75,Volkswagen,Golf R,Red,2016,New Rochelle,NJ,Bimmer Motors Group,diewelt@msn.com
16,4,169,Larry Lacey,TTC,02:34.7,2,33.574,4.137,80,Subaru,BRZ,Blue,2013,Seymour,CT,,larrylacey@live.com
17,5,60,Kurt Washeim,TTC,02:38.4,1,37.254,3.68,75,Mini,Coupe,Red/Grey,2012,Lake Hopatcong,NJ,Heinlein Racing Development,cadmad@optonline.net
DQ,6,108,Aaron Skolnik,TT4,,1,,,0,Subaru,STI,Gray,2006,Dresher,PA,New Provisions Racing,aaskolnik@yahoo.com
