"Pos","PIC","No.","Name","Class","Best Tm","Laps","Diff","Gap","Points","Make","Model","Color","Year","City","State","Sponsor","Email"
"1","1","619","Adrian Wlostowski","Super Touring 2","1:09.415","24","","","100","Chevrolet","Corvette Grand Sport","Black","2010","Maspeth","NY","F.A.S.T. Auto","adrian@fast-auto-repair.com"
"2","2","265","Mark Petronis","Super Touring 2","1:10.870","24","31.636","31.636","90","Chevrolet","Corvette Z06","D.Red","2004","Saratoga Springs","NY","AMTMotorsport.com","streetspeed@gmail.com"
"3","3","45","Alan Cohen","Super Touring 2","1:11.175","24","49.595","17.959","85","Cadillac","CTS-V","Blue","2009","Freeport","NY","","alan@ctsvracing.com"
"4","4","274","Michal Kuna","Super Touring 2","1:10.407","24","1:07.325","17.730","80","BMW","M3","Black","2003","Kennebunk","ME","","michalkuna@me.com"
"5","1","111","Mark Lounsbury","GTS4","1:09.567","24","1:12.029","4.704","100","BMW","M3","White/Black","2004","Chadds Ford","PA","VAC Motorsports","doclounz@verizon.net"
"6","1","70","Albert Watson","American Iron","1:12.252","23","1 Lap","1 Lap","100","Ford","Mustang","D.Red","1989","Whitehouse Station","NJ","Street Motorsports","al_streetmotorsports@hotmail.com"
"7","2","24","AJ Hartman","American Iron","1:11.885","23","1 Lap","0.612","90","Ford","Mustang GT","Black","1999","Millville","NJ","AJ Hartman Racing","aj@ajhartmanracing.com"
"8","1","714","Aaron Turek","GTS3","1:11.325","23","1 Lap","3.757","100","BMW","M3","Green/Black/White","1997","East Windsor","CT","Munich Motorsports","munichaaron@gmail.com"
"9","2","19","Luiz Serva","GTS3","1:11.445","23","1 Lap","0.609","90","BMW","M3","D.Blue","2001","Danbury","CT","Prysma Lending Group","lserva@prysma.com"
"10","3","330","Eric Magnussen","GTS3","1:12.352","23","1 Lap","11.116","85","BMW","M3","Yellow","2001","Exton","PA","Pocono Autowerks","epm5019@gmail.com"
"11","4","156","Luke Pardi","GTS3","1:12.031","23","1 Lap","0.423","80","BMW","M3","Black","2003","Wyckoff","NJ","Northeast Motorsports","lukepardi@gmail.com"
"12","5","90","Robert Jackowitz","GTS3","1:12.096","23","1 Lap","0.145","75","BMW","M3","White/Black","1999","Irvington","NY","VAC Motorsports","rjme@msn.com"
"13","6","311","Frank Millan","GTS3","1:12.209","23","1 Lap","24.118","70","BMW","M3","D.Blue","2006","Dix Hills","NY","","fmillan0113@gmail.com"
"14","2","542","Joshua Prinzivalli","GTS4","1:10.408","23","1 Lap","15.618","90","BMW","M3","White","1995","Vernon","CT","Munich Motorsports","joshprinzivalli@yahoo.com"
"15","5","92","John Gatzemeyer","Super Touring 2","1:14.402","23","1 Lap","3.787","75","Chevrolet","Corvette","Red","2001","Piscataway","NJ","Elusive Racing","john_gatzemeyer@colpal.com"
"16","3","91","Jeff Shaw","American Iron","1:13.623","23","1 Lap","3.664","85","Ford","Mustang Cobra","Yellow","1998","Somerset","NJ","","jeffreyshaw90@gmail.com"
"17","7","909","Foad Razavi","GTS3","1:13.994","23","1 Lap","1.339","69","BMW","M3","Silver Camo","2003","East Windsor","CT","Munich Motorsports","foadrazavi@yahoo.com"
"18","8","84","Adam Hessel","GTS3","1:14.272","22","2 Laps","1 Lap","68","BMW","M3","Red/Gray/White","2004","East Northport","NY","Hi-Speed Motorsports","adam.hessel@gmail.com"
"19","9","25","David Seidman","GTS3","1:14.807","22","2 Laps","8.279","67","BMW","M3","Blue","1995","West Harrison","NY","VAC Motorsports","daseidman@aol.com"
"20","6","061","John Robbins","Super Touring 2","1:11.622","22","2 Laps","31.586","70","Mitsubishi","Evolution X","Gray","2008","Ridgefield","CT","EFI Logics","john@jprautosports.com"
"21","10","53","Robert Goldlust","GTS3","1:17.136","21","3 Laps","1 Lap","66","BMW","M3","Red/Black","1996","Cherry Hill","NJ","","rgoldlust@gmail.com"
"22","11","31","Vasil Vykhopen","GTS3","1:17.549","21","3 Laps","6.634","65","BMW","M3","White","2002","Manalapan","NJ","Exelegent","vasil@exelegent.com"
"23","3","914","Jack Haberman","GTS4","1:09.758","17","7 Laps","4 Laps","85","BMW","M3","Orange/Black","2003","Chatham","NJ","Modern Auto Body | VAC Motorsports","jack.b.haberman@gmail.com"
"DNF","DNF","82","John Pattman","American Iron","1:19.022","4","DNF","13 Laps","43","Ford","Mustang","Black","1992","Midland Park","NJ","Pattman Plumbing Motorsports","jack@pattmanplumbing.com"
