"Pos","PIC","No.","Name","Class","Best Tm","Laps","Diff","Gap","Points","Make","Model","Color","Year","City","State","Sponsor","Email"
"1","1","305","Nick DeRosa","GTS2","1:31.683","15","","","100","BMW","M3","Black","1995","","","",""
"2","2","336","Dan Harnick","GTS2","1:31.700","15","3.789","3.789","90","BMW","M3","Black","1998","New York","NY","","dharnick@gmail.com"
"3","3","345","Christina Lam","GTS2","1:31.876","15","10.992","7.203","85","BMW","M3","Black","1998","Vienna","VA","","clicketyclam@gmail.com"
"4","4","203","Jeffrey Daigle","GTS2","1:33.098","15","34.951","23.959","80","BMW","M3","White","1995","Richmond","MA","","jeffrey.daigle@gmail.com"
"5","5","121","Douglas Horton","GTS2","1:32.761","15","37.544","2.593","75","BMW","M3","White","1995","Brooklyn","NY","","doug.bmxdude77@gmail.com"
"6","1","29","Richard Bocanegra","Spec E46","1:34.051","15","44.831","7.287","100","BMW","330i","Silver","2001","Bergenfield","NJ","Rogue Engineering","richjr@wymbs.com"
"7","2","64","David Pan","Spec E46","1:34.830","15","46.764","1.933","90","BMW","330ci","White","2003","Mt. Kisco","NY","","ephillips@kblaw.com"
"8","1","7","Jan Wang","Honda Chal 2","1:33.947","15","50.928","4.164","100","Honda","Civic","Red","1992","Tenafly","NJ","#redteam","JanWang74@aol.com"
"9","2","46","Michael Fries","Honda Chal 2","1:35.306","15","56.639","5.711","90","Honda","S2000","Yellow","2008","Westernville","NY","Lifted","mfries@twcny.rr.com"
"10","3","219","Lenny Hong","Honda Chal 2","1:35.990","15","1:06.348","9.709","85","Acura","Integra","Red/Black","1997","Santa Monica","CA","#redteam","lennyhong@gmail.com"
"11","4","10","Erik Olson","Honda Chal 2","1:36.025","15","1:08.302","1.954","80","Honda","Civic","Red","1992","Pennsburg","PA","#redteam","mosser@ptd.net"
"12","1","802","Daniel Honovich","Honda Chal 1","1:33.646","15","1:08.713","0.411","100","Honda","S2000","D.Gray","2002","Carmel","NY","www.MossbergOwners.com","sales@danhonovich.com"
"13","6","12","Anthony Bodine","GTS2","1:34.137","15","1:09.160","0.447","70","BMW","330i","Red","2003","Cranston","RI","","ajbodine2@gmail.com"
"14","5","517","Zephyr Belski","Honda Chal 2","1:36.010","15","1:12.213","3.053","75","Acura","Integra","L.Blue/Black","1994","Middlesex","NJ","#blueteam","zbelski@gmail.com"
"15","6","484","Steven Simmons","Honda Chal 2","1:36.524","15","1:30.519","18.306","70","Acura","Integra","White","1996","Rockaway","NJ","#whiteteam","steven.simmons484@gmail.com"
"16","3","149","Steve Coppola","Spec E46","1:37.156","15","1:33.285","2.766","85","BMW","330ci","Black","2001","Guilford","CT","","coppolas53@gmail.com"
"17","1","27","Devin Gregory","Spec Miata","1:37.553","15","1:37.947","4.662","100","Mazda","Miata","Red","1991","Redding","CT","EFI Logics","dpgregory@gregory-builders.com"
"18","2","18","Benjamin Miller","Spec Miata","1:37.476","15","1:38.161","0.214","90","Mazda","Miata","Red","1991","Midland Park","NJ","EFI Logics","benm@milleraa.com"
"19","3","51","Paul Redante","Spec Miata","1:37.723","14","1 Lap","1 Lap","85","Mazda","Miata","Blue","1999","Ivyland","PA","drmachine.com","pcdrj@verizon.net"
"20","1","36","Robert Casella","SpecE30","1:37.727","14","1 Lap","1.933","100","Acura","Integra Type R","Black","1998","Pompton Plains","NJ","Axle Casella","rcasella18@aol.com"
"21","2","20","James Mertz","SpecE30","1:37.798","14","1 Lap","3.313","90","BMW","E30","Red","1991","Saylorsburg","PA","StoogeMoe Racing","goldie83@ptd.net"
"22","4","313","Jim Tramontano","Spec Miata","1:38.488","14","1 Lap","13.056","80","Mazda","Miata","White","1996","Lambertville","NJ","Infamous Jim's Auto Art","jimtramontano@gmail.com"
"23","5","303","Robert Noaker","Spec Miata","1:38.837","14","1 Lap","0.163","75","Mazda","Miata","Orange","1999","Duncannon","PA","","rn@nautobody.com"
"24","6","14","David Deerson","Spec Miata","1:38.783","14","1 Lap","0.518","70","Mazda","Miata","Blue","","","NJ","",""
"25","7","373","Nathan Bookbinder","Honda Chal 2","1:40.032","14","1 Lap","18.583","69","Acura","Integra","White/Blue/Orange","1996","Middletown","NY","","nbookbinder@gmail.com"
"26","3","88","Andrew Zimmerman","SpecE30","1:40.534","14","1 Lap","11.124","85","BMW","325","Gray","1989","","","Drivegear",""
"27","4","129","Daniel Livingston","SpecE30","1:40.300","14","1 Lap","2.857","80","BMW","E30","Black","1989","Coventry","CT","Munich Motorsports","dlivingston1229@gmail.com"
"28","1","56?","Black Miata","","1:40.706","14","1 Lap","8.372","0","Mazda","Miata","Black","","","","",""
"29","5","466","Christian Sandmann","SpecE30","1:40.996","14","1 Lap","1.016","75","BMW","E30","White","","Wayne","NJ","MSC Gross B�lten e.V. im ADAC","csandmann@mac.com"
"30","6","153","Sam Jadczak","SpecE30","1:41.085","14","1 Lap","0.519","70","BMW","325i","Bronze/D.Red","1989","Horsham","PA","PJ Auto Repair","samjadczak@yahoo.com"
"31","7","89","Leo Massarani","SpecE30","1:41.081","14","1 Lap","3.654","69","BMW","325i","Red","1989","","","Drivegear",""
"32","7","194","Carla Lebentritt","Spec Miata","1:39.818","14","1 Lap","3.782","69","Mazda","Miata","Red/Black","1992","Allentown","NJ","","carlalebentrittdesigns@aol.com"
"33","8","155","David Weber","Spec Miata","1:40.936","14","1 Lap","13.887","68","Mazda","Miata","Black/Red","1996","Suffern","NY","","dcweber@optonline.net"
"34","9","44","Kevin Feller","Spec Miata","1:39.472","14","1 Lap","6.375","67","Mazda","Miata","White/Blue","1992","Deptford","NJ","Side Street Motorsports","feller.kf@gmail.com"
"35","1","109","Evan Luce","PTF","1:43.166","13","2 Laps","1 Lap","50","Mazda","Protege","Black/Silver/Red","2001","Langhorne","PA","","evanrluce@gmail.com"
"36","2","9","Anthony Robison","Honda Chal 1","1:40.844","12","3 Laps","1 Lap","90","Honda","Civic","White","1992","Bensalem","PA","","tony@fortrob.com"
"DNF","DNF","37","Brian Casella","Honda Chal 2","1:37.002","5","DNF","7 Laps","35","Acura","Integra Type R","White/Orange","1999","Pompton Plains","NJ","#whiteteam","briancasella@gmail.com"
"DNF","DNF","530","Michael Sousa","GTS2","1:34.534","2","DNF","3 Laps","35","BMW","M3","Red/Black/White","1997","Coventry","CT","CIP Motorsports","rokkitman1@gmail.com"
