"Pos","PIC","No.","Name","Class","Best Tm","Laps","Diff","Gap","Points","Make","Model","Color","Year","City","State","Sponsor","Email"
"1","1","29","Richard Bocanegra","Spec E46","1:15.080","22","","","100","BMW","330i","Silver","2001","Bergenfield","NJ","Rogue Engineering","richjr@wymbs.com"
"2","2","64","Edward Phillips","Spec E46","1:14.712","22","1.998","1.998","90","BMW","330ci","White","2003","Mt. Kisco","NY","","ephillips@kblaw.com"
"3","1","530","Michael Sousa","GTS2","1:14.860","22","5.140","3.142","100","BMW","M3","Red/Black/White","1997","Coventry","CT","CIP Motorsports","rokkitman1@gmail.com"
"4","2","336","Dan Harnick","GTS2","1:14.705","22","5.650","0.510","90","BMW","M3","Black","1998","New York","NY","","dharnick@gmail.com"
"5","3","345","Christina Lam","GTS2","1:17.321","22","48.524","42.874","85","BMW","M3","Black","1998","Vienna","VA","","clicketyclam@gmail.com"
"6","4","121","Douglas Horton","GTS2","1:15.712","22","52.411","3.887","80","BMW","M3","White","1995","Brooklyn","NY","","doug.bmxdude77@gmail.com"
"7","1","46","Michael Fries","Honda Chal 2","1:16.013","22","1:48.483","56.072","100","Honda","S2000","Yellow","2008","Westernville","NY","Lifted","mfries@twcny.rr.com"
"8","1","51","Paul Redante","Spec Miata","1:18.934","21","1 Lap","1 Lap","100","Mazda","Miata","Blue","1999","Ivyland","PA","drmachine.com","pcdrj@verizon.net"
"9","2","18","Benjamin Miller","Spec Miata","1:18.868","21","1 Lap","0.428","90","Mazda","Miata","Red","1991","Midland Park","NJ","EFI Logics","benm@milleraa.com"
"10","2","484","Steven Simmons","Honda Chal 2","1:17.583","21","1 Lap","23.728","90","Acura","Integra","White","1996","Rockaway","NJ","#whiteteam","steven.simmons484@gmail.com"
"11","3","517","Zephyr Belski","Honda Chal 2","1:17.974","21","1 Lap","4.401","85","Acura","Integra","L.Blue/Black","1994","Middlesex","NJ","#blueteam","zbelski@gmail.com"
"12","3","313","Jim Tramontano","Spec Miata","1:19.685","21","1 Lap","0.554","85","Mazda","Miata","White","1996","Lambertville","NJ","Infamous Jim's Auto Art","jimtramontano@gmail.com"
"13","4","003G","Robert Noaker","Spec Miata","1:19.751","21","1 Lap","1.929","80","Mazda","Miata","Orange","1999","Duncannon","PA","","robertnoaker@noakersautobody.com"
"14","5","14","David Deerson","Spec Miata","1:19.739","21","1 Lap","0.365","75","Mazda","Miata","Blue","","","NJ","",""
"15","6","44","Kevin Feller","Spec Miata","1:19.397","21","1 Lap","0.269","70","Mazda","Miata","White/Blue","1992","Deptford","NJ","Side Street Motorsports","feller.kf@gmail.com"
"16","1","36","Robert Casella","SpecE30","1:18.377","21","1 Lap","9.504","100","Acura","Integra Type R","Black","1998","Pompton Plains","NJ","Axle Casella","rcasella18@aol.com"
"17","2","477","Christopher Allen","SpecE30","1:18.457","21","1 Lap","0.044","90","BMW","325is","Black","1988","Rydal","PA","","chrisblakeallen@gmail.com"
"18","1","308G","Benjamin Carey","PTD","1:19.522","21","1 Lap","16.543","50","Mazda","Miata","Yellow/Black","1990","frenchtown","NJ","",""
"19","5","520","Larry Marks","GTS2","1:19.285","21","1 Lap","1.164","75","BMW","M3","Silver","1999","South Windsor","CT","","nomowhal@gmail.com"
"20","3","20","James Mertz","SpecE30","1:19.137","21","1 Lap","12.191","85","BMW","E30","Red","1991","Saylorsburg","PA","StoogeMoe Racing","goldie83@ptd.net"
"21","4","87","Michael Kovac","SpecE30","1:18.972","21","1 Lap","2.442","80","BMW","325is","Blue/Green","1987","","","Drivegear",""
"22","5","141","Ed Cangialosi","SpecE30","1:19.547","21","1 Lap","1.645","75","BMW","325","Black","1987","White Plains","NY","Reparto Corse","edcangialosi@gmail.com"
"23","4","219","Lenny Hong","Honda Chal 2","1:20.290","20","2 Laps","1 Lap","80","Acura","Integra","Red/Black","1997","Santa Monica","CA","#redteam","lennyhong@gmail.com"
"24","5","373","Nathan Bookbinder","Honda Chal 2","1:19.701","20","2 Laps","0.751","75","Acura","Integra","White/Blue/Orange","1996","Middletown","NY","","nbookbinder@gmail.com"
"25","7","194","Carla Lebentritt","Spec Miata","1:23.733","20","2 Laps","39.887","69","Mazda","Miata","Red/Black","1992","Allentown","NJ","","carlalebentrittdesigns@aol.com"
"26","6","129","Daniel Livingston","SpecE30","1:21.457","20","2 Laps","3.174","70","BMW","E30","Black","1989","Coventry","CT","Munich Motorsports","dlivingston1229@gmail.com"
"27","7","153","Sam Jadczak","SpecE30","1:21.218","20","2 Laps","0.538","69","BMW","325i","Bronze/D.Red","1989","Horsham","PA","PJ Auto Repair","samjadczak@yahoo.com"
"28","8","89","Leo Massarani","SpecE30","1:23.864","19","3 Laps","1 Lap","68","BMW","325i","Red","1989","","","Drivegear",""
"29","6","10","Erik Olson","Honda Chal 2","1:18.240","13","9 Laps","6 Laps","70","Honda","Civic","Red","1992","Pennsburg","PA","#redteam","mosser@ptd.net"
"DNF","DNF","516","Spencer Anderson","Honda Chal 2","1:15.902","5","DNF","8 Laps","35","Honda","Civic","Red/Silver","1994","Freeport","NY","#redteam","noriceef@aol.com"
"DNF","DNF","7","Jan Wang","Honda Chal 2","1:38.339","1","DNF","4 Laps","35","Honda","Civic","Red","1992","Tenafly","NJ","#redteam","JanWang74@aol.com"
"DQ","DQ","802","Daniel Honovich","Honda Chal 1","1:15.304","22","DQ","","0","Honda","S2000","D.Gray","2002","Carmel","NY","www.MossbergOwners.com","sales@danhonovich.com"
