"Pos","PIC","No.","Name","Class","Best Tm","Laps","Diff","Gap","Points","Make","Model","Color","Year","City","State","Sponsor","Email"
"1","1","48","John George","Super Touring 2","1:25.515","16","","","100","Factory Five","Type65 Coupe R","White","2017","Nashua","NH","Factory Five Racing | The Traveling Builder","john.cristian.george@gmail.com"
"2","2","061","John Robbins","Super Touring 2","1:28.210","16","29.806","29.806","90","Mitsubishi","Evolution X","Gray","2008","Ridgefield","CT","EFI Logics","john@jprautosports.com"
"3","1","24","AJ Hartman","American Iron","1:28.786","16","45.216","15.410","100","Ford","Mustang GT","Black","1999","Millville","NJ","AJ Hartman Racing","aj@ajhartmanracing.com"
"4","1","226","Will Vanjonack","GTS4","1:26.865","16","46.327","1.111","100","BMW","M3","Gray","1997","Chester Springs","PA","Pioneer","william.vanjonack@westpharma.com"
"5","3","45","Alan Cohen","Super Touring 2","1:28.920","16","50.005","3.678","85","Cadillac","CTS-V","Blue","2009","Freeport","NY","","alan@ctsvracing.com"
"6","2","70","Albert Watson","American Iron","1:30.160","16","57.556","7.551","90","Ford","Mustang","D.Red","1989","Whitehouse Station","NJ","Street Motorsports","al_streetmotorsports@hotmail.com"
"7","2","914","Jack Haberman","GTS4","1:27.264","16","1:01.348","3.792","90","BMW","M3","Orange/Black","2003","Chatham","NJ","Modern Auto Body | VAC Motorsports","jack.b.haberman@gmail.com"
"8","1","714","Aaron Turek","GTS3","1:28.862","16","1:25.673","24.325","100","BMW","M3","Green/Black/White","1997","East Windsor","CT","Munich Motorsports","munichaaron@gmail.com"
"9","3","542","Joshua Prinzivalli","GTS4","1:28.909","15","1 Lap","1 Lap","85","BMW","M3","White","1995","Vernon","CT","Munich Motorsports","joshprinzivalli@yahoo.com"
"10","4","111","Mark Lounsbury","GTS4","1:28.528","15","1 Lap","2.232","80","BMW","M3","White/Black","2004","Chadds Ford","PA","VAC Motorsports","doclounz@verizon.net"
"11","2","90","Rob Jackowitz","GTS3","1:29.103","15","1 Lap","2.581","90","BMW","M3","White/Black","1999","Irvington","NY","VAC Motorsports","rjme@msn.com"
"12","4","92","John Gatzemeyer","Super Touring 2","1:32.054","15","1 Lap","2.850","80","Chevrolet","Corvette","Red","2001","Piscataway","NJ","Elusive Racing","john_gatzemeyer@colpal.com"
"13","1","188","J. Michael Stillwagon","American Iron Extreme","1:33.634","15","1 Lap","3.216","100","Ford","FR500S","White","2008","East Northport","NY","","still500kr@aol.com"
"14","3","330","Eric Magnussen","GTS3","1:30.916","15","1 Lap","12.205","85","BMW","M3","Yellow","2001","Exton","PA","Pocono Autowerks","epm5019@gmail.com"
"15","4","311","Frank Millan","GTS3","1:30.560","15","1 Lap","0.463","80","BMW","M3","D.Blue","2006","Dix Hills","NY","","fmillan0113@gmail.com"
"16","5","156","Luke Pardi","GTS3","1:30.802","15","1 Lap","0.355","75","BMW","M3","Black","2003","Wyckoff","NJ","Northeast Motorsports","lukepardi@gmail.com"
"17","6","909","Foad Razavi","GTS3","1:30.705","15","1 Lap","0.644","70","BMW","M3","Silver Camo","2003","East Windsor","CT","Munich Motorsports","foadrazavi@yahoo.com"
"18","3","91","Jeff Shaw","American Iron","1:33.688","15","1 Lap","2.080","85","Ford","Mustang Cobra","Yellow","1998","Somerset","NJ","","jeffreyshaw90@gmail.com"
"19","7","136","Kazimierz Sperling","GTS3","1:30.426","15","1 Lap","6.603","69","BMW","M3","White","2003","New Hyde Park","NY","","kazsperling@gmail.com"
"20","5","923","Robert Mager","GTS4","1:30.941","15","1 Lap","4.651","75","BMW","325","Yellow","1984","Washington Twp","NJ","Orange Lantern","robert.mager@jcdecaux.com"
"21","8","231","Nahel Yanni","GTS3","1:32.439","15","1 Lap","24.031","68","Porsche","Cayman S","Black","2008","East Brunswick","NJ","","nahel.yanni@gmail.com"
"22","9","25","David Seidman","GTS3","1:39.492","14","2 Laps","1 Lap","67","BMW","M3","Blue","1995","West Harrison","NY","VAC Motorsports","daseidman@aol.com"
"23","6","H44","Michael Gershanok","GTS4","1:40.234","13","3 Laps","1 Lap","70","BMW","","Yellow/Blue","","","","NJ Bent Wheel",""
"24","5","619","Adrian Wlostowski","Super Touring 2","1:25.386","12","4 Laps","1 Lap","75","Chevrolet","Corvette Grand Sport","Black","2010","Maspeth","NY","F.A.S.T. Auto","adrian@fast-auto-repair.com"
"DNF","DNF","198","Scott Chambers","American Iron Extreme","1:34.841","2","DNF","","50","Ford","Mustang Cobra","Black","1998","Millis","MA","","sdcham@msn.com"
"DQ","DQ","62","Wayne Patterson","Super Unlimited","1:29.099","13","DQ","","0","Factory Five","Challenge","Blue","2006","Yardley","PA","","wayne@wwoc33.com"
