"Pos","PIC","No.","Name","Class","Best Tm","Laps","Diff","Gap","Points","Make","Model","Color","Year","City","State","Sponsor","Email"
"1","1","79","Jake Namer","Super Touring 2","1:33.101","17","","","100","Mazda","RX-7","Gray Multi","2005","Brooklyn","NY","Hamfist Racing",""
"2","1","542","Joshua Prinzivalli","GTS4","1:34.280","17","32.468","32.468","100","BMW","M3","White","1995","Vernon","CT","Munich Motorsports","joshprinzivalli@yahoo.com"
"3","1","24","AJ Hartman","American Iron","1:35.673","17","38.236","5.768","100","Ford","Mustang GT","Black","1999","Millville","NJ","AJ Hartman Racing","aj@ajhartmanracing.com"
"4","1","714","Aaron Turek","GTS3","1:36.456","17","38.940","0.704","100","BMW","M3","Green/Black/White","1997","East Windsor","CT","Munich Motorsports","munichaaron@gmail.com"
"5","2","712","Chris Petersen","GTS3","1:36.295","17","40.967","2.027","90","BMW","M3","Black","2004","Wayne","NJ","","craftyvtec@hotmail.com"
"6","3","136","Kazimierz Sperling","GTS3","1:37.423","17","1:14.301","33.334","85","BMW","M3","White","2003","New Hyde Park","NY","","kazsperling@gmail.com"
"7","2","302","Eric Fuehrer","American Iron","1:39.569","17","1:39.552","25.251","90","Ford","Mustang","White","2014","Nescopeck","PA","","mavam729@gmail.com"
"8","3","91","Jeff Shaw","American Iron","1:39.734","17","2:12.634","33.082","85","Ford","Mustang Cobra","Yellow","1998","Somerset","NJ","","jeffreyshaw90@gmail.com"
"9","1","82","John Pattman","American Iron Extreme","1:40.148","16","1 Lap","1 Lap","50","Ford","Mustang","Blue","2008","Midland Park","NJ","","jack@pattmanplumbing.com"
"10","4","909","Foad Razavi","GTS3","1:40.642","16","1 Lap","5.675","80","BMW","M3","Silver Camo","2003","East Windsor","CT","Munich Motorsports","foadrazavi@yahoo.com"
"11","1","530","Michael Sousa","GTS2","1:39.292","16","1 Lap","12.657","100","BMW","M3","Red/Black/White","1997","Coventry","CT","CIP Motorsports","rokkitman1@gmail.com"
"12","2","203","Jeffrey Daigle","GTS2","1:39.721","16","1 Lap","0.352","90","BMW","M3","White","1995","Richmond","MA","","jeffrey.daigle@gmail.com"
"13","3","345","Christina Lam","GTS2","1:39.593","16","1 Lap","0.619","85","BMW","M3","Black","1998","Vienna","VA","","clicketyclam@gmail.com"
"14","2","92","John Gatzemeyer","Super Touring 2","1:41.286","16","1 Lap","5.387","90","Chevrolet","Corvette","Red","2001","Piscataway","NJ","Elusive Racing","john_gatzemeyer@colpal.com"
"15","4","121","Douglas Horton","GTS2","1:39.712","16","1 Lap","15.299","80","BMW","M3","White","1995","Brooklyn","NY","","doug.bmxdude77@gmail.com"
"16","1","802","Daniel Honovich","Honda Chal 1","1:40.892","16","1 Lap","13.960","50","Honda","S2000","D.Gray","2002","Carmel","NY","www.MossbergOwners.com","sales@danhonovich.com"
"17","1","29","Richard Bocanegra","Spec E46","1:41.098","16","1 Lap","3.560","100","BMW","330i","Silver","2001","Bergenfield","NJ","Rogue Engineering","richjr@wymbs.com"
"18","1","516","Spencer Anderson","Honda Chal 2","1:42.332","16","1 Lap","7.760","100","Honda","Civic","Red/Silver","1994","Freeport","NY","#redteam","noriceef@aol.com"
"19","2","331G","Michael Gershanok","GTS4","1:44.059","16","1 Lap","1.958","90","BMW","","Blue/White","","","NJ","NJBentWheel.com",""
"20","2","484","Steven Simmons","Honda Chal 2","1:43.782","16","1 Lap","24.888","90","Acura","Integra","White","1996","Rockaway","NJ","#whiteteam","steven.simmons484@gmail.com"
"21","3","37","Brian Casella","Honda Chal 2","1:43.977","16","1 Lap","0.323","85","Acura","Integra Type R","White/Orange","1999","Pompton Plains","NJ","#whiteteam","briancasella@gmail.com"
"22","2","149","Steve Coppola","Spec E46","1:44.550","15","2 Laps","1 Lap","90","BMW","330ci","Black","2001","Guilford","CT","","coppolas53@gmail.com"
"23","5","84","Adam Hessel","GTS3","1:43.136","15","2 Laps","5.173","75","BMW","M3","Red/Gray/White","2004","East Northport","NY","Hi-Speed Motorsports","adam.hessel@gmail.com"
"24","1","39G","Jason Griscavage","SpecE30","1:45.651","15","2 Laps","17.247","100","BMW","325is","White","1989","Springfield","VA","","jasongriscavage@yahoo.com"
"25","2","36","Robert Casella","SpecE30","1:46.024","15","2 Laps","5.796","90","Acura","Integra Type R","Black","1998","Pompton Plains","NJ","Axle Casella","rcasella18@aol.com"
"26","1","303","Robert Noaker","Spec Miata","1:46.220","15","2 Laps","1.713","100","Mazda","Miata","Orange","1999","Duncannon","PA","","rn@nautobody.com"
"27","3","20","James Mertz","SpecE30","1:46.717","15","2 Laps","0.765","85","BMW","E30","Red","1991","Saylorsburg","PA","StoogeMoe Racing","goldie83@ptd.net"
"28","2","27","Devin Gregory","Spec Miata","1:46.342","15","2 Laps","6.157","90","Mazda","Miata","Red","1991","Redding","CT","EFI Logics","dpgregory@gregory-builders.com"
"29","4","258","Stuart Phillips","Honda Chal 2","1:45.733","15","2 Laps","1.170","80","Acura","Integra","White/Red","1998","Baldwin","NY","#doubleteam","stuphillips_5@hotmail.com"
"30","5","373","Nathan Bookbinder","Honda Chal 2","1:45.870","15","2 Laps","1.525","75","Acura","Integra","White/Blue/Orange","1996","Middletown","NY","","nbookbinder@gmail.com"
"31","1","86","Scott Smith","GTS1","1:46.982","15","2 Laps","10.040","50","BMW","325","Yellow/Red/Black","1986","Chester","CT","","scott.w.smith@pfizer.com"
"32","3","313","Jim Tramontano","Spec Miata","1:47.906","15","2 Laps","3.646","85","Mazda","Miata","White","1996","Lambertville","NJ","Infamous Jim's Auto Art","jimtramontano@gmail.com"
"33","4","129","Daniel Livingston","SpecE30","1:49.387","15","2 Laps","38.713","80","BMW","E30","Black","1989","Coventry","CT","Munich Motorsports","dlivingston1229@gmail.com"
"34","3","48","John George","Super Touring 2","1:33.231","14","3 Laps","1 Lap","85","Factory Five","Type65","White","2017","Nashua","NH","Factory Five Racing | The Traveling Builder","john.cristian.george@gmail.com"
"35","5","466","Christian Sandmann","SpecE30","1:51.028","14","3 Laps","5:00.889","75","BMW","E30","White","","Wayne","NJ","MSC Gross B�lten e.V. im ADAC","csandmann@mac.com"
"36","5","520","Larry Marks","GTS2","1:43.519","14","3 Laps","6.282","75","BMW","M3","Silver","1999","South Windsor","CT","","nomowhal@gmail.com"
"37","6","589","Joel Karns","SpecE30","1:53.431","14","3 Laps","19.363","70","BMW","325i","White","1988","Chester","NJ","RAW Racing","jkarns@nasane.com"
"38","1","420","Brian Goldburg","Super Touring 1","1:31.103","7","10 Laps","7 Laps","50","Panoz","GTS","Yellow/Black/Red","2002","","","Milestone MotorWorX",""
"DNF","DNF","18","Benjamin Miller","Spec Miata","1:45.517","5","DNF","2 Laps","43","Mazda","Miata","Red","1991","Midland Park","NJ","EFI Logics","benm@milleraa.com"
