"Pos","PIC","No.","Name","Class","Best Tm","Laps","Diff","Gap","Points","Make","Model","Color","Year","City","State","Sponsor","Email"
"1","1","530","Michael Sousa","GTS2","1:30.185","14","","","100","BMW","M3","Red/Black/White","1997","Coventry","CT","CIP Motorsports","rokkitman1@gmail.com"
"2","2","244","Hans Thomsen","GTS2","1:30.960","14","1.689","1.689","90","BMW","M3","L.Green","1995","Mendham","NJ","","e30bimmer222@gmail.com"
"3","3","345","Christina Lam","GTS2","1:31.118","14","17.499","15.810","85","BMW","M3","Black","1998","Vienna","VA","","clicketyclam@gmail.com"
"4","1","29","Richard Bocanegra","Spec E46","1:32.190","14","26.150","8.651","100","BMW","330i","Silver","2001","Bergenfield","NJ","Rogue Engineering","richjr@wymbs.com"
"5","1","516","Spencer Anderson","Honda Chal 2","1:32.250","14","31.200","5.050","100","Honda","Civic","Red/Silver","1994","Freeport","NY","#redteam","noriceef@aol.com"
"6","2","177","Joe Fuchs","Spec E46","1:32.851","14","33.281","2.081","90","BMW","330","Blue/Gray","2001","","","",""
"7","4","12","Anthony Bodine","GTS2","1:32.413","14","33.480","0.199","80","BMW","330i","Red","2003","Cranston","RI","","ajbodine2@gmail.com"
"8","2","7","Jan Wang","Honda Chal 2","1:33.276","14","42.070","8.590","90","Honda","Civic","Red","1992","Tenafly","NJ","#redteam","JanWang74@aol.com"
"9","5","824","Vinh Chau","GTS2","1:32.550","14","55.145","13.075","75","BMW","M3","Yellow","1995","Philadelphia","PA","","vchau76@gmail.com"
"10","1","802","Daniel Honovich","Honda Chal 1","1:32.416","14","55.648","0.503","100","Honda","S2000","D.Gray","2002","Carmel","NY","www.MossbergOwners.com","sales@danhonovich.com"
"11","2","881","Erik Olson","Honda Chal 1","1:33.771","14","1:02.923","7.275","90","Acura","Integra","White","2001","Pennsburg","PA","DBA | Hoosier | Exedy","mosser@ptd.net"
"12","3","517","Zephyr Belski","Honda Chal 2","1:35.274","14","1:04.256","1.333","85","Acura","Integra","L.Blue/Black","1994","Middlesex","NJ","#blueteam","zbelski@gmail.com"
"13","6","520","Larry Marks","GTS2","1:34.443","14","1:05.365","1.109","70","BMW","M3","Silver","1999","South Windsor","CT","","nomowhal@gmail.com"
"14","3","67","Scott Rosen","Spec E46","1:34.623","14","1:06.634","1.269","85","BMW","330Ci","Black","2001","Swampscott","MA","","scottarosen@gmail.com"
"15","4","219","Lenny Hong","Honda Chal 2","1:35.124","14","1:15.132","8.498","80","Acura","Integra","Red/Black","1997","Santa Monica","CA","#redteam","lennyhong@gmail.com"
"16","5","373","Nathan Bookbinder","Honda Chal 2","1:36.094","14","1:21.512","6.380","75","Acura","Integra","White/Blue/Orange","1996","Middletown","NY","","nbookbinder@gmail.com"
"17","4","608","Tim Sheldon","Spec E46","1:35.843","14","1:27.763","6.251","80","BMW","330","Silver","2003","Elkton","MD","","tim.sheldon@comcast.net"
"18","5","750","David Ameen","Spec E46","1:36.986","14","1:29.889","2.126","75","BMW","330","Blue","2002","Elkton","MD","","davidjameen@gmail.com"
"19","1","57","Dr. Frank Celenza","Spec 986","1:38.574","13","1 Lap","1 Lap","50","Porsche","Boxster","Blue","1999","Haworth","NJ","Acceledent","fastfranz@aol.com"
"20","1","86","Scott Smith","GTS1","1:38.917","13","1 Lap","1.099","50","BMW","325","Yellow/Red/Black","1986","Chester","CT","","scott.w.smith@pfizer.com"
"21","1","700","Marc Cefalo","Spec Miata","1:35.929","13","1 Lap","2.430","100","Mazda","Miata","Blue/Green","2002","","","Planet Miata",""
"22","2","27","Devin Gregory","Spec Miata","1:36.217","13","1 Lap","7.822","90","Mazda","Miata","Red","1991","Redding","CT","EFI Logics","dpgregory@gregory-builders.com"
"23","3","777","Agemiro de Paula","Spec Miata","1:36.144","13","1 Lap","0.247","85","Mazda","MX-5","White","2001","Whitestone","NY","JR","apjr1@verizon.net"
"24","4","18","Benjamin Miller","Spec Miata","1:36.279","13","1 Lap","0.489","80","Mazda","Miata","Red","1991","Midland Park","NJ","EFI Logics","benm@milleraa.com"
"25","1","36","Robert Casella","SpecE30","1:36.136","13","1 Lap","5.029","100","Acura","Integra Type R","Black","1998","Pompton Plains","NJ","Axle Casella","rcasella18@aol.com"
"26","5","303","Robert Noaker","Spec Miata","1:36.445","13","1 Lap","4.127","75","Mazda","Miata","Orange","1999","Duncannon","PA","","rn@nautobody.com"
"27","2","20","James Mertz","SpecE30","1:36.727","13","1 Lap","4.860","90","BMW","E30","Red","1991","Saylorsburg","PA","StoogeMoe Racing","goldie83@ptd.net"
"28","6","313","Jim Tramontano","Spec Miata","1:36.947","13","1 Lap","1.963","70","Mazda","Miata","White","1996","Lambertville","NJ","Infamous Jim's Auto Art","jimtramontano@gmail.com"
"29","3","762","Matthew Herd","SpecE30","1:38.150","13","1 Lap","16.212","85","BMW","325i","White","1989","","","",""
"30","7","51","Paul Redante","Spec Miata","1:36.934","13","1 Lap","1.737","69","Mazda","Miata","Blue","1999","Ivyland","PA","drmachine.com","pcdrj@verizon.net"
"31","8","14","David Deerson","Spec Miata","1:37.482","13","1 Lap","3.331","68","Mazda","Miata","Blue","","","NJ","",""
"32","4","466","Christian Sandmann","SpecE30","1:39.357","13","1 Lap","19.848","80","BMW","E30","White","","Wayne","NJ","MSC Gross B�lten e.V. im ADAC","csandmann@mac.com"
"33","5","129","Daniel Livingston","SpecE30","1:38.894","13","1 Lap","0.515","75","BMW","E30","Black","1989","Coventry","CT","Munich Motorsports","dlivingston1229@gmail.com"
"34","1","308G","Benjamin Carey","PTD","1:40.080","12","2 Laps","1 Lap","50","Mazda","Miata","Yellow/Black","1990","frenchtown","NJ","",""
"35","6","88","Peter Raymond","SpecE30","1:42.576","12","2 Laps","21.041","70","BMW","325","Gray","1989","","","Drivegear",""
"36","7","203","Jeffrey Daigle","GTS2","1:31.365","11","3 Laps","1 Lap","69","BMW","M3","White","1995","Richmond","MA","","jeffrey.daigle@gmail.com"
"37","6","258","Stuart Phillips","Honda Chal 2","1:35.028","8","6 Laps","3 Laps","70","Acura","Integra","White/Red","1998","Baldwin","NY","#doubleteam","stuphillips_5@hotmail.com"
"38","7","37","Brian Casella","Honda Chal 2","1:35.053","7","7 Laps","1 Lap","69","Acura","Integra Type R","White/Orange","1999","Pompton Plains","NJ","#whiteteam","briancasella@gmail.com"
"DNF","DNF","121","Douglas Horton","GTS2","1:36.401","3","DNF","4 Laps","35","BMW","M3","White","1995","Brooklyn","NY","","doug.bmxdude77@gmail.com"
"DNF","DNF","999","Cecil Ramotar","GTS2","1:34.129","3","DNF","9:18.188","35","BMW","M3","Blue","1998","","","","cramotar@aol.com"
"DNF","DNF","484","Steven Simmons","Honda Chal 2","1:40.667","2","DNF","1 Lap","35","Acura","Integra","White","1996","Rockaway","NJ","#whiteteam","steven.simmons484@gmail.com"
