"Pos","PIC","No.","Name","Class","Best Tm","Laps","Diff","Gap","Points","Make","Model","Color","Year","City","State","Sponsor","Email"
"1","1","530","Michael Sousa","GTS2","59.498","21","","","100","BMW","M3","Red/Black/White","1997","Coventry","CT","CIP Motorsports","rokkitman1@gmail.com"
"2","2","203","Jeffrey Daigle","GTS2","59.794","21","1.869","1.869","90","BMW","M3","White","1995","Richmond","MA","","jeffrey.daigle@gmail.com"
"3","3","520","Larry Marks","GTS2","1:00.327","21","17.409","15.540","85","BMW","M3","Silver","1999","South Windsor","CT","","nomowhal@gmail.com"
"4","4","824","Vinh Chau","GTS2","1:00.619","21","23.108","5.699","80","BMW","M3","Yellow","1995","Philadelphia","PA","","vchau76@gmail.com"
"5","5","345","Christina Lam","GTS2","1:01.112","21","54.308","31.200","75","BMW","M3","Black","1998","Vienna","VA","","clicketyclam@gmail.com"
"6","1","802","Daniel Honovich","Honda Chal 1","1:01.372","21","55.950","1.642","100","Honda","S2000","D.Gray","2002","Carmel","NY","www.MossbergOwners.com","sales@danhonovich.com"
"7","1","37","Brian Casella","Honda Chal 2","1:01.358","21","57.599","1.649","100","Acura","Integra Type R","White/Orange","1999","Pompton Plains","NJ","#whiteteam","briancasella@gmail.com"
"8","2","516","Spencer Anderson","Honda Chal 2","1:01.645","21","58.020","0.421","90","Honda","Civic","Red/Silver","1994","Freeport","NY","#redteam","noriceef@aol.com"
"9","1","18","Benjamin Miller","Spec Miata","1:03.479","20","1 Lap","1 Lap","100","Mazda","Miata","Red","1991","Midland Park","NJ","EFI Logics","benm@milleraa.com"
"10","2","881","Erik Olson","Honda Chal 1","1:01.875","20","1 Lap","1.646","90","Acura","Integra","White","2001","Pennsburg","PA","DBA | Hoosier | Exedy","mosser@ptd.net"
"11","3","484","Steven Simmons","Honda Chal 2","1:02.523","20","1 Lap","13.368","85","Acura","Integra","White","1996","Rockaway","NJ","#whiteteam","steven.simmons484@gmail.com"
"12","4","517","Zephyr Belski","Honda Chal 2","1:02.965","20","1 Lap","5.814","80","Acura","Integra","L.Blue/Black","1994","Middlesex","NJ","#blueteam","zbelski@gmail.com"
"13","2","51","Paul Redante","Spec Miata","1:04.520","20","1 Lap","0.284","90","Mazda","Miata","Blue","1999","Ivyland","PA","drmachine.com","pcdrj@verizon.net"
"14","5","46","Michael Fries","Honda Chal 2","1:03.020","20","1 Lap","0.104","75","Honda","S2000","Yellow","2008","Westernville","NY","Lifted","mfries@twcny.rr.com"
"15","1","36","Robert Casella","SpecE30","1:02.762","20","1 Lap","8.675","100","Acura","Integra Type R","Black","1998","Pompton Plains","NJ","Axle Casella","rcasella18@aol.com"
"16","1","210","Robert Cohen","Spec 986","1:04.547","20","1 Lap","0.902","100","Porsche","Boxster","Blue","1998","Bolton","MA","Cohen Financial Group","robertncohen@spamarrest.com"
"17","3","313","Jim Tramontano","Spec Miata","1:04.353","20","1 Lap","5.615","85","Mazda","Miata","White","1996","Lambertville","NJ","Infamous Jim's Auto Art","jimtramontano@gmail.com"
"18","2","20","James Mertz","SpecE30","1:03.940","20","1 Lap","3.985","90","BMW","E30","Red","1991","Saylorsburg","PA","StoogeMoe Racing","goldie83@ptd.net"
"19","3","39G","Jason Griscavage","SpecE30","1:03.883","20","1 Lap","0.426","85","BMW","325is","White","1989","Springfield","VA","","jasongriscavage@yahoo.com"
"20","4","141","Ed Cangialosi","SpecE30","1:03.852","20","1 Lap","1.190","80","BMW","325","Black","1987","White Plains","NY","Reparto Corse","edcangialosi@gmail.com"
"21","4","194","Carla Lebentritt","Spec Miata","1:05.464","20","1 Lap","2.683","80","Mazda","Miata","Red/Black","1992","Allentown","NJ","","carlalebentrittdesigns@aol.com"
"22","1","551","Amy Dilks","Super Touring 4","1:04.842","20","1 Lap","12.953","50","Subaru","WRX STi","Purple/White","2004","Pleasant Valley","NJ","","stripesrx@aol.com"
"23","5","477","Christopher Allen","SpecE30","1:05.001","19","2 Laps","1 Lap","75","BMW","325is","Black","1988","Rydal","PA","","chrisblakeallen@gmail.com"
"24","6","762","Matthew Herd","SpecE30","1:04.702","19","2 Laps","1.711","70","BMW","325i","White","1989","","","",""
"25","7","161","Jake Namer","SpecE30","1:05.143","19","2 Laps","1.877","69","BMW","325i","White","1988","","","DriveGear",""
"26","8","129","Daniel Livingston","SpecE30","1:04.847","19","2 Laps","1.025","68","BMW","E30","Black","1989","Coventry","CT","Munich Motorsports","dlivingston1229@gmail.com"
"27","9","153","Sam Jadczak","SpecE30","1:05.501","19","2 Laps","17.516","67","BMW","325i","Bronze/D.Red","1989","Horsham","PA","PJ Auto Repair","samjadczak@yahoo.com"
"28","10","589","Joel Karns","SpecE30","1:06.299","19","2 Laps","13.665","66","BMW","325i","White","1988","Chester","NJ","RAW Racing","jkarns@nasane.com"
"29","6","707","Tom Sedlack","GTS2","1:05.055","19","2 Laps","16.865","70","BMW","M3","Blue","1995","Gales Ferry","CT","","tsedlack1@aol.com"
"30","5","27","Devin Gregory","Spec Miata","1:03.949","12","9 Laps","7 Laps","75","Mazda","Miata","Red","1991","Redding","CT","EFI Logics","dpgregory@gregory-builders.com"
"31","6","777","Agemiro de Paula","Spec Miata","1:03.938","12","9 Laps","1:05.448","70","Mazda","MX-5","White","2001","Whitestone","NY","JR","apjr1@verizon.net"
"DNF","DNF","373","Nathan Bookbinder","Honda Chal 2","1:04.069","9","DNF","3 Laps","38","Acura","Integra","White/Blue/Orange","1996","Middletown","NY","","nbookbinder@gmail.com"
"DQ","DQ","59","Brad Rodier","Honda Chal 2","1:02.964","14","DQ","","0","Acura","Integra","Blue/White","1994","Yorktown Heights","NY","","dryver456@yahoo.com"
