"Pos","PIC","No.","Name","Class","Best Tm","Laps","Diff","Gap","Points","Make","Model","Color","Year","City","State","Sponsor","Email"
"1","1","48","John George","Super Touring 2","1:25.920","21","","","100","Factory Five","Type65 Coupe R","White","2017","Nashua","NH","Factory Five Racing | The Traveling Builder","john.cristian.george@gmail.com"
"2","2","619","Adrian Wlostowski","Super Touring 2","1:25.235","21","5.694","5.694","90","Chevrolet","Corvette Grand Sport","Black","2010","Maspeth","NY","F.A.S.T. Auto","adrian@fast-auto-repair.com"
"3","3","061","John Robbins","Super Touring 2","1:26.643","21","21.625","15.931","85","Mitsubishi","Evolution X","Gray","2008","Ridgefield","CT","EFI Logics","john@jprautosports.com"
"4","1","914","Jack Haberman","GTS4","1:26.558","21","34.924","13.299","100","BMW","M3","Orange/Black","2003","Chatham","NJ","Modern Auto Body | VAC Motorsports","jack.b.haberman@gmail.com"
"5","2","226","Will Vanjonack","GTS4","1:26.613","21","39.700","4.776","90","BMW","M3","Gray","1997","Chester Springs","PA","Pioneer","william.vanjonack@westpharma.com"
"6","1","24","AJ Hartman","American Iron","1:28.672","21","1:04.189","24.489","100","Ford","Mustang GT","Black","1999","Millville","NJ","AJ Hartman Racing","aj@ajhartmanracing.com"
"7","3","111","Mark Lounsbury","GTS4","1:26.900","21","1:11.309","7.120","85","BMW","M3","White/Black","2004","Chadds Ford","PA","VAC Motorsports","doclounz@verizon.net"
"8","1","714","Aaron Turek","GTS3","1:29.158","20","1 Lap","1 Lap","100","BMW","M3","Green/Black/White","1997","East Windsor","CT","Munich Motorsports","munichaaron@gmail.com"
"9","2","90","Rob Jackowitz","GTS3","1:29.400","20","1 Lap","1.118","90","BMW","M3","White/Black","1999","Irvington","NY","VAC Motorsports","rjme@msn.com"
"10","4","542","Joshua Prinzivalli","GTS4","1:28.192","20","1 Lap","2.394","80","BMW","M3","White","1995","Vernon","CT","Munich Motorsports","joshprinzivalli@yahoo.com"
"11","1","62","Wayne Patterson","Super Unlimited","1:29.996","20","1 Lap","5.167","100","Factory Five","Challenge","Blue","2006","Yardley","PA","","wayne@wwoc33.com"
"12","3","311","Frank Millan","GTS3","1:29.049","20","1 Lap","3.752","85","BMW","M3","D.Blue","2006","Dix Hills","NY","","fmillan0113@gmail.com"
"13","2","70","Albert Watson","American Iron","1:29.925","20","1 Lap","9.600","90","Ford","Mustang","D.Red","1989","Whitehouse Station","NJ","Street Motorsports","al_streetmotorsports@hotmail.com"
"14","4","909","Foad Razavi","GTS3","1:30.854","20","1 Lap","19.833","80","BMW","M3","Silver Camo","2003","East Windsor","CT","Munich Motorsports","foadrazavi@yahoo.com"
"15","5","330","Eric Magnussen","GTS3","1:31.457","20","1 Lap","6.312","75","BMW","M3","Yellow","2001","Exton","PA","Pocono Autowerks","epm5019@gmail.com"
"16","6","136","Kazimierz Sperling","GTS3","1:31.968","20","1 Lap","12.800","70","BMW","M3","White","2003","New Hyde Park","NY","","kazsperling@gmail.com"
"17","3","91","Jeff Shaw","American Iron","1:32.824","20","1 Lap","4.638","85","Ford","Mustang Cobra","Yellow","1998","Somerset","NJ","","jeffreyshaw90@gmail.com"
"18","7","231","Nahel Yanni","GTS3","1:32.547","20","1 Lap","11.273","69","Porsche","Cayman S","Black","2008","East Brunswick","NJ","","nahel.yanni@gmail.com"
"19","5","923","Robert Mager","GTS4","1:32.654","20","1 Lap","0.835","75","BMW","325","Yellow","1984","Washington Twp","NJ","Orange Lantern","robert.mager@jcdecaux.com"
"20","1","188","J. Michael Stillwagon","American Iron Extreme","1:35.084","20","1 Lap","7.907","100","Ford","FR500S","White","2008","East Northport","NY","","still500kr@aol.com"
"21","8","31","Vasil Vykhopen","GTS3","1:33.927","19","2 Laps","1 Lap","68","BMW","M3","White","2002","Manalapan","NJ","Exelegent","vasil@exelegent.com"
"22","2","198","Scott Chambers","American Iron Extreme","1:35.415","19","2 Laps","15.818","90","Ford","Mustang Cobra","Black","1998","Millis","MA","","sdcham@msn.com"
"23","4","79","Jake Namer","Super Touring 2","1:25.136","17","4 Laps","2 Laps","80","Mazda","RX-7","Gray Multi","2005","Brooklyn","NY","Hamfist Racing",""
"24","6","H44","Michael Gershanok","GTS4","1:41.591","11","10 Laps","6 Laps","70","BMW","","Yellow/Blue","","","","NJ Bent Wheel",""
