Pos,PIC,No.,Name,Class,Overall BestTm,Appeared,Diff,Gap,Points,Make,Model,Color,Year,City,State,Sponsor,Email
1,1,111,Mark Lounsbury,TTU,01:26.5,2,,,100,BMW,M3,White/Black,2004,Chadds Ford,PA,VAC Motorsports,doclounz@verizon.net
2,1,21,Thai Diep,TT4,01:27.1,2,0.569,0.569,100,Mitsubishi,Evolution IX,White,2006,Carlisle,PA,Motorsports Performance Group,taidiep@gmail.com
3,2,78,Jeff Ricca,TTU,01:27.5,3,0.965,0.396,90,Hyundai,Genesis,Gray,,,,,
4,2,415,Michael Smith,TT4,01:27.9,3,1.43,0.465,90,Mitsubishi,Evolution X,White,2013,Clay,NY,,mbsmit05@gmail.com
5,3,166,Mathieu Lussier,TTU,01:30.4,2,3.862,2.432,85,BMW,M3,White,2002,Malvern,PA,,matlussier@comcast.net
6,4,47,Jim Armontrout,TTU,01:31.0,4,4.45,0.588,80,Ford,Mustang,Black,1984,Oakland,NJ,Jim's Auto,mustang8704@yahoo.com
7,1,137,Ryan Perry,TTC,01:31.9,3,5.378,0.28,100,BMW,M3,Blue,1999,,,,
8,5,989,Robert DiGiovanni,TTU,01:32.9,3,6.421,1.043,75,BMW,,Blue,2002,Lindenhurst,NY,,robert@steelcraftrollingdoors.com
9,2,732,Samed Rizvi,TTC,01:33.1,3,6.608,0.187,90,Honda,S2000,Red,2005,Bristow,VA,,samedrizvi@gmail.com
10,3,253,Nicholas Broff,TTC,01:33.3,3,6.763,0.155,85,Chevrolet,Corvette,White/Black,2002,Mullica Hill,NJ,,nickb69@hotmail.com
11,4,696,Edgar Morales,TTC,01:34.3,4,7.766,1.003,80,Subaru,RZ,Black,2014,Clarksburg,MD,GRP.E,endless.pain@gmail.com
12,5,76,TJ Yard,TTC,01:35.1,4,8.627,0.861,75,Honda,S2000,Blue/Silver,206,Manasquan,NJ,,
13,6,60,Kurt Washeim,TTC,01:35.4,4,8.907,0.28,70,Mini,Coupe,Red/Gray,2012,Lake Hopatcong,NJ,Heinlein Racing Development,cadmad@optonline.net
14,1,303,Robert Noaker,TTE,01:36.3,3,9.754,0.847,100,Mazda,Miata,Orange,1999,Duncannon,PA,,
15,2,466,Christian Sandmann,TTE,01:38.6,2,12.097,2.343,90,BMW,E30,White,,Wayne,NJ,MSC Gross B�lten e.V. im ADAC,csandmann@mac.com
16,3,370,Chris Graham,TTE,01:39.4,3,12.88,0.783,85,Mazda,Miata,Blue,1994,Fayetteville,NY,,Cgraham278@gmail.com
17,4,888,Daniel Kim,TTE,01:41.2,4,14.642,1.762,80,Mazda,Miata,White,1999,Montville,NJ,,danhkim84@gmail.com
18,1,109,Evan Luce,TTF,01:41.2,3,14.712,0.07,100,Mazda,Protege,Black/Silver/Red,2001,Langhorne,PA,,evanrluce@gmail.com
19,1,529,Michael Phillips,TT2,01:43.8,1,17.268,2.556,100,Chevrolet,Corvette,Gray,2009,Rehoboth,MA,Autosport CT,mike4659@aol.com
20,7,169,Larry Lacey,TTC,01:43.9,3,17.361,0.093,69,Subaru,BRZ,Blue,2013,Seymour,CT,,larrylacey@live.com
21,5,79G,Jose Suero,TTE,01:45.2,4,18.669,1.308,75,Mazda,Miata,Red,,Elmsford,NY,,josesuero16@gmail.com
