"Pos","PIC","No.","Name","Class","Best Tm","Laps","Diff","Gap","Points","Make","Model","Color","Year","City","State","Sponsor","Email"
"1","1","114","Jack Orlan","Super Touring 2","1:52.166","13","","","100","BMW","M3","Black","2009","Short Hills","NJ","","jhorlan144@gmail.com"
"2","2","38","Doug Winston","Super Touring 2","1:55.105","13","44.535","44.535","90","Chevrolet","Corvette Z06","Yellow","2002","Elmsford","NY","D&M Electrical Contracting","doug@dmelectrical.com"
"3","3","24","AJ Hartman","Super Touring 2","1:56.605","13","1:25.427","40.892","85","Ford","Mustang GT","Carbon","1999","Millville","NJ","AJ Hartman Racing","aj@ajhartmanracing.com"
"4","1","330","Eric Magnussen","GTS3","1:56.691","12","1 Lap","1 Lap","100","BMW","M3","Yellow","2001","Exton","PA","Pocono Autowerks","epm5019@gmail.com"
"5","2","556","Matthew Kingsley","GTS3","2:01.805","12","1 Lap","52.994","90","BMW","M3","Black","2004","Loudonville","NY","556 Motorsports","info@nyshis.com"
"6","1","70","Albert Watson","American Iron Extreme","2:10.810","11","2 Laps","1 Lap","100","Ford","Mustang","D.Red","1989","Whitehouse Station","NJ","Street Motorsports","al_streetmotorsports@hotmail.com"
"7","1","94","Jim Granitzki","Super Unlimited","2:09.472","8","5 Laps","3 Laps","50","VanDieman","Prototype","Blue","1995","Blairstown","NJ","","jsgauto@gmail.com"
"8","1","906","Shervin Yeganeh","Spec E46","2:22.411","3","10 Laps","5 Laps","100","BMW","330ci","White","2001","Boston","MA","","shervinyeganeh@yahoo.com"
