"Pos","PIC","No.","Name","Class","Best Tm","Laps","Diff","Gap","Points","Make","Model","Color","Year","City","State","Sponsor","Email"
"1","1","491","David Moore","Super Touring 1","1:55.341","14","","","100","Dodge","Viper","Red","2005","Bridgewater","NJ","Complete Performance Motorsports","df.screw@verizon.net"
"2","1","808","Chris Benoist","Super Touring 2","1:58.846","14","51.670","51.670","100","Chevrolet","Corvette","Gray","2012","Sewell","NJ","","chrisbenoist@verizon.net"
"3","1","50","Anthony Nick","Super Unlimited","1:58.574","14","53.448","1.778","100","Chevrolet","Corvette Z06","Blue","2007","Penfield","NY","","agnick5@yahoo.com"
"4","2","24","AJ Hartman","Super Touring 2","2:01.868","14","1:33.527","40.079","90","Ford","Mustang GT","Carbon","1999","Millville","NJ","AJ Hartman Racing","aj@ajhartmanracing.com"
"5","1","84","Rob Jackowitz","GTS4","2:00.326","14","1:49.755","16.228","100","BMW","M3","Red","2004","Irvington","NY","VAC Motorsports","rjme@msn.com"
"6","1","330","Eric Magnussen","GTS3","2:00.604","14","1:54.657","4.902","100","BMW","M3","Yellow","2001","Exton","PA","Pocono Autowerks","epm5019@gmail.com"
"7","1","314","William Schachat","Super Touring 3","2:05.269","13","1 Lap","1 Lap","50","BMW","M3","Silver","2011","Jersey City","NJ","","billschachat@comcast.net"
"8","2","13G","Robert Strickland","Super Touring 1","2:05.788","13","1 Lap","15.821","90","Dodge","Viper CC","Red/White","2006","Medina","OH","","rstrickland@rsbgn.com"
"9","1","401","Mark Mattice","American Iron Extreme","2:06.130","13","1 Lap","3.167","50","Ford","FR500C","Gray","2005","Beaver Dams","NY","","matticem@kimbleinc.com"
"10","2","161","Michael Gershanok","GTS4","2:03.673","13","1 Lap","6.714","90","BMW","M3","Gray","2002","Scarsdale","NJ","Northeast Motorsports","mgershanok@motorsportsne.com"
"11","2","470","Curt Wickett","GTS3","2:05.891","13","1 Lap","3.038","90","BMW","M3","Silver","2002","Shelton","CT","","curt.wickett@gmail.com"
"12","3","56","Luke Pardi","GTS3","2:06.507","13","1 Lap","20.366","85","BMW","M3","Blue","2003","Wyckoff","NJ","Northeast Motorsports","lukepardi@gmail.com"
"13","3","92","John Gatzemeyer","Super Touring 2","2:09.490","13","1 Lap","4.512","85","Chevrolet","Corvette","Red","2001","Piscataway","NJ","Elusive Racing","john_gatzemeyer@colpal.com"
"14","1","530","Michael Sousa","GTS2","2:05.585","13","1 Lap","7.612","100","BMW","M3","Red/Black/White","1997","Coventry","CT","CIP Motorsports","rokkitman1@gmail.com"
"15","2","242","Paul Weismann","GTS2","2:07.554","13","1 Lap","2.991","90","BMW","M3","Black","1998","Westport","CT","","pw@weismanncap.com"
"16","2","94","Jim Granitzki","Super Unlimited","2:09.153","13","1 Lap","3.220","90","VanDieman","Prototype","Blue","1995","Blairstown","NJ","","jsgauto@gmail.com"
"17","3","311","Frank Millan","GTS2","2:08.963","13","1 Lap","24.797","85","BMW","M3","D.Blue","2006","Dix Hills","NY","","fmillan0113@gmail.com"
"18","4","771","Jay Parmenter","Super Touring 2","2:02.274","11","3 Laps","2 Laps","80","Chevrolet","Corvette","Silver","2003","Horseheads","NY","Parmenter Tire, Auto, and Truck Service","jay@parmenterinc.com"
"19","3","155","Lev Uretsky","GTS4","2:13.256","10","4 Laps","1 Lap","85","BMW","M235i Race","Orange","2016","Brooklyn","NY","","russian.antique@gmail.com"
"20","5","265","Mark Petronis","Super Touring 2","1:58.166","7","7 Laps","3 Laps","75","Chevrolet","Corvette Z06","Red","2004","Saratoga Springs","NY","AMTMotorsport.com","streetspeed@gmail.com"
"DNF","DNF","121","Eric Wong","Super Touring 2","1:59.995","6","DNF","1 Lap","38","BMW","M3","Blue/White","2004","","","Brakeswap.com",""
"DNF","DNF","13","Peter McIntosh II","Super Touring 2","2:00.345","5","DNF","1 Lap","38","Porsche","Cayman GT4","Black/White","2019","Hillside","NJ","McIntosh Industries","mcbenmotorsports@gmail.com"
"DNF","DNF","45","Alan Cohen","Super Unlimited","1:59.617","5","DNF","2.722","45","Ford","Mustang","White/Silver","2007","Freeport","NY","Myself","alan@ctsvracing.com"
"DNF","DNF","19","Luiz Serva","GTS3","2:06.390","2","DNF","3 Laps","43","BMW","M3","Green/White","2001","Danbury","CT","Prysma Lending Group","lserva@prysma.com"
"DQ","DQ","528","Mike Phillips","Super Touring 2","1:56.140","14","DQ","","0","Chevrolet","Corvette","Yellow","2012","Rehoboth","MA","Autosport CT","mike4659@aol.com"
"DQ","DQ","38","Doug Winston","Super Touring 2","2:00.211","14","DQ","","0","Chevrolet","Corvette Z06","Yellow","2002","Elmsford","NY","D&M Electrical Contracting","doug@dmelectrical.com"
"DQ","DQ","556","Matthew Kingsley","GTS3","2:08.485","13","DQ","","0","BMW","M3","Black","2004","Loudonville","NY","556 Motorsports","info@nyshis.com"
