"Pos","PIC","No.","Name","Class","Best Tm","Laps","Diff","Gap","Points","Make","Model","Color","Year","City","State","Sponsor","Email"
"1","1","47G","John Spain","Thunder Roadster","2:09.380","10","","","100","Thunder","Roadster","White","","Kennebunk","ME","","john@maine-art.com"
"2","2","340G","Glenn Schattman","Thunder Roadster","2:09.708","10","1.132","1.132","90","Thunder","Roadster","White","","Westport","CT","","glennschattman@gmail.com"
"3","3","314G","Alex Wolenski","Thunder Roadster","2:10.646","10","11.708","10.576","85","Thunder","Roadster","White","","Mongaup Valley","NY","","alex.wolenski@gmail.com"
"4","1","738","Jose Suero","Honda Chal 1","2:07.948","10","42.223","30.515","100","Honda","S2000","Red","2005","Elmsford","NY","","josesuero16@gmail.com"
"5","1","60","Kurt Washeim","Super Touring 5","2:14.248","10","49.335","7.112","100","Mini","R-58 Coupe","D.Gray/Red","2012","Lake Hopatcong","NJ","Heinlein Racing Development","cadmad@optonline.net"
"6","2","516","Spencer Anderson","Honda Chal 1","2:10.768","10","54.929","5.594","90","Honda","Civic","Red/Silver","1994","Freeport","NY","#redteam","noriceef@aol.com"
"7","2","79G","Patryk Tararuj","Super Touring 5","2:13.698","10","1:03.852","8.923","90","Subaru","BRZ","Blue","2016","Fulton","MD","","ptararuj@yahoo.com"
"8","3","81","Jeffrey Randolph","Super Touring 5","2:17.348","10","1:16.844","12.992","85","BMW","M3","Black","1998","Glenn Rock","NJ","","lawyerlr@aol.com"
"9","3","102G","Ronnie Vajdak","Honda Chal 1","2:12.567","10","1:29.620","12.776","85","Acura","Integra","White","1991","New York","NY","","r.vajdak@gmail.com"
"10","1","888G","Jeremy Zeitler","Honda Chal 2","2:15.641","10","1:38.939","9.319","100","Acura","Integra","Orange","1995","Cortland Manor","NY","","wholesaleparts2004@yahoo.com"
"11","2","373","Nathan Bookbinder","Honda Chal 2","2:15.989","10","1:45.420","6.481","90","Acura","Integra","White/Blue/Orange","1996","Middletown","NY","","nbookbinder@gmail.com"
"12","3","206","Marc Dias","Honda Chal 2","2:15.887","10","1:46.150","0.730","85","Honda","Civic","White","1992","Valley Stream","NY","Project One Motorsport","Mdias206@gmail.com"
"13","1","18","Benjamin Miller","Spec Miata","2:18.592","10","1:49.363","3.213","100","Mazda","Miata","Red","1991","Midland Park","NJ","EFI Logics","benm@milleraa.com"
"14","4","333","Vaughn Hoplamazian","Super Touring 5","2:18.629","10","1:50.085","0.722","80","Mazda","MX-5","Red","2006","Brookhaven","PA","Brookhaven Auto Center","vaughn.hoplamazian@gmail.com"
"15","2","14","David Deerson","Spec Miata","2:19.385","10","1:52.159","2.074","90","Mazda","Miata","White","2002","South River","NJ","","daviddeerson@yahoo.com"
"16","4","9","Anthony Robison","Honda Chal 2","2:16.370","10","1:52.363","0.204","80","Honda","Civic","White","1992","Bensalem","PA","","tony@fortrob.com"
"17","3","415","Michael Smith","Spec Miata","2:19.878","10","2:01.742","9.379","85","Mazda","Miata","Blue","2003","Clay","NY","Spec13 Motorsports","mbsmit05@gmail.com"
"18","4","888","Daniel Kim","Spec Miata","2:20.098","10","2:02.740","0.998","80","Mazda","Miata","White","1999","Montville","NJ","","danhkim84@gmail.com"
"19","1","74G","Robert Grace","SpecE30","2:16.607","10","2:05.310","2.570","100","BMW","325i","Orange","1990","Sterling","VA","","robertgrace.h@gmail.com"
"20","2","14G","Team Cobetto","SpecE30","2:16.676","10","2:06.048","0.738","90","BMW","325i","White","1988","Montpelier","VA","","chris@nasaracing.net"
"21","5","3","Peter McIntosh II","Spec Miata","2:20.737","10","2:10.131","4.083","75","Mazda","Miata","Silver","1995","Annandale","NJ","McIncelli Mechanical","peteypablo511@hotmail.com"
"22","6","313","Jim Tramontano","Spec Miata","2:21.099","10","2:10.545","0.414","70","Mazda","Miata","White","1996","Lambertville","NJ","Infamous Jim's Auto Art","jimtramontano@gmail.com"
"23","1","139","Dillon Brennan","Honda Chal 4","2:18.827","10","2:10.941","0.396","100","Honda","Civic","Red","1993","Trevose","PA","Babie Deebus Racing","10dsbrennan@gmail.com"
"24","7","370","Chris Graham","Spec Miata","2:22.917","9","1 Lap","1 Lap","69","Mazda","Miata","Green","1994","Fayetteville","NY","","Cgraham278@gmail.com"
"25","3","391","Jason Griscavage","SpecE30","2:18.771","9","1 Lap","5.943","85","BMW","325is","Blue","1989","Springfield","VA","AKG Motorsport","jasongriscavage@yahoo.com"
"26","4","36","Robert Casella","SpecE30","2:18.829","9","1 Lap","0.222","80","BMW","325is","Black","1990","Pompton Plains","NJ","Axle Casella","rcasella18@aol.com"
"27","5","20","James Mertz","SpecE30","2:18.498","9","1 Lap","0.415","75","BMW","E30","Red","1991","Saylorsburg","PA","StoogeMoe Racing","goldie83@ptd.net"
"28","6","77","Team Curran-Casella","SpecE30","2:18.666","9","1 Lap","0.382","70","BMW","325is","White/Green","1989","","","",""
"29","7","76","TJ Yard","SpecE30","2:19.244","9","1 Lap","4.901","69","BMW","325i","D.Gray","1991","Manasquan","NJ","","timjyard@gmail.com"
"30","8","761","Michael Kovac","SpecE30","2:18.782","9","1 Lap","0.292","68","BMW","325i","Yellow/Red/Black","1988","Bloomfield","NJ","Drivegear","euroe28m5@gmail.com"
"31","2","6126","Damien Price","Honda Chal 4","2:20.962","9","1 Lap","1.184","90","Honda","Civic","Silver","1997","Belleville","NJ","Hollow Tree Candle Co.","afterdarkmotorsports@gmail.com"
"32","9","86","Scott Smith","SpecE30","2:20.542","9","1 Lap","11.730","67","BMW","325","White/Gray/Black","1986","Chester","CT","","scott.w.smith@pfizer.com"
"33","10","466","Christian Sandmann","SpecE30","2:20.068","9","1 Lap","0.531","66","BMW","325is","White","1989","Wayne","NJ","MSC Gross B�lten e.V. im ADAC","csandmann@mac.com"
"34","11","88","Andrew Zimmerman","SpecE30","2:20.644","9","1 Lap","0.315","65","BMW","325","Gray","1989","","","Drivegear",""
"35","12","762","Matthew Herd","SpecE30","2:21.151","9","1 Lap","3.492","64","BMW","325i","White","1989","Lyndell","PA","","herd.matt@gmail.com"
"36","3","69","Alex Herman","Honda Chal 4","2:25.310","9","1 Lap","25.978","85","Acura","Integra","Silver","1997","Philadelphia","PA","","alexx.herman@gmail.com"
"37","1","821","Charlie Greenhaus","SU-E","2:22.430","9","1 Lap","12.886","100","Entropy Racing","EVSR","Yellow","2013","Sacramento","PA","EVSR.net","clgreenhaus@gmail.com"
"38","4","49","Kallie Kanakos","Honda Chal 4","2:28.971","9","1 Lap","13.652","80","Acura","Integra","White/Pink","1999","Valley Stream","NY","","k.kanakos@aol.com"
"39","13","73","Derek Ody","SpecE30","2:27.403","9","1 Lap","11.309","63","BMW","318i","Black","1984","Neptune","NJ","","derekody@gmail.com"
"40","14","315","Tom Samuelson","SpecE30","2:27.856","9","1 Lap","0.390","62","BMW","325","Gray","1987","Marblehead","MA","","tom@tomsamuelson.com"
"41","15","520","Larry Marks","SpecE30","2:27.362","9","1 Lap","0.327","61","BMW","318is","White","1990","South Windsor","CT","","nomowhal@gmail.com"
"42","2","82E","Mike Wilson","SU-E","2:23.086","7","3 Laps","2 Laps","90","Entropy Racing","EVSR","Yellow","","","","","mikewilson442@gmail.com"
"DNF","DNF","171G","Gary Tinker","Thunder Roadster","2:09.903","4","DNF","3 Laps","43","Thunder","Roadster","Black","","New Port Richey","FL","","tinkerfour@yahoo.com"
"DNF","DNF","194","Jeffrey Lombardo","Spec Miata","2:32.338","3","DNF","1 Lap","35","Mazda","Miata","Red/Black","1992","Roxbury","CT","","jeffrey.lombardo@gmail.com"
