"Pos","PIC","No.","Name","Class","Best Tm","Laps","Diff","Gap","Points","Make","Model","Color","Year","City","State","Sponsor","Email"
"1","1","738","Jose Suero","Honda Chal 1","1:28.360","16","","","100","Honda","S2000","Red","2005","Elmsford","NY","","josesuero16@gmail.com"
"2","2","516","Spencer Anderson","Honda Chal 1","1:31.266","16","18.716","18.716","90","Honda","Civic","Red/Silver","1994","Freeport","NY","#redteam","noriceef@aol.com"
"3","3","102G","Ronnie Vajdak","Honda Chal 1","1:32.070","16","43.792","25.076","85","Acura","Integra","White","1991","New York","NY","","r.vajdak@gmail.com"
"4","1","60","Kurt Washeim","Super Touring 5","1:34.813","16","53.266","9.474","100","Mini","R-58 Coupe","D.Gray/Red","2012","Lake Hopatcong","NJ","Heinlein Racing Development","cadmad@optonline.net"
"5","1","219","Lenny Hong","Honda Chal 2","1:33.408","16","55.693","2.427","100","Acura","Integra","Red/Black","1997","Santa Monica","CA","#redteam","lennyhong@gmail.com"
"6","2","7","Jan Wang","Honda Chal 2","1:33.162","16","56.657","0.964","90","Honda","Civic","Red","1992","Tenafly","NJ","#redteam","JanWang74@aol.com"
"7","1","62","Joey G.","Spec Miata","1:35.470","16","1:03.269","6.612","100","Mazda","Miata","White/Red","","","","",""
"8","2","18","Benjamin Miller","Spec Miata","1:35.171","16","1:03.556","0.287","90","Mazda","Miata","Red","1991","Midland Park","NJ","EFI Logics","benm@milleraa.com"
"9","3","13","Peter McIntosh II","Spec Miata","1:35.079","16","1:04.127","0.571","85","Mazda","Miata","Silver","","Annandale","NJ","McIncelli Mechanical","peteypablo511@hotmail.com"
"10","2","333","Vaughn Hoplamazian","Super Touring 5","","16","1:06.893","2.766","90","Mazda","MX-5","Red","2006","Brookhaven","PA","Brookhaven Auto Center","vaughn.hoplamazian@gmail.com"
"11","3","206","Marc Dias","Honda Chal 2","1:34.090","16","1:13.282","6.389","85","Honda","Civic","White","1992","Valley Stream","NY","Project One Motorsport","Mdias206@gmail.com"
"12","4","9","Anthony Robison","Honda Chal 2","1:34.401","16","1:14.404","1.122","80","Honda","Civic","White","1992","Bensalem","PA","","tony@fortrob.com"
"13","5","517","Zephyr Belski","Honda Chal 2","1:34.724","16","1:16.127","1.723","75","Acura","Integra","L.Blue/Black","1994","Middlesex","NJ","#blueteam","zbelski@gmail.com"
"14","3","81","Jeffrey Randolph","Super Touring 5","1:34.843","16","1:17.705","1.578","85","BMW","M3","Black","1998","Glenn Rock","NJ","","lawyerlr@aol.com"
"15","4","14","David Deerson","Spec Miata","1:36.555","16","1:19.981","2.276","80","Mazda","Miata","White","2002","South River","NJ","","daviddeerson@yahoo.com"
"16","5","415","Michael Smith","Spec Miata","1:36.061","16","1:20.000","0.019","75","Mazda","Miata","Blue","2003","Clay","NY","Spec13 Motorsports","mbsmit05@gmail.com"
"17","6","51","Paul Redante","Spec Miata","1:35.746","16","1:20.204","0.204","70","Mazda","Miata","Orange/Black","1999","Ivyland","PA","drmachine.com","pcdrj@verizon.net"
"18","7","313","Jim Tramontano","Spec Miata","1:36.290","16","1:21.309","1.105","69","Mazda","Miata","White","1996","Lambertville","NJ","Infamous Jim's Auto Art","jimtramontano@gmail.com"
"19","8","370","Chris Graham","Spec Miata","1:36.933","16","1:28.775","7.466","68","Mazda","Miata","Green","1994","Fayetteville","NY","","Cgraham278@gmail.com"
"20","1","139","Dillon Brennan","Honda Chal 4","1:36.137","16","1:32.918","4.143","100","Honda","Civic","Red","1993","Trevose","PA","Babie Deebus Racing","10dsbrennan@gmail.com"
"21","1","36","Robert Casella","SpecE30","1:35.478","16","1:36.008","3.090","100","BMW","325is","Black/Green","1990","Pompton Plains","NJ","Axle Casella","rcasella18@aol.com"
"22","2","71","Ray Prato","SpecE30","1:36.551","15","1 Lap","1 Lap","90","BMW","325is","Silver","1989","Ringwood","NJ","","raypratojr@gmail.com"
"23","2","358","Kenneth Martinez","Honda Chal 4","1:37.656","15","1 Lap","14.042","90","Acura","Integra","White","1996","Plainfield","NJ","","kennethmartinez35@yahoo.com"
"24","1","222","Astrid Lynn","GTS1","1:38.784","15","1 Lap","2.449","50","BMW","318is","Red/White","1999","Milford","NJ","Wurth","alracing22@gmail.com"
"25","3","76","TJ Yard","SpecE30","1:37.471","15","1 Lap","8.477","85","BMW","325i","D.Gray","1991","Manasquan","NJ","","timjyard@gmail.com"
"26","9","194","Jeffrey Lombardo","Spec Miata","1:38.633","15","1 Lap","1.588","67","Mazda","Miata","Red/Black","1992","Roxbury","CT","","jeffrey.lombardo@gmail.com"
"27","4","89","Andrew Zimmerman","SpecE30","1:38.194","15","1 Lap","14.007","80","BMW","325i","Black","1989","","","Drivegear",""
"28","5","153","Sam Jadczak","SpecE30","1:37.787","15","1 Lap","0.541","75","BMW","325i","Bronze/D.Red","1989","Horsham","PA","PJ Auto Repair","samjadczak@yahoo.com"
"29","6","466","Christian Sandmann","SpecE30","1:38.007","15","1 Lap","0.065","70","BMW","325is","White","1989","Wayne","NJ","MSC Gross B�lten e.V. im ADAC","csandmann@mac.com"
"30","3","69","Alex Herman","Honda Chal 4","1:38.147","15","1 Lap","2.369","85","Acura","Integra","Silver","1997","Philadelphia","PA","","alexx.herman@gmail.com"
"31","7","87","Leo Massarani","SpecE30","1:38.277","15","1 Lap","0.688","69","BMW","325is","White/Green","1987","","","Drivegear",""
"32","8","96","Peter Raymond","SpecE30","1:39.049","15","1 Lap","6.405","68","BMW","318is","White","1991","Clarks Summit","PA","","ptrskycam@yahoo.com"
"33","4","6126","Damien Price","Honda Chal 4","1:36.186","15","1 Lap","17.404","80","Honda","Civic","Silver","1997","Belleville","NJ","Hollow Tree Candle Co.","afterdarkmotorsports@gmail.com"
"34","9","616","Jay Menzo","SpecE30","1:40.202","15","1 Lap","2.880","67","BMW","E30","Orange","1987","Brick","NJ","NJ Bent Wheel","jjmenzo@yahoo.com"
"35","5","49","Kallie Kanakos","Honda Chal 4","1:39.612","15","1 Lap","1.722","75","Acura","Integra","White/Pink","1999","Valley Stream","NY","","k.kanakos@aol.com"
"36","10","520","Larry Marks","SpecE30","1:40.169","15","1 Lap","2.978","66","BMW","318is","White","1990","South Windsor","CT","","nomowhal@gmail.com"
"37","11","315","Tom Samuelson","SpecE30","1:44.653","14","2 Laps","1 Lap","65","BMW","325","Gray","1987","Marblehead","MA","","tom@tomsamuelson.com"
"38","6","258","Stuart Phillips","Honda Chal 2","1:35.562","13","3 Laps","1 Lap","70","Acura","Integra","White/Red/Silver","1998","Baldwin","NY","#doubleteam","stuphillips_5@hotmail.com"
