"Pos","PIC","No.","Name","Class","Best Tm","Laps","Diff","Gap","Points","Make","Model","Color","Year","City","State","Sponsor","Email"
"1","1","102G","Ronnie Vajdak","Honda Chal 1","1:59.047","12","","","100","Acura","Integra","White","1991","New York","NY","","r.vajdak@gmail.com"
"2","1","3","Peter McIntosh II","Spec Miata","2:01.589","12","3.112","3.112","100","Mazda","Miata","Silver","1995","Annandale","NJ","McIncelli Mechanical","peteypablo511@hotmail.com"
"3","1","36","Robert Casella","SpecE30","1:58.694","12","13.740","10.628","100","BMW","325is","Black/Green","1990","Pompton Plains","NJ","Axle Casella","rcasella18@aol.com"
"4","1","60","Kurt Washeim","Super Touring 5","2:01.776","12","15.756","2.016","100","Mini","R-58 Coupe","D.Gray/Red","2012","Lake Hopatcong","NJ","Heinlein Racing Development","cadmad@optonline.net"
"5","2","738","Jose Suero","Honda Chal 1","2:01.085","12","19.829","4.073","90","Honda","S2000","Red","2005","Elmsford","NY","","josesuero16@gmail.com"
"6","2","71","Ray Prato","SpecE30","2:00.612","12","50.521","30.692","90","BMW","325is","Silver","1989","Ringwood","NJ","","raypratojr@gmail.com"
"7","2","415","Michael Smith","Spec Miata","2:04.230","12","51.191","0.670","90","Mazda","Miata","Blue","2003","Clay","NY","Spec13 Motorsports","mbsmit05@gmail.com"
"8","3","18","Benjamin Miller","Spec Miata","2:06.807","12","1:04.452","13.261","85","Mazda","Miata","Red","1991","Midland Park","NJ","EFI Logics","benm@milleraa.com"
"9","1","206","Marc Dias","Honda Chal 2","2:04.538","12","1:18.950","14.498","100","Honda","Civic","White","1992","Valley Stream","NY","Project One Motorsport","Mdias206@gmail.com"
"10","4","313","Jim Tramontano","Spec Miata","2:07.666","12","1:39.333","20.383","80","Mazda","Miata","White","1996","Lambertville","NJ","Infamous Jim's Auto Art","jimtramontano@gmail.com"
"11","5","370","Chris Graham","Spec Miata","2:09.866","12","1:51.238","11.905","75","Mazda","Miata","Green","1994","Fayetteville","NY","","Cgraham278@gmail.com"
"12","6","194","Jeffrey Lombardo","Spec Miata","2:08.037","12","1:51.888","0.650","70","Mazda","Miata","Red/Black","1992","Roxbury","CT","","jeffrey.lombardo@gmail.com"
"13","7","14","David Deerson","Spec Miata","2:08.498","12","1:56.803","4.915","69","Mazda","Miata","White","2002","South River","NJ","","daviddeerson@yahoo.com"
"14","3","76","TJ Yard","SpecE30","2:06.849","12","1:59.051","2.248","85","BMW","325i","D.Gray","1991","Manasquan","NJ","","timjyard@gmail.com"
"15","2","9","Anthony Robison","Honda Chal 2","2:08.141","12","2:06.555","7.504","90","Honda","Civic","White","1992","Bensalem","PA","","tony@fortrob.com"
"16","1","6126","Damien Price","Honda Chal 4","2:10.760","11","1 Lap","1 Lap","100","Honda","Civic","Silver","1997","Belleville","NJ","Hollow Tree Candle Co.","afterdarkmotorsports@gmail.com"
"17","3","516","Spencer Anderson","Honda Chal 1","2:05.989","11","1 Lap","9.721","85","Honda","Civic","Red/Silver","1994","Freeport","NY","#redteam","noriceef@aol.com"
"18","3","258","Stuart Phillips","Honda Chal 2","2:14.449","11","1 Lap","18.388","85","Acura","Integra","White/Red/Silver","1998","Baldwin","NY","#doubleteam","stuphillips_5@hotmail.com"
"19","2","358","Kenneth Martinez","Honda Chal 4","2:14.661","11","1 Lap","0.893","90","Acura","Integra","White","1996","Plainfield","NJ","","kennethmartinez35@yahoo.com"
"20","3","69","Alex Herman","Honda Chal 4","2:17.052","11","1 Lap","27.891","85","Acura","Integra","Silver","1997","Philadelphia","PA","","alexx.herman@gmail.com"
"21","8","431","Kristina Esposita","Spec Miata","2:12.726","11","1 Lap","1.399","68","Mazda","Miata","White","1999","Mamaroneck","NY","","espo3006@gmail.com"
"22","4","520","Larry Marks","SpecE30","2:16.202","11","1 Lap","14.545","80","BMW","318is","White","1990","South Windsor","CT","","nomowhal@gmail.com"
"23","1","222","Astrid Lynn","GTS1","2:22.587","11","1 Lap","17.023","50","BMW","318is","Red/White","1999","Milford","NJ","Wurth","alracing22@gmail.com"
"24","5","315","Tom Samuelson","SpecE30","2:18.138","11","1 Lap","18.597","75","BMW","325","Gray","1987","Marblehead","MA","","tom@tomsamuelson.com"
"25","6","466","Christian Sandmann","SpecE30","2:18.814","11","1 Lap","0.899","70","BMW","325is","White","1989","Wayne","NJ","MSC Gross B�lten e.V. im ADAC","csandmann@mac.com"
"26","4","49","Kallie Kanakos","Honda Chal 4","2:28.603","10","2 Laps","1 Lap","80","Acura","Integra","White/Pink","1999","Valley Stream","NY","","k.kanakos@aol.com"
"DNF","DNF","219","Lenny Hong","Honda Chal 2","","","DNF","10 Laps","43","Acura","Integra","Red/Black","1997","Santa Monica","CA","#redteam","lennyhong@gmail.com"
