"Pos","PIC","No.","Name","Class","Best Tm","Laps","Diff","Gap","Points","Make","Model","Color","Year","City","State","Sponsor","Email"
"1","1","800","Robert Thorne","Super Touring 2","1:20.722","17","","","100","BMW","M3","Black","1995","Newtown","PA","","rthorne@robert-thorneracing.com"
"2","2","528","Mike Phillips","Super Touring 2","1:23.302","17","41.486","41.486","90","Chevrolet","Corvette","Yellow","2012","Rehoboth","MA","Autosport CT","mike4659@aol.com"
"3","1","21","David Greenman","Super Touring 1","1:27.045","17","1:04.196","22.710","50","Chevrolet","Corvette Z06","Black","2008","","","","dgreenman@silbertrealestate.com"
"4","3","38","Doug Winston","Super Touring 2","1:27.401","17","1:09.806","5.610","85","Chevrolet","Corvette Z06","Yellow","2002","Elmsford","NY","D&M Electrical Contracting","doug@dmelectrical.com"
"5","4","24","AJ Hartman","Super Touring 2","1:27.150","17","1:10.004","0.198","80","Ford","Mustang GT","Carbon","1999","Millville","NJ","AJ Hartman Racing","aj@ajhartmanracing.com"
"6","5","114","Jack Orlan","Super Touring 2","1:27.156","17","1:16.915","6.911","75","BMW","M3","Black","2009","Short Hills","NJ","","jhorlan144@gmail.com"
"7","1","330","Eric Magnussen","GTS3","1:24.597","17","1:25.758","8.843","100","BMW","M3","Yellow","2001","Exton","PA","Pocono Autowerks","epm5019@gmail.com"
"8","1","346","Mathieu Lussier","Super Touring 3","1:28.474","16","1 Lap","1 Lap","50","BMW","M3","White Cow","2002","Malvern","PA","","matlussier@comcast.net"
"9","6","92","John Gatzemeyer","Super Touring 2","1:30.004","16","1 Lap","19.954","70","Chevrolet","Corvette","Red","2001","Piscataway","NJ","Elusive Racing","john_gatzemeyer@colpal.com"
"10","1","70","Albert Watson","American Iron Extreme","1:31.516","16","1 Lap","38.179","100","Ford","Mustang","D.Red","1989","Whitehouse Station","NJ","Street Motorsports","al_streetmotorsports@hotmail.com"
"11","2","198","Scott Chambers","American Iron Extreme","1:31.610","16","1 Lap","2.700","90","Ford","Mustang Cobra","Black","1998","Millis","MA","","sdcham@msn.com"
"12","1","121","Douglas Horton","GTS2","1:29.179","16","1 Lap","24.800","100","BMW","M3","White","1995","Brooklyn","NY","","doug.bmxdude77@gmail.com"
"13","2","136","Kazimierz Sperling","GTS3","1:31.095","15","2 Laps","1 Lap","90","BMW","M3","White","2003","New Hyde Park","NY","","kazsperling@gmail.com"
"14","1","58","Chris Sullivan","Spec E46","1:31.882","15","2 Laps","6.719","100","BMW","330ci","Orange/Black","2001","Milford","MA","","csullivanracing38@hotmail.com"
"15","2","119","Mark Santerian","GTS2","1:30.192","15","2 Laps","3.270","90","BMW","3 Series","White","1994","Glennmills","PA","","msanterian01@gmail.com"
"16","3","610","Samuel Hole","GTS2","1:31.452","15","2 Laps","1.498","85","BMW","M3","Yellow","1997","Berwyn","PA","","saho3914@colorado.edu"
"17","3","82","John Pattman","American Iron Extreme","1:34.533","15","2 Laps","2.933","85","Ford","Mustang","Blue","2008","Midland Park","NJ","Pattman Plumbing Motorsports","jack@pattmanplumbing.com"
"18","1","155","Lev Uretsky","GTS4","1:32.548","15","2 Laps","2.225","100","BMW","M235i Race","Orange","2016","Brooklyn","NY","","russian.antique@gmail.com"
"19","4","999","Cecil Ramotar","GTS2","1:31.472","15","2 Laps","6.850","80","BMW","M3","Blue","1998","","","","cramotar@aol.com"
"20","2","906","Shervin Yeganeh","Spec E46","1:35.904","15","2 Laps","53.123","90","BMW","330ci","White","2001","Boston","MA","","shervinyeganeh@yahoo.com"
"21","3","556","Matthew Kingsley","GTS3","1:33.967","15","2 Laps","3.700","85","BMW","M3","Black","2004","Loudonville","NY","556 Motorsports","info@nyshis.com"
"DNF","DNF","161","Michael Gershanok","GTS4","1:28.378","3","DNF","12 Laps","50","BMW","M3","Gray","2002","Scarsdale","NJ","Northeast Motorsports","mgershanok@motorsportsne.com"
"23","1","94","Jim Granitzki","Super Unlimited","1:31.592","1","16 Laps","2 Laps","50","VanDieman","Prototype","Blue","1995","Blairstown","NJ","","jsgauto@gmail.com"
