"Pos","PIC","No.","Name","Class","Overall BestTm","Appeared","Diff","Gap","Points","Make","Model","Color","Year","City","State","Sponsor","Email"
"1","1","529","Michael Phillips","TT2","1:08.378","2","","","100","Chevrolet","Corvette","Black","2009","Rehoboth","MA","Autosport CT","mike4659@aol.com"
"2","2","542","Joshua Prinzivalli","TT2","1:09.153","1","0.775","0.775","90","BMW","M3","White","1995","Vernon","CT","Munich Motorsports","joshprinzivalli@yahoo.com"
"3","1","330","Eric Magnussen","TTU","1:10.671","2","2.293","1.518","100","BMW","M3","Yellow","2001","Exton","PA","Pocono Autowerks","epm5019@gmail.com"
"4","1","146","Chris DeFelice","TT3","1:10.694","1","2.316","0.023","100","BMW","E46 M3","Silver","2001","New York","NY","","cvdefelice@gmail.com"
"5","2","45","Alan Cohen","TTU","1:11.295","2","2.917","0.601","90","Chevrolet","Corvette Z06","Blue","2007","Merrick","NY","","alan@ctsvracing.com"
"6","2","346","Mathieu Lussier","TT3","1:12.517","1","4.139","1.222","90","BMW","M3","White","2002","Malvern","PA","","matlussier@comcast.net"
"7","3","32","David DeJesus","TTU","1:13.419","1","5.041","0.902","85","Chevrolet","Camaro","White/Red","2014","Massapequa","NY","","dehay@optonline.net"
"8","3","732","Samed Rizvi","TT3","1:13.880","3","5.502","0.461","85","Honda","S2000","Red","2005","Bristow","VA","","samedrizvi@gmail.com"
"9","3","118","Keith Workman","TT2","1:14.314","2","5.936","0.434","85","Chevrolet","Corvette","Yellow/Black","2005","east patchogue","NY","","horsplay@optonline.net"
"10","4","671","Robert England","TTU","1:15.964","3","7.586","1.650","80","Dodge","Viper ACR-E","Orange","2016","Littleton","MA","","robert_england@msn.com"
"11","5","40","Mihai Mocean","TTU","1:17.176","3","8.798","1.212","75","BMW","M3","Silver","2004","Fort Lee","NJ","","mikkadam@yahoo.com"
"12","4","9K","Joe Kush","TT3","1:17.283","4","8.905","0.107","80","Honda","S2000","Black","2000","Northampton","PA","","jkush111@gmail.com"
"13","1","126","Chris Clark","TTE","1:18.198","4","9.820","0.915","100","Mazda","Miata","Pale Green","2000","Merrick","NY","","clarkchristopher01@gmail.com"
"14","6","551","Amy Dilks","TTU","1:19.108","1","10.730","0.910","70","Subaru","WRX STi","Purple/White","2004","Pleasant Valley","NJ","","stripesrx@aol.com"
"15","4","38","Doug Winston","TT2","1:19.221","1","10.843","0.113","80","Chevrolet","Corvette Z06","Yellow","2002","Elmsford","NY","D&M Electrical Contracting","doug@dmelectrical.com"
"16","2","466","Christian Sandmann","TTE","1:19.577","2","11.199","0.356","90","BMW","325is","White","1989","Wayne","NJ","MSC Gross B�lten e.V. im ADAC","csandmann@mac.com"
"17","5","321","Christopher Berghout","TT3","1:19.699","1","11.321","0.122","75","Honda","S2000","Red","2000","Harrison","NJ","","berghout.chris@gmail.com"
"18","1","616","Jay Menzo","TTD","1:20.503","2","12.125","0.804","100","BMW","E30","Orange","","","","NJ Bent Wheel",""
"19","7","36","Brian Casella","TTU","1:21.217","1","12.839","0.714","69","BMW","E30","Black","","Pompton Plains","NJ","Axle Casella","rcasella18@aol.com"
"20","3","888","Daniel Kim","TTE","1:22.852","4","14.474","1.635","85","Mazda","Miata","White","1999","Montville","NJ","","danhkim84@gmail.com"
"21","1","169","Larry Lacey","TT5","1:24.413","2","16.035","1.561","100","Subaru","BRZ","Blue","2013","Seymour","CT","","larrylacey@live.com"
"DQ","2","122","Jon Sewell","TT5","","2","","","0","BMW","M3","Blue","1995","Tallahassee","FL","","jon.sewell@kimley-horn.com"
