"Pos","PIC","No.","Name","Class","Best Tm","Laps","Diff","Gap","Points","Make","Model","Color","Year","City","State","Sponsor","Email"
"1","1","553","Mike Hartley","Super Unlimited","1:07.465","23","","","100","Dodge","Viper CC","Red/White/Blue","2016","West Deptford","NJ","","specbk2@comcast.net"
"2","1","529","Michael Phillips","Super Touring 2","1:07.696","23","5.785","5.785","100","Chevrolet","Corvette","Black","2009","Rehoboth","MA","Autosport CT","mike4659@aol.com"
"3","1","914","Jack Haberman","GTS4","1:08.653","23","10.481","4.696","100","BMW","M3","Orange/Black","2003","Chatham","NJ","Modern Auto Body | VAC Motorsports","jack.b.haberman@gmail.com"
"4","2","226","Will Vanjonack","GTS4","1:08.330","23","13.426","2.945","90","BMW","M3","Gray","1997","Chester Springs","PA","Pioneer","william.vanjonack@westpharma.com"
"5","2","274","Michal Kuna","Super Touring 2","1:09.806","23","17.210","3.784","90","BMW","M3","Black","2003","Kennebunk","ME","","michalkuna@me.com"
"6","3","301","Mark Gaynor","GTS4","1:09.172","23","37.342","20.132","85","Porsche","Cayman","Black","2006","Martinsville","NJ","","mgaynor@us.loreal.com"
"7","3","061","John Robbins","Super Touring 2","1:10.754","22","1 Lap","1 Lap","85","Mitsubishi","Evolution X","Gray","2008","Lansdale","PA","PSI Proformance","john@jprautosports.com"
"8","1","19","Luiz Serva","GTS3","1:10.130","22","1 Lap","1.874","100","BMW","M3","Green/White","2001","Danbury","CT","Prysma Lending Group","lserva@prysma.com"
"9","2","330","Eric Magnussen","GTS3","1:10.112","22","1 Lap","0.833","90","BMW","M3","Yellow","2001","Exton","PA","Pocono Autowerks","epm5019@gmail.com"
"10","3","714","Aaron Turek","GTS3","1:10.336","22","1 Lap","0.876","85","BMW","M3","Green/Black/White","1997","East Windsor","CT","Munich Motorsports","munichaaron@gmail.com"
"11","4","542","Joshua Prinzivalli","GTS4","1:09.292","22","1 Lap","1.705","80","BMW","M3","White","1995","Vernon","CT","Munich Motorsports","joshprinzivalli@yahoo.com"
"12","5","161","Michael Gershanok","GTS4","1:10.372","22","1 Lap","1.560","75","BMW","M3","Gray","2002","Scarsdale","NJ","Northeast Motorsports","mgershanok@motorsportsne.com"
"13","4","146","Chris DeFelice","GTS3","1:10.889","22","1 Lap","4.112","80","BMW","E46 M3","Silver","2001","New York","NY","","cvdefelice@gmail.com"
"14","5","267","Brian Casella","GTS3","1:11.978","22","1 Lap","0.814","75","BMW","","Black","1995","","","VAC Motorsports",""
"15","6","311","Frank Millan","GTS3","1:10.526","22","1 Lap","2.055","70","BMW","M3","D.Blue","2006","Dix Hills","NY","","fmillan0113@gmail.com"
"16","1","24","AJ Hartman","American Iron","1:10.450","22","1 Lap","1.145","100","Ford","Mustang GT","Black","1999","Millville","NJ","AJ Hartman Racing","aj@ajhartmanracing.com"
"17","7","346","Mathieu Lussier","GTS3","1:11.642","22","1 Lap","2.136","69","BMW","M3","White","2002","Malvern","PA","","matlussier@comcast.net"
"18","8","556","Matthew Kingsley","GTS3","1:14.119","21","2 Laps","1 Lap","68","BMW","M3","Black","2004","Loudonville","NY","556 Motorsports","info@nyshis.com"
"19","1","21","David Greenman","Super Touring 1","1:13.596","21","2 Laps","1.920","50","Chevrolet","Corvette Z06","Black","2008","","","","dgreenman@silbertrealestate.com"
"20","4","619","Adrian Wlostowski","Super Touring 2","1:15.335","21","2 Laps","0.711","80","BMW","M3","White","1995","","","Park Avenue BMW",""
"21","1","188","J. Michael Stillwagon","American Iron Extreme","1:15.700","21","2 Laps","4.369","100","Ford","FR500S","White/Red","2008","East Northport","NY","","still500kr@aol.com"
"22","6","973","Derek Ody","GTS4","1:11.665","20","3 Laps","1 Lap","70","BMW","M3","Black/Silver","1995","Neptune","NJ","","derekody@gmail.com"
"23","5","38","Doug Winston","Super Touring 2","1:13.066","18","5 Laps","2 Laps","75","Chevrolet","Corvette Z06","Yellow","2002","Elmsford","NY","D&M Electrical Contracting","doug@dmelectrical.com"
"DNF","DNF","123","Eyal Adler","GTS3","1:13.970","5","DNF","13 Laps","34","BMW","135i","Gray/Orange","2008","","","","lou@movingdr.com"
"DNF","DNF","111","Mark Lounsbury","GTS4","1:11.598","4","DNF","1 Lap","35","BMW","M3","White/Black","2004","Chadds Ford","PA","VAC Motorsports","doclounz@verizon.net"
