"Pos","PIC","No.","Name","Class","Overall BestTm","Appeared","Diff","Gap","Points","Make","Model","Color","Year","City","State","Sponsor","Email"
"1","1","542","Joshua Prinzivalli","TT2","1:08.929","1","","","100","BMW","M3","White","1995","Vernon","CT","Munich Motorsports","joshprinzivalli@yahoo.com"
"2","1","330","Eric Magnussen","TT3","1:10.561","2","1.632","1.632","100","BMW","M3","Yellow","2001","Exton","PA","Pocono Autowerks","epm5019@gmail.com"
"3","2","146","Chris DeFelice","TT3","1:11.163","1","2.234","0.602","90","BMW","E46 M3","Silver","2001","New York","NY","","cvdefelice@gmail.com"
"4","1","45","Alan Cohen","TTU","1:12.431","1","3.502","1.268","100","Chevrolet","Corvette Z06","Blue","2007","Merrick","NY","","alan@ctsvracing.com"
"5","3","346","Mathieu Lussier","TT3","1:13.070","2","4.141","0.639","85","BMW","M3","White","2002","Malvern","PA","","matlussier@comcast.net"
"6","2","118","Keith Workman","TT2","1:14.321","3","5.392","0.556","90","Chevrolet","Corvette","Yellow/Black","2005","east patchogue","NY","","horsplay@optonline.net"
"7","1","732","Samed Rizvi","TT5","1:14.543","2","5.614","0.222","100","Honda","S2000","Red","2005","Bristow","VA","","samedrizvi@gmail.com"
"8","2","671","Robert England","TTU","1:15.131","3","6.202","0.588","90","Dodge","Viper ACR-E","Orange","2016","Littleton","MA","","robert_england@msn.com"
"9","3","38","Doug Winston","TT2","1:16.381","1","7.452","1.250","85","Chevrolet","Corvette Z06","Yellow","2002","Elmsford","NY","D&M Electrical Contracting","doug@dmelectrical.com"
"10","4","9K","Joe Kush","TT3","1:18.325","2","9.396","1.944","80","Honda","S2000","Black","2000","Northampton","PA","","jkush111@gmail.com"
"11","5","40","Mihai Mocean","TT3","1:18.633","3","9.704","0.308","75","BMW","M3","Silver","2004","Fort Lee","NJ","","mikkadam@yahoo.com"
"12","3","551","Amy Dilks","TTU","1:19.386","3","10.457","0.753","85","Subaru","WRX STi","Purple/White","2004","Pleasant Valley","NJ","","stripesrx@aol.com"
"13","1","888","Daniel Kim","TTE","1:22.560","3","13.631","0.400","100","Mazda","Miata","White","1999","Montville","NJ","","danhkim84@gmail.com"
