"Pos","PIC","No.","Name","Class","Best Tm","Laps","Diff","Gap","Points","Make","Model","Color","Year","City","State","Sponsor","Email"
"1","1","530","Michael Sousa","GTS2","1:12.143","16","","","100","BMW","M3","Red/Black/White","1997","Coventry","CT","CIP Motorsports","rokkitman1@gmail.com"
"2","2","244","Hans Thomsen","GTS2","1:13.306","16","5.435","5.435","90","BMW","M3","L.Green","1995","Mendham","NJ","","e30bimmer222@gmail.com"
"3","1","802","Daniel Honovich","Honda Chal 1","1:13.968","16","23.661","18.226","100","Honda","S2000","D.Gray","2002","Carmel","NY","www.MossbergOwners.com","sales@danhonovich.com"
"4","2","75","John Oldt","Honda Chal 1","1:14.799","16","24.046","0.385","90","Honda","S2000","Blue/Black/Silver","2001","","","","ar-inc@rcn.com"
"5","3","121","Douglas Horton","GTS2","1:14.019","16","24.286","0.240","85","BMW","M3","White","1995","Brooklyn","NY","","doug.bmxdude77@gmail.com"
"6","1","29","Richard Bocanegra","Spec E46","1:15.316","16","28.333","4.047","100","BMW","330i","Silver","2001","Bergenfield","NJ","Rogue Engineering","richjr@wymbs.com"
"7","2","177","Joe Fuchs","Spec E46","1:15.431","16","31.805","3.472","90","BMW","330","Blue/Gray","2001","","","",""
"8","4","345","Christina Lam","GTS2","1:15.840","16","31.912","0.107","80","BMW","M3","Black","1998","Vienna","VA","","clicketyclam@gmail.com"
"9","3","64","David Pan","Spec E46","1:15.701","16","33.043","1.131","85","BMW","330ci","White","2003","Mt. Kisco","NY","","ephillips@kblaw.com"
"10","3","738","Jose Suero","Honda Chal 1","1:15.393","16","33.468","0.425","85","Honda","S2000","Red","2005","Elmsford","NY","","josesuero16@gmail.com"
"11","1","516","Spencer Anderson","Honda Chal 2","1:15.630","16","34.445","0.977","100","Honda","Civic","Red/Silver","1994","Freeport","NY","#redteam","noriceef@aol.com"
"12","2","7","Jan Wang","Honda Chal 2","1:16.361","16","40.090","5.645","90","Honda","Civic","Red","1992","Tenafly","NJ","#redteam","JanWang74@aol.com"
"13","5","119","Mark Santerian","GTS2","1:15.936","16","42.348","2.258","75","BMW","3 Series","White","1994","Glennmills","PA","","msanterian01@gmail.com"
"14","4","67","Scott Rosen","Spec E46","1:18.439","16","49.084","6.736","80","BMW","330ci","Black","2001","Swampscott","MA","","scottarosen@gmail.com"
"15","6","122","Brian Sewell","GTS2","1:17.859","16","49.493","0.409","70","BMW","M3","Blue","1995","Shelton","CT","","bsewell2338@gmail.com"
"16","3","258","Stuart Phillips","Honda Chal 2","1:18.045","16","51.701","2.208","85","Acura","Integra","White/Red","1998","Baldwin","NY","#doubleteam","stuphillips_5@hotmail.com"
"17","4","517","Zephyr Belski","Honda Chal 2","1:17.268","16","54.795","3.094","80","Acura","Integra","L.Blue/Black","1994","Middlesex","NJ","#blueteam","zbelski@gmail.com"
"18","5","149","Steve Coppola","Spec E46","1:17.688","16","56.327","0.672","75","BMW","330ci","Black/Red","2001","Guilford","CT","","coppolas53@gmail.com"
"19","6","58","Chris Sullivan","Spec E46","1:18.090","16","55.655","0.860","33","BMW","330ci","Orange","2001","Milford","MA","","csullivanracing38@hotmail.com"
"20","5","9","Anthony Robison","Honda Chal 2","1:19.069","16","57.708","1.381","75","Honda","Civic","White","1992","Bensalem","PA","","tony@fortrob.com"
"21","1","36","Robert Casella","SpecE30","1:18.156","15","1 Lap","1 Lap","100","BMW","325is","Black","1990","Pompton Plains","NJ","Axle Casella","rcasella18@aol.com"
"22","2","477","Christopher Allen","SpecE30","1:18.180","15","1 Lap","2.544","90","BMW","325is","Gray","1988","Rydal","PA","","chrisblakeallen@gmail.com"
"23","3","761","Michael Kovacs","SpecE30","1:19.288","15","1 Lap","3.920","85","BMW","325i","Yellow/Red/Black","1988","","","Drivegear",""
"24","4","71","Ray Prato","SpecE30","1:19.840","15","1 Lap","1.375","80","BMW","325is","Silver","1989","Ringwood","NJ","","raypratojr@gmail.com"
"25","1","27","Devin Gregory","Spec Miata","1:18.850","15","1 Lap","2.358","100","Mazda","Miata","Red","1991","Redding","CT","EFI Logics","dpgregory@gregory-builders.com"
"26","5","20","James Mertz","SpecE30","1:18.431","15","1 Lap","0.172","75","BMW","E30","Red","1991","Saylorsburg","PA","StoogeMoe Racing","goldie83@ptd.net"
"27","6","129","Daniel Livingston","SpecE30","1:20.407","15","1 Lap","10.282","70","BMW","E30","Black","1989","Coventry","CT","Munich Motorsports","dlivingston1229@gmail.com"
"28","7","88","Daniel Albritton","SpecE30","1:20.160","15","1 Lap","1.232","69","BMW","325","Gray","1989","","","Drivegear","nasa@danalbritton.com"
"29","1","211","Thai Diep","Super Touring 5","1:20.096","15","1 Lap","0.463","100","Mazda","RX-8","Red","2006","Carlisle","PA","Motorsports Performance Group","thaidiep@gmail.com"
"30","2","313","Jim Tramontano","Spec Miata","1:19.267","15","1 Lap","2.320","90","Mazda","Miata","White","1996","Lambertville","NJ","Infamous Jim's Auto Art","jimtramontano@gmail.com"
"31","8","153","Sam Jadczak","SpecE30","1:20.490","15","1 Lap","1.502","68","BMW","325i","Bronze/D.Red","1989","Horsham","PA","PJ Auto Repair","samjadczak@yahoo.com"
"32","9","00G","Jon Allen","SpecE30","1:19.963","15","1 Lap","0.412","67","BMW","E30","Red","1990","","","Drivegear","jonathan.allen@wfadvisors.com"
"33","3","415","Michael Smith","Spec Miata","1:19.977","15","1 Lap","3.920","85","Mazda","Miata","Blue","2003","Clay","NY","Spec13 Motorsports","mbsmit05@gmail.com"
"34","4","767","Will Lambros","Spec Miata","1:20.197","15","1 Lap","0.312","80","Mazda","Miata","Silver","1999","Montauk","NY","	WilliamDeanPlatinum/Precimet/SkipBarber","williamlambros2003@gmail.com"
"35","10","87","Andrew Zimmerman","SpecE30","1:22.229","15","1 Lap","7.870","66","BMW","325is","Blue/Green","1987","","","Drivegear",""
"36","1","358","Kenneth Martinez","Honda Chal 4","1:19.737","15","1 Lap","2.037","100","Acura","Integra","White","1996","Plainfield","NJ","","kennethmartinez35@yahoo.com"
"37","2","49","Kallie Kanakos","Honda Chal 4","1:23.760","14","2 Laps","1 Lap","90","Acura","Integra","Gray","1999","Valley stream","NY","","k.kanakos@aol.com"
"38","11","722","Evan Luce","SpecE30","1:21.749","14","2 Laps","0.276","65","BMW","325i","Blue","1987","Langhorn","PA","Condor Speed Shop / VAC Motorsports","evanrluce@gmail.com"
"39","7","54","Kyle King","GTS2","1:24.310","14","2 Laps","3.945","69","BMW","M3","White","1995","Lenox","MA","","kking@kandrllc.com"
"40","12","466","Christian Sandmann","SpecE30","1:20.281","13","3 Laps","1 Lap","64","BMW","325is","White","1989","Wayne","NJ","MSC Gross B�lten e.V. im ADAC","csandmann@mac.com"
"41","5","14","David Deerson","Spec Miata","1:24.013","11","5 Laps","2 Laps","75","Mazda","Miata","Blue","","","NJ","",""
"DNF","DNF","333","Vaughn Hoplamazian","Super Touring 5","1:25.490","3","DNF","8 Laps","50","Mazda","MX-5","Red","2006","Brookhaven","PA","Brookhaven Auto Center","vaughn.hoplamazian@gmail.com"
"43","6","18","Benjamin Miller","Spec Miata","1:18.340","15","1 Lap","1.853","33","Mazda","Miata","Red","1991","Midland Park","NJ","EFI Logics","benm@milleraa.com"
"44","7","51","Paul Redante","Spec Miata","1:18.879","15","1 Lap","1.312","33","Mazda","Miata","Blue","1999","Ivyland","PA","drmachine.com","pcdrj@verizon.net"
"DNF","DNF","315","Tom Samuelson","SpecE30","1:32.719","3","DNF","19.808","32","BMW","E30","Gray","1987","Marblehead","MA","","tom@tomsamuelson.com"
"DNF","DNF","373","Nathan Bookbinder","Honda Chal 2","1:20.554","2","DNF","1 Lap","38","Acura","Integra","White/Blue/Orange","1996","Middletown","NY","","nbookbinder@gmail.com"
"DNF","DNF","520","Larry Marks","SpecE30","1:25.019","2","DNF","55.799","32","BMW","325i","Green","1987","South Windsor","CT","","nomowhal@gmail.com"
"DQ","DQ","824","Vinh Chau","GTS2","1:13.930","16","DQ","","0","BMW","M3","Yellow","1995","Philadelphia","PA","","vchau76@gmail.com"
"DQ","DQ","370","Chris Graham","Spec Miata","1:24.409","2","DQ","","0","Mazda","Miata","Blue","1994","Fayetteville","NY","","Cgraham278@gmail.com"
