"Pos","PIC","No.","Name","Class","Best Tm","Laps","Diff","Gap","Points","Make","Model","Color","Year","City","State","Sponsor","Email"
"1","1","33","Scott Mohr","Super Unlimited","1:27.035","17","","","100","Chevy","Corvette","Black","2007","","","","rmohr@marsm-a.com"
"2","1","913","Peter McIntosh II","Super Touring 2","1:31.007","17","1:20.792","1:20.792","100","Chevrolet","Corvette","White/Black","2005","","","","peteypablo511@hotmail.com"
"3","2","225","Matthew Gaetano","Super Unlimited","1:34.678","16","1 Lap","1 Lap","90","Chevy","S10","White","2000","White Plains","NY","","mgae1946@yahoo.com"
"4","1","58","Richard Cox","Super Touring 1","1:34.932","16","1 Lap","4.862","50","Chevrolet","Corvette","Black","","","","",""
"5","2","57","Jeff Ricca","Super Touring 2","1:34.870","16","1 Lap","2.137","90","Nissan","","White","","","","",""
"6","3","923","Greg Suchomel","Super Touring 2","1:34.521","16","1 Lap","1.053","85","Chevrolet","Corvette","Maroon","","","","",""
"7","4","123","Doug Winston","Super Touring 2","1:33.699","16","1 Lap","10.802","80","Chevrolet","Corvette","Yellow","","","","",""
"8","1","75","Pablo Crespo","GTS2","1:36.428","16","1 Lap","2.353","100","Porsche","968","Red","1994","Hoboken","NJ","","pmcrespo@porsche-racing.net"
"9","1","70","Albert Watson","American Iron","1:38.056","16","1 Lap","48.898","100","Ford","Mustang","White","1989","Cranford","NJ","","al_streetmotorsports@hotmail.com"
"10","1","2","Damon Galmin","GTS3","1:37.797","16","1 Lap","4.826","100","BMW","M3","White","","","","",""
"11","1","39","Joseph Catapano","GTS5","1:33.370","16","1 Lap","1.380","50","Porsche","GT3 Cup","White","","","","",""
"12","2","442","Michael Fuchswanz","American Iron","1:38.453","16","1 Lap","10.683","90","Ford","Mustang","Black","","","","",""
"13","2","161","Michael Gershanok","GTS3","1:39.872","16","1 Lap","0.827","90","BMW","M3","Silver","2002","Edgewater","NJ","",""
"14","3","01","Robert Boucher","Super Unlimited","1:30.475","15","2 Laps","1 Lap","85","Diasio","962R","Blue","2006","Coventry","CT","","robertboucher@charter.net"
"15","3","151","Mark Lounsbury","GTS3","1:36.159","15","2 Laps","1:47.723","85","BMW","M3","Black","1996","Chadds Ford","PA","","doclouns@comcast.net"
"16","1","23","Michael Fries","Honda Chal 1","1:40.579","15","2 Laps","1:24.475","50","Honda","S2000","Yellow","2002","Westernville","NY","","mfries@twcny.rr.com"
"17","1","343","Peter Thibault","SpecE30","1:41.509","15","2 Laps","3.174","100","BMW","325i","Gray","1991","Hamilton","NJ","","mxstyles@aol.com"
"18","2","77","Sean Curran","SpecE30","1:41.795","15","2 Laps","1.036","90","BMW","325is","White","1989","Clifton","NJ","","wb256@aol.com"
"19","3","120","Marc Fuchswanz","American Iron","1:38.918","15","2 Laps","3.845","85","Ford","Mustang","White","","","","",""
"20","1","36","Robert Casella","Honda Chal 2","1:43.847","15","2 Laps","13.692","100",""Honda"","","White/Orange","","","","",""
"21","4","17","Mike Holenstein","Super Unlimited","1:42.811","15","2 Laps","40.006","80","Datsun","240Z","White","1973","","","",""
"22","4","831","Hiroshi Hitano","GTS3","1:43.927","15","2 Laps","14.272","80","Porsche","911","Blue","","","","",""
"23","1","641","Kenneth Smith","944 Cup","1:43.680","14","3 Laps","1 Lap","100","Porsche","944","Flat Black","1985","North Haledon","NJ","","nitro5384@yahoo.com"
"24","1","4","Ed Cangialosi","PTF","1:48.589","14","3 Laps","1:28.931","100","Mazda","Protege","Dark Blue","1999","","","","edcangialosi@gmail.com"
"25","1","10G","Jim Clemens","Boxster Spec","1:43.379","13","4 Laps","1 Lap","50","Porsche","","White","","New York","NY","","clem@alum.mit.edu"
"26","5","701","David Greenman","Super Touring 2","1:37.471","10","7 Laps","3 Laps","75","Chevrolet","Corvette","Black","","","","",""
"27","4","891","Edward Otis","American Iron","1:39.227","9","8 Laps","1 Lap","80","Ford","Mustang","Blue","","","","",""
"28","6","101G","David Fazzino","Super Touring 2","2:29.936","1","16 Laps","8 Laps","38","Mitsubishi","Evo","Silver","2003","","","",""
"DNS","DNS","37","Brian Casella","Honda Chal 2","","","DNS","","0","Acura","Integra","White/Orange","","Pompton Plains","NJ","",""
"DNS","DNS","243","Craig Huston","SpecE30","","","DNS","","0","BMW","","Black","","Troy","NY","","CHuston22@gmail.com"
"DNS","DNS","25","Joseph Staurovsky","CMC","","","DNS","","0","Ford","Mustang","White","","","","",""
"DQ","DQ","35","Carl Mehne","GTS3","1:38.509","16","DQ","","0","BMW","","Gray","","","","",""
"DQ","DQ","181","Tim Rubright","Super Unlimited","1:28.774","11","DQ","","0","Ford","Thunderbird","Blue/White/Red","","","","",""
"DQ","DQ","99","Eugene McGillycuddy","Super Unlimited","1:30.887","8","DQ","","0","Porsche","996","Black","","","","",""
