"Pos","PIC","No.","Name","Class","Best Tm","Laps","Diff","Gap","Points","Make","Model","Color","Year","City","State","Sponsor","Email"
"1","1","68","Mike Tinis","GTS1","1:53.349","11","","","100","VW","Golf GTI","Silver","1993","","","",""
"2","1","530","Mike Sousa","PTC","1:57.830","11","43.209","43.209","100","Subaru","2.5RS","White","","","","",""
"3","1","10","Erik Olson","Honda Chal 2","1:56.256","11","1:06.382","23.173","100","Honda","Civic","Red","1992","","","",""
"4","1","75(1)","John Oldt","Honda Chal 1","2:00.474","11","1:27.370","20.988","50","Honda","S2000","Blue/Black/Silver","2001","","","","ar-inc@rcn.com"
"5","1","75","Pablo Crespo","GTS2","1:59.860","11","1:48.117","20.747","100","Porsche","968","Red","1994","Hoboken","NJ","","pmcrespo@porsche-racing.net"
"6","2","37","Brian Casella","Honda Chal 2","2:01.751","11","2:12.348","24.231","90","Acura","Integra","White/Orange","","Pompton Plains","NJ","",""
"7","1","343","Peter Thibault","SpecE30","2:06.964","10","1 Lap","1 Lap","100","BMW","325i","Gray","1991","Hamilton","NJ","","mxstyles@aol.com"
"8","1","221","Steven Bessett","Spec Miata","2:09.591","10","1 Lap","20.117","100","Mazda","Miata","Blue","1991","chadds ford","PA","","madwrecking@yahoo.com"
"9","2","99","Tony Senese","Spec Miata","2:07.267","10","1 Lap","0.494","90","Mazda","Miata","Black","1994","shaftsbury","VT","","tonys@nosenseyet.com"
"10","3","07","Michael Kane","Spec Miata","2:12.590","10","1 Lap","34.159","85","Mazda","Miata","Blue/Silver","1993","wyckoff","NJ","","mike@amsrocks.com"
"11","4","89G","David Steinschraber","Spec Miata","2:14.734","10","1 Lap","26.805","80","Mazda","Miata","Black/Orange","","","","Flatout Motorsports",""
"12","5","12","Vicktor Volpe","Spec Miata","2:10.399","10","1 Lap","1.702","75","Mazda","Miata","White/Black/Red","1991","New Hyde Park","NY","","vicktorvolpe@gmail.com"
"13","6","14G","Amy Mills","Spec Miata","2:14.747","10","1 Lap","40.897","70","Mazda","Miata","Black/Yellow","1994","","","Flatout Motorsports",""
"14","2","87","Ed Haney","SpecE30","2:14.233","9","2 Laps","1 Lap","90","BMW","325is","Blue/Green","1987","","","",""
"15","3","36","Robert Casella","Honda Chal 2","2:10.291","4","7 Laps","5 Laps","45",""Honda"","Challenged","White/Orange","","","","",""
"16","1","9(11)","Richard Hunter","Honda Chal 5","2:12.336","3","8 Laps","1 Lap","100","Honda","CRX","Yellow","","","","","schoolboyracing@msn.com"
"17","4","19","James Hovey","Honda Chal 2","3:55.691","1","10 Laps","2 Laps","45","Honda","Civic Si","Red","1999","Franklin Lakes","NJ","","jhovey@verizon.net"
"18","2","66","Robert Langelius","Honda Chal 5","3:52.324","1","10 Laps","3.830","50","Honda","Civic","White","1986","","","",""
"DNS","DNS","321","Andrew Lee","Honda Chal 2","","","DNS","","0","Acura","Integra","Black","2000","","","",""
"DNS","DNS","88","Mel Shaw","SpecE30","","","DNS","","0","BMW","325","Blue","1989","","","",""
