"Pos","PIC","No.","Name","Class","Best Tm","Laps","Diff","Gap","Points","Make","Model","Color","Year","City","State","Sponsor","Email"
"1","1","75","Pablo Crespo","GTS2","1:32.271","16","","","100","Porsche","968","Red","1994","Hoboken","NJ","","pmcrespo@porsche-racing.net"
"2","1","75(1)","John Oldt","Honda Chal 1","1:33.081","16","2.323","2.323","50","Honda","S2000","Blue/Black/Silver","2001","","","","ar-inc@rcn.com"
"3","1","530","Mike Sousa","PTC","1:34.551","16","38.081","35.758","100","Subaru","2.5RS","White","","","","",""
"4","1","37","Brian Casella","Honda Chal 2","1:34.810","16","39.890","1.809","100","Acura","Integra","White/Orange","","Pompton Plains","NJ","",""
"5","1","68","Mike Tinis","GTS1","1:37.274","16","1:12.878","32.988","100","VW","Golf GTI","Silver","1993","","","",""
"6","1","221","Steven Bessett","Spec Miata","1:37.519","16","1:27.115","14.237","100","Mazda","Miata","Blue","1991","chadds ford","PA","","madwrecking@yahoo.com"
"7","2","12","Vicktor Volpe","Spec Miata","1:37.681","16","1:28.004","0.889","90","Mazda","Miata","White/Black/Red","1991","New Hyde Park","NY","","vicktorvolpe@gmail.com"
"8","3","99","Tony Senese","Spec Miata","1:38.174","16","1:35.777","7.773","85","Mazda","Miata","Black","1994","shaftsbury","VT","","tonys@nosenseyet.com"
"9","4","07","Michael Kane","Spec Miata","1:37.755","16","1:39.713","3.936","80","Mazda","Miata","Blue/Silver","1993","wyckoff","NJ","","mike@amsrocks.com"
"10","1","210","Robert Cohen","Boxster Spec","1:37.734","15","1 Lap","1 Lap","50","Porsche","Boxster","Blue","1998","","","","robertncohen@spamarrest.com"
"11","2","36","Robert Casella","Honda Chal 2","1:38.698","15","1 Lap","15.040","90",""Honda"","Challenged","White/Orange","","","","",""
"12","1","9(11)","Richard Hunter","Honda Chal 5","1:39.626","15","1 Lap","1.949","100","Honda","CRX","Yellow","","","","","schoolboyracing@msn.com"
"13","1","87","Ed Haney","SpecE30","1:42.830","15","1 Lap","42.270","100","BMW","325is","Blue/Green","1987","","","",""
"14","5","26x","Jim Roberts","Spec Miata","1:44.677","15","1 Lap","37.209","75","Mazda","Miata","Yellow","1990","","","",""
"15","2","89","Drivegear Rental 89","SpecE30","1:45.510","14","2 Laps","1 Lap","90","BMW","325i","Red","1989","","","",""
"16","1","797","Richard Walker","PTB","1:46.231","14","2 Laps","29.972","50","Dodge","Neon","White/Blue","1997","","","",""
"17","3","19","James Hovey","Honda Chal 2","1:40.067","13","3 Laps","1 Lap","85","Honda","Civic Si","Red","1999","Franklin Lakes","NJ","","jhovey@verizon.net"
"18","2","68G","Robert Langelius","Honda Chal 5","1:42.753","10","6 Laps","3 Laps","90","Honda","Civic","White","1986","","","",""
"19","4","321","Andrew Lee","Honda Chal 2","1:44.048","4","12 Laps","6 Laps","43","Acura","Integra","Black","2000","","","",""
"20","5","10","Erik Olson","Honda Chal 2","1:35.439","3","13 Laps","1 Lap","43","Honda","Civic","Red","1992","","","",""
"DNS","DNS","33C","Matt Bookler","PTC","","","DNS","","0","Honda","Civic","Black","1993","North Wales","PA","","speedracer33@gmail.com"
"DQ","DQ","343","Peter Thibault","SpecE30","1:36.335","5","DQ","","0","BMW","325i","Gray","1991","Hamilton","NJ","","mxstyles@aol.com"
