"Pos","PIC","No.","Name","Class","Overall BestTm","Appeared","Diff","Gap","Points","Make","Model","Year","Color","City","State","Sponsor","Email"
"1","1","79","Jake Namer","TTA","1:39.989","1","","","0","Mazda","RX-7","","Black","New York","NY","","jakenamer@gmail.com"
"2","1","34x","Carmine Dell Aquila","TTS","1:40.562","2","0.573","0.573","0","Chevrolet","Corvette ZR1","2009","Gray","","","",""
"3","1","99","Benjamin Lesnak","TTB","1:41.894","3","1.905","1.332","0","Chevrolet","Corvette","2001","Black","","","","benlesnak@gmail.com"
"4","2","924","Brian Puca","TTA","1:47.046","3","7.057","5.152","0","Mitsubishi","Evo GSR","2010","Black","Morrisville","PA","","blkevoviii@yahoo.com"
