"Pos","PIC","No.","Name","Class","Best Tm","Laps","Diff","Gap","Points","Make","Model","Color","Year","City","State","Sponsor","Email"
"1","1","16","Thomas Statnick","Super Unlimited","1:30.884","9","","","100","Dodge","Charger","Blue","2007","New York","NY","","trs@itfais.com"
"2","2","33","Scott Mohr","Super Unlimited","1:34.307","9","8.478","8.478","90","Chevrolet","Corvette","Green","2007","","","","rmohr@marsm-a.com"
"3","3","225","Matthew Gaetano","Super Unlimited","1:39.665","9","48.639","40.161","85","Chevrolet","S10","White","2000","White Plains","NY","","mgae1946@yahoo.com"
"4","4","01","Robert Boucher","Super Unlimited","1:39.617","9","51.244","2.605","80","Diasio","962R","Blue","2006","Coventry","CT","","robertboucher@charter.net"
"5","1","701","David Greenman","Super Touring 2","1:42.240","9","1:02.813","11.569","100","Chevrolet","Corvette","Black","","","","",""
"6","2","923","Greg Suchomel","Super Touring 2","1:42.472","9","1:03.340","0.527","90","Chevrolet","Corvette","Maroon","","","","",""
"7","1","42","Rick Goryeb","PTC","1:45.724","8","1 Lap","1 Lap","50","Nissan","350Z","Black","","","","",""
"8","1","2","Damon Galmin","GTS3","1:45.538","8","1 Lap","2.131","100","BMW","M3","White","","","","",""
"9","1","75","Pablo Crespo","GTS2","1:46.094","8","1 Lap","1.105","50","Porsche","968","Red","1994","Hoboken","NJ","","pmcrespo@porsche-racing.net"
"10","1","120","Marc Fuchswanz","American Iron","1:46.355","8","1 Lap","1.568","100","Ford","Mustang","White","","","","",""
"11","1","37","Brian Casella","Honda Chal 2","1:49.500","8","1 Lap","2.934","100","Acura","Integra","White/Orange","","Pompton Plains","NJ","",""
"12","2","36","Robert Casella","Honda Chal 2","1:55.398","8","1 Lap","39.769","90",""Honda"","Challenged","White/Orange","","","","",""
"13","1","183","James Rothenberger","944 Cup","1:56.573","8","1 Lap","10.620","50","Porsche","944","Orange/Gray","1985","","","",""
"14","2","109","John Lownik","American Iron","1:46.874","6","3 Laps","2 Laps","90","Ford","Mustang","White","1987","","","","johnlownik@msn.com"
"15","2","161","Michael Gershanok","GTS3","1:47.566","6","3 Laps","3.202","90","BMW","M3","Silver","2002","Edgewater","NJ","",""
"16","3","420","Peter Swarts","Honda Chal 2","2:01.018","1","8 Laps","5 Laps","45","Honda","Prelude","Black","1997","Bristol","CT","","pete@preludecomputing.com"
"DNS","DNS","913","Peter McIntosh II","Super Touring 2","","","DNS","","0","Chevrolet","Corvette","White/Black","2005","","","","peteypablo511@hotmail.com"
