"Pos","PIC","No.","Name","Class","Best Tm","Laps","Diff","Gap","Points","Make","Model","Color","Year","City","State","Sponsor","Email"
"1","1","33","Scott Mohr","Super Unlimited","1:07.718","20","","","100","Chevrolet","Corvette","Green","2007","","","","rmohr@marsm-a.com"
"2","1","913","Peter McIntosh II","Super Touring 2","1:10.256","20","43.564","43.564","100","Chevrolet","Corvette","White/Black","2005","","","","peteypablo511@hotmail.com"
"3","1","39","Joseph Catapano","GTS5","1:10.314","20","44.787","1.223","100","Porsche","GT3 Cup","White","","","","",""
"4","2","01","Robert Boucher","Super Unlimited","1:09.889","20","45.373","0.586","90","Diasio","962R","Blue","2006","Coventry","CT","","robertboucher@charter.net"
"5","3","06x","Mike Wilson","Super Unlimited","1:11.189","20","1:04.283","18.910","85","Ricky","Bobby","Red/White","","","","",""
"6","2","599","Robert Giuliante","GTS5","1:11.587","20","1:05.365","1.082","90","Porsche","911","Silver","1993","","","","rgiuliante@verizon.net"
"7","1","95","Ron Landis","Super Touring 1","1:12.125","20","1:13.889","8.524","100","Chevrolet","Corvette","Red","2008","","","",""
"8","4","225","Matthew Gaetano","Super Unlimited","1:13.178","19","1 Lap","1 Lap","80","Chevrolet","S10","White","2000","White Plains","NY","","mgae1946@yahoo.com"
"9","2","923","Greg Suchomel","Super Touring 2","1:13.405","19","1 Lap","3.564","90","Chevrolet","Corvette","Maroon","","","","",""
"10","1","000","Al Galossi","GTS4","1:14.495","19","1 Lap","19.805","100","BMW","M3","Blue/Orange","","","","",""
"11","1","151","Mark Lounsbury","GTS3","1:13.016","19","1 Lap","0.661","100","BMW","M3","Black","1996","Chadds Ford","PA","","doclouns@comcast.net"
"12","3","451","Bill Monde","GTS5","1:14.144","19","1 Lap","1.467","85","Porsche","GT3 Cup","White","2005","Westport","CT","","bmondejr@sbcglobal.net"
"13","2","43","Pinnacle Racing","GTS4","1:14.169","19","1 Lap","1.900","90","BMW","M3","Blue","1995","Huntington Station","NY","","dm930@verizon.net"
"14","2","22","Hugh Stewart","GTS3","1:14.414","19","1 Lap","0.758","90","BMW","","Green","","","","",""
"15","3","613","Joey G","GTS3","1:14.203","19","1 Lap","0.814","85","Porsche","911","White","","","","",""
"16","3","57","Jeff Ricca","Super Touring 2","1:12.800","19","1 Lap","0.623","85","Nissan","","White","","","","",""
"17","1","93","Todd Honczarenko","American Iron","1:15.365","19","1 Lap","7.141","100","Ford","Mustang LX","Black","1989","Ringwood","NJ","","thonczarenko@yahoo.com"
"18","3","274","Michal Kuna","GTS4","1:13.090","19","1 Lap","5.684","85","BMW","M3","Maroon","","","","",""
"19","4","123","Doug Winston","Super Touring 2","1:14.309","19","1 Lap","3.369","80","Chevrolet","Corvette","Yellow","","","","",""
"20","2","70","Albert Watson","American Iron","1:15.268","19","1 Lap","3.189","90","Ford","Mustang","White","1989","Cranford","NJ","","al_streetmotorsports@hotmail.com"
"21","4","831","Anthony Geraci","GTS4","1:15.223","19","1 Lap","0.752","80","BMW","","White/Black","","","","",""
"22","4","113","Steve Katz","GTS3","1:15.324","19","1 Lap","0.179","80","Porsche","944 Turbo","Red","1987","Bardonia","NY","","steve@katzinsurance.com"
"23","5","859","David Holland","GTS4","1:14.423","19","1 Lap","0.607","75","Porsche","911","Yellow","","","","",""
"24","5","999","Cecil Ramotar","GTS3","1:15.169","18","2 Laps","1 Lap","75","BMW","M3","White","1998","","","","cramotar@aol.com"
"25","6","130","Philip Eiseman","GTS4","1:16.032","18","2 Laps","2.888","70","BMW","325","Black/Red/White","1993","","","",""
"26","3","120","Marc Fuchswanz","American Iron","1:17.094","18","2 Laps","26.116","85","Ford","Mustang","White","","","","",""
"27","6","475","Ariel Jurmann","GTS3","1:16.316","18","2 Laps","0.571","70","Porsche","951","Black","1986","","","","ajurmann@gmail.com"
"28","4","109","John Lownik","American Iron","1:17.750","18","2 Laps","2.493","80","Ford","Mustang","White","1987","","","","johnlownik@msn.com"
"29","5","17","Mike Holenstein","Super Unlimited","1:18.259","18","2 Laps","15.053","75","Datsun","240Z","White","1973","","","",""
"30","5","91","Raphael S Prato Jr","American Iron","1:16.137","17","3 Laps","1 Lap","75","Ford","Mustang Cobra","Yellow","1998","Ringwood","NJ","","craashjr@aol.com"
"31","7","28","AJ Ashley","GTS4","1:14.197","16","4 Laps","1 Lap","69","BMW","E36","White/Orange","","","","",""
"32","1","223","Raphael-Jose Maurrasse","GTSU","1:08.193","13","7 Laps","3 Laps","100","Porsche","996 GT3 RSR","White/Blue","2004","Woodcliff Lake","NJ","","rjm26@aol.com"
"33","6","442","Michael Fuchswanz","American Iron","1:15.692","12","8 Laps","1 Lap","70","Ford","Mustang","Black","","","","",""
"34","7","646","Ronald Cohen","GTS3","1:28.627","4","16 Laps","8 Laps","35","Porsche","944 Turbo","Silver/Blue","1989","","","","ron@francorestoration.com"
"35","2","211","Kurt Hissong","GTSU","1:14.624","2","18 Laps","2 Laps","50","BMW","M3","Black","1999","Kennebunk","ME","","khissong@hissongdevelopment.com"
"DQ","DQ","30","Ziggy Miejski","Super Touring 1","1:11.144","20","DQ","","0","Chevrolet","Corvette","Red","2002","","","","Zigster316@optonline.net"
"DQ","DQ","384","Dan Yonker","GTS4","1:12.913","19","DQ","","0","Porsche","911","Green","1984","","","",""
"DQ","DQ","878","Michael Criscito","Super Touring 2","1:23.466","4","DQ","","0","Porsche","Boxster (BSR)","White","1997","","","","michael.criscito@credit-suisse.com"
