"Pos","PIC","No.","Name","Class","Best Tm","Laps","Diff","Gap","Points","Make","Model","Color","Year","City","State","Sponsor","Email"
"1","1","16","Thomas Statnick","Super Unlimited","1:32.343","15","","","100","Dodge","Charger","Blue","2007","New York","NY","","trs@itfais.com"
"2","2","33","Scott Mohr","Super Unlimited","1:34.584","15","27.592","27.592","90","Chevrolet","Corvette","Green","2007","","","","rmohr@marsm-a.com"
"3","1","913","Peter McIntosh II","Super Touring 2","1:39.612","14","1 Lap","1 Lap","100","Chevrolet","Corvette","White/Black","2005","","","","peteypablo511@hotmail.com"
"4","3","01","Robert Boucher","Super Unlimited","1:41.551","14","1 Lap","8.924","85","Diasio","962R","Blue","2006","Coventry","CT","","robertboucher@charter.net"
"5","2","923","Greg Suchomel","Super Touring 2","1:43.684","14","1 Lap","17.883","90","Chevrolet","Corvette","Maroon","","","","",""
"6","1","73","Bryant Henson","GTS3","1:44.384","14","1 Lap","10.528","100","BMW","M3","Red","2002","Endicott","NY","","bhenson@stny.rr.com"
"7","1","75","Pablo Crespo","GTS2","1:44.954","14","1 Lap","0.688","50","Porsche","968","Red","1994","Hoboken","NJ","","pmcrespo@porsche-racing.net"
"8","3","701","David Greenman","Super Touring 2","1:42.024","14","1 Lap","7.089","85","Chevrolet","Corvette","Black","","","","",""
"9","1","42","Rick Goryeb","PTC","1:46.248","14","1 Lap","0.709","50","Nissan","350Z","Black","","","","",""
"10","2","2","Damon Galmin","GTS3","1:45.060","14","1 Lap","13.742","90","BMW","M3","White","","","","",""
"11","1","109","John Lownik","American Iron","1:46.454","13","2 Laps","1 Lap","100","Ford","Mustang","White","1987","","","","johnlownik@msn.com"
"12","2","120","Marc Fuchswanz","American Iron","1:46.329","13","2 Laps","1.648","90","Ford","Mustang","White","","","","",""
"13","3","161","Michael Gershanok","GTS3","1:46.868","13","2 Laps","3.042","85","BMW","M3","Silver","2002","Edgewater","NJ","",""
"14","1","80","Alan Daley","Honda Chal 2","1:50.333","13","2 Laps","45.894","100","Honda","CRX Si","Red","1989","West Winfield","NY","","rjd166@windstream.net"
"15","4","17","Mike Holenstein","Super Unlimited","1:49.303","12","3 Laps","1 Lap","80","Datsun","240Z","White","1973","","","",""
"16","1","183","James Rothenberger","944 Cup","1:58.527","12","3 Laps","18.594","50","Porsche","944","Orange/Gray","1985","","","",""
"17","5","225","Matthew Gaetano","Super Unlimited","1:42.390","10","5 Laps","2 Laps","75","Chevrolet","S10","White","2000","White Plains","NY","","mgae1946@yahoo.com"
"18","1","105","Samuel Jadczak","SpecE30","2:02.389","6","9 Laps","4 Laps","50","BMW","325i","Blue","1989","Horsham","PA","","jadracers@aol.com"
"DNS","DNS","797","Richard Walker","PTB","","","DNS","","0","Dodge","Neon","White/Blue","1997","","","",""
