"Pos","PIC","No.","Name","Class","Best Tm","Laps","Diff","Gap","Points","Make","Model","Color","Year","City","State","Sponsor","Email"
"1","1","75","Pablo Crespo","GTS2","1:15.252","19",,,"100","Porsche","968","Red","1994","Hoboken","NJ",,"pmcrespo@porsche-racing.net"
"2","2","127","Jonathan Vasquez","GTS2","1:15.661","19","10.091","10.091","90","BMW","325i","Green","1992","middle village","NY",,"jvracing127@aol.com"
"3","1","32","Jon Baker","Honda Chal 2","1:15.605","19","13.919","3.828","100","Acura","Integra","Yellow/Gray",,,,,
"4","1","44","Dr. Frank Celenza","944 SuperCup","1:17.432","19","32.330","18.411","50","Porsche","944S2","Gray",,,,,
"5","3","230","Blake Caplan","GTS2","1:17.239","19","41.279","8.949","85","BMW",,"Black/White/Red",,,,,
"6","2","10","Erik Olson","Honda Chal 2","1:17.677","19","42.247","0.968","90","Honda","Civic","Red","1992",,,,
"7","1","530","Mike Sousa","PTC","1:18.170","19","1:02.400","20.153","100","Subaru","2.5RS","White",,,,,
"8","3","36","Robert Casella","Honda Chal 2","1:19.233","19","1:05.975","3.575","85","Honda""""","Challenged","White/Orange",,,,,
"9","4","878","Michael Criscito","GTS2","1:19.548","18","1 Lap","1 Lap","80","Porsche","Boxster (BSR)","White","1997",,,,"michael.criscito@credit-suisse.com"
"10","4","517","Zephyr Belski","Honda Chal 2","1:20.698","18","1 Lap","7.940","80","Honda","CRX","White","1985","Piscataway","NJ",,"zbelski@optonline.net"
"11","1","221","Steven Bessett","Spec Miata","1:21.292","18","1 Lap","19.881","100","Mazda","Miata","Blue","1991","chadds ford","PA",,"madwrecking@yahoo.com"
"12","1","183","James Rothenberger","944 Cup","1:21.809","18","1 Lap","8.120","100","Porsche",,"Orange/Gray",,,,,
"13","5","515","Stephanie Belski","Honda Chal 2","1:21.762","18","1 Lap","1.107","75","Honda","Civic","White","1984","Piscataway","NJ",,"meanbaby013@gmail.com"
"14","1","77","Sean Curran","SpecE30","1:20.894","18","1 Lap","0.532","100","BMW","325is","White","1989","Clifton","NJ",,"wb256@aol.com"
"15","2","89G","Brian Casella","SpecE30","1:21.182","18","1 Lap","9.328","90","BMW","325i","Red","1989",,,,
"16","3","87","Andrew Zimmerman","SpecE30","1:21.134","18","1 Lap","0.050","85","BMW","325is","Blue/Green","1987",,,,
"17","4","67","Mahoney n","SpecE30","1:21.760","18","1 Lap","17.321","80","BMW",,"White",,,,,
"18","1","4","Ed Cangialosi","PTF","1:24.141","18","1 Lap","11.163","50","Mazda","Protege","Dark Blue","1999",,,,"edcangialosi@gmail.com"
"19","5","821","Dwight Varnes","SpecE30","1:21.987","18","1 Lap","0.850","75","BMW","325i","Blue/White","1987",,,,"mxbreed2@comcast.net"
"20","6","243","Craig Huston","SpecE30","1:22.543","17","2 Laps","1 Lap","70","BMW",,"Black",,"Troy","NY",,"CHuston22@gmail.com"
"21","7","64","Edward Phillips","SpecE30","1:21.917","17","2 Laps","12.823","69","BMW","325i","Red/Black",,,,,
"22","8","119","Robert Ott","SpecE30","1:22.383","9","10 Laps","8 Laps","68","BMW","325is","White",,,,,"rsott@comcast.net"
"23","2","99","Tony Senese","Spec Miata","1:21.257","9","10 Laps","1:17.975","90","Mazda","Miata","Black","1994","shaftsbury","VT",,"tonys@nosenseyet.com"
"24","9","105","Raymond Jadczak","SpecE30","1:28.138","6","13 Laps","3 Laps","34","BMW","325i","Blue","1989","Horsham","PA",,"jadracers@aol.com"
"DNS","DNS","144","Allan Cohen","944 Cup",,,"DNS",,"0","Porsche",,"Navy/White",,,,,
"DQ","DQ","33","Matt Bookler","PTC","1:21.106","18","DQ",,"0","Honda","Civic","Black","1993","North Wales","PA",,"speedracer33@gmail.com"
"DQ","DQ","42","Rick Goryeb","PTC","1:19.830","18","DQ",,"0","Nissan","350Z","Black",,,,,
