"Pos","PIC","No.","Name","Class","Overall BestTm","Appeared","Diff","Gap","Points","Make","Model","Year","Color","City","State","Sponsor","Email"
"1","1","79","Jake Namer","TTA","1:41.104","4","","","0","Mazda","RX-7","","Black","New York","NY","","jakenamer@gmail.com"
"2","1","34x","Carmine Dell Aquila","TTS","1:41.500","1","0.396","0.396","0","Chevrolet","Corvette ZR1","2009","Gray","","","",""
"3","2","373","Timothy Brownawell","TTA","1:41.860","4","0.756","0.360","0","Mitsubishi","Evo","2008","Grey","Harrisburg","PA","","timothybrownawell@comcast.net"
"4","3","21","Thai Diep","TTA","1:41.916","4","0.812","0.056","0","Mitsubishi","Evo","","White","Carlisle","PA","","taidiep@gmail.com"
"5","1","99","Benjamin Lesnak","TTB","1:44.208","3","3.104","2.292","0","Chevrolet","Corvette","2001","Black","","","","benlesnak@gmail.com"
"6","4","924","Brian Puca","TTA","1:48.314","4","7.210","4.106","0","Mitsubishi","Evo GSR","2010","Black","Morrisville","PA","","blkevoviii@yahoo.com"
"7","2","40","Adrian Gubbay","TTB","1:48.369","4","7.265","0.055","0","Ford","Mustang","2000","Black","Red Bank","NJ","","adressadriangubbay@gmail.com"
