"Pos","PIC","No.","Name","Class","Overall BestTm","Appeared","Diff","Gap","Points","Make","Model","Year","Color","City","State","Sponsor","Email"
"1","1","99","Benjamin Lesnak","TTB","2:11.008","3","","","0","Chevrolet","Corvette","2001","Black","","","","benlesnak@gmail.com"
"2","2","46x","Andrea Cairone","TTB","2:14.246","4","3.238","3.238","0","BMW","M Coupe","2001","Silver","New York","NY","","ac@axisofoversteer.com"
"3","3","79","Jake Namer","TTB","2:19.164","4","8.156","4.918","0","Subaru","STi","","Black","","","",""
"4","4","97","Scott Cornick","TTB","2:33.598","2","22.590","14.434","0","Ford","Mustang","1993","Red","","","",""
"5","1","924","Brian Puca","TTA","3:26.808","1","1:15.800","53.210","0","Mitsubishi","Evo GSR","2010","Black","Morrisville","PA","","blkevoviii@yahoo.com"
