"Pos","PIC","No.","Name","Class","Overall BestTm","Appeared","Diff","Gap","Points","Make","Model","Year","Color","City","State","Sponsor","Email"
"1","1","33","Scott Mohr","Super Unlimited","1:07.815","1",,,"0","Chevrolet","Corvette","2007","Green",,,,"rmohr@marsm-a.com"
"2","1","223","Raphael-Jose Maurrasse","GTSU","1:09.524","1","1.709","1.709","0","Porsche","996 GT3 RSR","2004","White/Blue","Woodcliff Lake","NJ",,"rjm26@aol.com"
"3","2","01","Robert Boucher","Super Unlimited","1:10.097","1","2.282","0.573","0","Diasio","962R","2006","Blue","Coventry","CT",,"robertboucher@charter.net"
"4","1","39","Joseph Catapano","GTS5","1:10.694","1","2.879","0.597","0","Porsche","GT3 Cup",,"White",,,,
"5","1","913","Peter McIntosh II","Super Touring 2","1:12.070","1","4.255","1.376","0","Chevrolet","Corvette","2005","White/Black",,,,"peteypablo511@hotmail.com"
"6","2","57","Jeff Ricca","Super Touring 2","1:12.794","1","4.979","0.724","0","Nissan",,,"White",,,,
"7","1","151","Mark Lounsbury","GTS3","1:12.972","1","5.157","0.178","0","BMW","M3","1996","Black","Chadds Ford","PA",,"doclouns@comcast.net"
"8","1","384","Dan Yonker","GTS4","1:13.166","1","5.351","0.194","0","Porsche","911","1984","Green",,,,
"9","2","451","Bill Monde","GTS5","1:13.404","1","5.589","0.238","0","Porsche","GT3 Cup","2005","White","Westport","CT",,"bmondejr@sbcglobal.net"
"10","3","923","Greg Suchomel","Super Touring 2","1:13.623","1","5.808","0.219","0","Chevrolet","Corvette",,"Maroon",,,,
"11","1","95","Ron Landis","Super Touring 1","1:13.769","1","5.954","0.146","0","Chevrolet","Corvette","2008","Red",,,,
"12","4","123","Doug Winston","Super Touring 2","1:14.275","1","6.460","0.506","0","Chevrolet","Corvette",,"Yellow",,,,
"13","2","28","AJ Ashley","GTS4","1:14.305","1","6.490","0.030","0","BMW","E36",,"White/Orange",,,,
"14","3","000","Al Galossi","GTS4","1:14.491","1","6.676","0.186","0","BMW","M3",,"Blue/Orange",,,,
"15","2","43","Pinnacle Racing","GTS3","1:14.592","1","6.777","0.101","0","BMW","M3","1995","Blue","Huntington Station","NY",,"dm930@verizon.net"
"16","1","93","Todd Honczarenko","American Iron","1:14.863","1","7.048","0.271","0","Ford","Mustang LX","1989","Black","Ringwood","NJ",,"thonczarenko@yahoo.com"
"17","1","75","Pablo Crespo","GTS2","1:14.892","1","7.077","0.029","0","Porsche","968","1994","Red","Hoboken","NJ",,"pmcrespo@porsche-racing.net"
"18","3","999","Cecil Ramotar","GTS3","1:15.185","1","7.370","0.293","0","BMW","M3","1998","White",,,,"cramotar@aol.com"
"19","4","130","Philip Eiseman","GTS4","1:15.301","1","7.486","0.116","0","BMW","325","1993","Black/Red/White",,,,
"20","4","22","Hugh Stewart","GTS3","1:15.379","1","7.564","0.078","0","BMW",,,"Green",,,,
"21","3","225","Matthew Gaetano","Super Unlimited","1:15.487","1","7.672","0.108","0","Chevrolet","S10","2000","White","White Plains","NY",,"mgae1946@yahoo.com"
"22","5","113","Steve Katz","GTS3","1:15.526","1","7.711","0.039","0","Porsche","944 Turbo","1987","Red","Bardonia","NY",,"steve@katzinsurance.com"
"23","6","300x","Ozgur Eris","GTS3","1:15.650","1","7.835","0.124","0","BMW","M3","1988","White",,,,
"24","2","230","Blake Caplan","GTS2","1:15.727","1","7.912","0.077","0","BMW",,,"Black/White/Red",,,,
"25","7","475","Ariel Jurmann","GTS3","1:15.994","1","8.179","0.267","0","Porsche","951","1986","Black",,,,"ajurmann@gmail.com"
"26","2","442","Michael Fuchswanz","American Iron","1:16.067","1","8.252","0.073","0","Ford","Mustang",,"Black",,,,
"27","3","70","Albert Watson","American Iron","1:16.292","1","8.477","0.225","0","Ford","Mustang","1989","White","Cranford","NJ",,"al_streetmotorsports@hotmail.com"
"28","4","91","Raphael S Prato Jr","American Iron","1:16.572","1","8.757","0.280","0","Ford","Mustang Cobra","1998","Yellow","Ringwood","NJ",,"craashjr@aol.com"
"29","1","32","Jon Baker","Honda Chal 2","1:16.660","1","8.845","0.088","0","Acura","Integra",,"Yellow/Gray",,,,
"30","8","646","Ronald Cohen","GTS3","1:17.367","1","9.552","0.707","0","Porsche","944 Turbo","1989","Silver/Blue",,,,"ron@francorestoration.com"
"31","2","10","Erik Olson","Honda Chal 2","1:17.657","1","9.842","0.290","0","Honda","Civic","1992","Red",,,,
"32","3","212","Kurt Hissong","GTS5","1:17.736","1","9.921","0.079","0","BMW",,,"Red",,,,
"33","5","120","Marc Fuchswanz","American Iron","1:17.765","1","9.950","0.029","0","Ford","Mustang",,"White",,,,
"34","1","530","Mike Sousa","PTC","1:18.236","1","10.421","0.471","0","Subaru","2.5RS",,"White",,,,
"35","5","274","Michal Kuna","GTS4","1:18.892","1","11.077","0.656","0","BMW","M3",,"Maroon",,,,
"36","1","77","Sean Curran","SpecE30","1:20.151","1","12.336","1.259","0","BMW","325is","1989","White","Clifton","NJ",,"wb256@aol.com"
"37","5","878","Michael Criscito","Super Touring 2","1:20.169","1","12.354","0.018","0","Porsche","Boxster (BSR)","1997","White",,,,"michael.criscito@credit-suisse.com"
"38","3","36","Robert Casella","Honda Chal 2","1:20.895","1","13.080","0.726","0","Honda""""","Challenged",,"White/Orange",,,,
"39","2","67","Mahoney n","SpecE30","1:21.385","1","13.570","0.490","0","BMW",,,"White",,,,
"40","3","89","Drivegear Rental 89","SpecE30","1:21.505","1","13.690","0.120","0","BMW","325i","1989","Red",,,,
"41","4","87","Drivegear Rental 87","SpecE30","1:21.629","1","13.814","0.124","0","BMW","325is","1987","Blue/Green",,,,
"42","5","821","Dwight Varnes","SpecE30","1:22.981","1","15.166","1.352","0","BMW","325i","1987","Blue/White",,,,"mxbreed2@comcast.net"
"43","6","243","Craig Huston","SpecE30","1:23.166","1","15.351","0.185","0","BMW",,,"Black","Troy","NY",,"CHuston22@gmail.com"
"44","1","4","Ed Cangialosi","PTF","1:23.487","1","15.672","0.321","0","Mazda","Protege","1999","Dark Blue",,,,"edcangialosi@gmail.com"
"45","7","119","Robert Ott","SpecE30","1:23.824","1","16.009","0.337","0","BMW","325is",,"White",,,,"rsott@comcast.net"
"46","8","105","Raymond Jadczak","SpecE30","1:24.438","1","16.623","0.614","0","BMW","325i","1989","Blue","Horsham","PA",,"jadracers@aol.com"
