Pos,PIC,No.,Name,Class,Best Tm,Laps,Diff,Gap,Points,Make,Model,Color,Year,City,State,Sponsor,Email
1,1,44,Tyler Kicera,Spec Miata,02:16.0,12,,,100,Mazda,Miata,Red,2002,Manheim,PA,Kessler Engineering | TAIT | Opti-Grip | SPYoptics,
2,2,73,Christopher Haldeman,Spec Miata,02:16.5,12,6.086,6.086,90,Mazda,Miata,Black,1999,Mckinney,TX,X-factorracing,
3,3,156,Todd Buras,Spec Miata,02:16.8,12,7.614,1.528,85,Mazda,Miata,Orange,2002,Melbourne,FL,Krispy Kreme Doughnuts,
4,4,450,Ralle Rookey,Spec Miata,02:16.3,12,9.022,1.408,80,Mazda,Miata,Black,1990,Suffield,CT,Rossini Racing Products,
5,5,90,Trevor McCallion,Spec Miata,02:16.3,12,9.319,0.297,75,Mazda,Miata,Blue,1999,Frisco,TX,X-Factor Racing / Gas Head Motorworks,
6,6,39,Danny Steyn,Spec Miata,02:16.7,12,9.874,0.555,70,Mazda,Miata,Blue/Orange,1999,Fort Lauderdale,FL,Adept/Rossini/OPM/Traqmate/Traqgear/G-Loc,
7,7,65,Andrew von Charbonneau,Spec Miata,02:17.1,12,20.253,10.379,69,Mazda,Miata,Blue,2001,Delray Beach,FL,Rossini Racing Wine & Old dog racing crown and coke,
8,8,42,Preston Pardus,Spec Miata,02:17.2,12,20.289,0.036,68,Mazda,Miata,Red,2003,New Smyrna Beach,FL,Danus Utilities/ Rossini Racing Products/ ODR,
9,9,20,Brian Cates,Spec Miata,02:17.5,12,20.9,0.611,67,Mazda,Miata,Blue,1999,Gainesville,VA,Cates Engineering,
10,10,71,Vaughn Duarte,Spec Miata,02:16.7,12,21.116,0.216,66,Mazda,Miata,Red,1992,Coppell,TX,Titan Cryo/ Ace Racing,
11,11,18,Jonathan Miller,Spec Miata,02:17.7,12,25.176,4.06,65,Mazda,Miata,Red/Black,1999,Orange,CA,Planet-Miata,
12,12,0,Marc Cefalo,Spec Miata,02:18.3,12,27.286,2.11,64,Mazda,Miata,Blue/Green,2002,Swoyersville,PA,planet-miata.com,
13,13,169,Mark Gibbons,Spec Miata,02:17.6,12,28.04,0.754,63,Mazda,Miata,Purple/White,2001,SOUTHWEST RANCHES,FL,OLD DOGS RACING /CROWN ROYAL /ROSSINI RACING,
14,14,183,Xiang Li,Spec Miata,02:18.0,12,28.702,0.662,62,Mazda,Miata,Green/Black,1996,South Hadley,MA,,
15,15,41,Jason Connole,Spec Miata,02:18.0,12,28.705,0.003,61,Mazda,Miata,Black/Yellow,2002,Raleigh,NC,Protech Bedliners / Rossini Racing Products / ODR,
16,16,97,Brian Henderson,Spec Miata,02:17.3,12,32.407,3.702,60,Mazda,Miata,White,1999,Falmouth,VA,Convience Car Care/Performance Auto Works,
17,17,62,Joseph Joey G Guinta,Spec Miata,02:19.2,12,36.834,4.427,59,Mazda,Miata,Silver/Black,2001,West Hempstead,NY,povoledotrackdays.com,
18,18,79,Spencer Patterson,Spec Miata,02:19.1,12,47.389,10.555,58,Mazda,Miata,Blue,2001,Pittsburgh,PA,Regent Square Rentals,
19,19,28,John Wechsler,Spec Miata,02:18.6,12,48.224,0.835,57,Mazda,Miata,Blue,1999,Greenwich,CT,Kessler Eng/PovoledoTrackDays.com,
20,20,9,Xavier Calderon,Spec Miata,02:19.0,12,48.451,0.227,56,Mazda,Miata,Purple,1999,Chesapeake,VA,All Aspects / Injector Pulse,
21,21,17,Whitfield Gregg,Spec Miata,02:19.4,12,50.289,1.838,55,Mazda,Miata,Black,1999,New York,NY,Flatout Motorsports,
22,22,188,Michael LaMaina,Spec Miata,02:19.2,12,52.583,2.294,54,Mazda,Miata,Silver,1999,Oaklyn,NJ,LaMainiac Motorsports,
23,23,55,Brian Tone,Spec Miata,02:19.6,12,53.237,0.654,53,Mazda,Miata,Green,1999,Buford,GA,Tone Motorsports,
24,24,2,George Clos Jr,Spec Miata,02:19.4,12,53.524,0.287,52,Mazda,Miata,Silver,2003,Highlands Ranch,CO,Nortown Automotive,
25,25,88,Jason Walsh,Spec Miata,02:19.7,12,53.776,0.252,51,Mazda,Miata,Green,1999,Scotssbluff,NE,,
26,26,36,Lance Bergstein,Spec Miata,02:18.8,12,53.896,0.12,50,Mazda,Miata,Green,1999,New York City,NY,Planet-Miata,
27,27,77,Tony Senese,Spec Miata,02:19.5,12,55.759,1.863,49,Mazda,Miata,Purple,1997,Shaftsbury,VT,POS Motorsports,
28,28,19,Stephen Jeu,Spec Miata,02:18.9,12,59.829,4.07,48,Mazda,Miata,Blue/Green,1999,Houston,TX,Thunderbyrd Energy Services,
29,29,25,Adam Culley,Spec Miata,02:20.3,12,01:00.1,0.268,47,Mazda,Miata,Green,1999,Montpelier,VA,Auto Paint Supply,
30,30,16,Mike Rossini,Spec Miata,02:20.0,12,01:08.3,8.253,46,Mazda,Miata,Red,2005,Belews Creek,NC,Rossini Engines,
31,31,64,Keith Williamson,Spec Miata,02:20.6,12,01:09.0,0.667,45,Mazda,Miata,Maroon,1999,Milton,GA,WatchToolsonline.com,
32,32,0,Carter J White,Spec Miata,02:19.6,12,01:09.2,0.147,44,Mazda,Miata,Orange,1999,Houston,TX,Gas Head Motorworks / X-Factor / Doghouse Racing,
33,33,228,Ken Wilkinson,Spec Miata,02:20.6,12,01:16.8,7.626,43,Mazda,Miata,Black,1999,Midlothian,VA,,
34,34,199,Scott Dennewitz,Spec Miata,02:22.0,12,01:29.1,12.343,42,Mazda,Miata,Red,1995,Normal,IL,Dennewitz Racing,
35,35,27,Sara Hankenson,Spec Miata,02:24.1,12,01:52.5,23.367,41,Mazda,Miata,Grey,1999,Lakewood,CO,Autobahn Tire and Wheel,
36,36,5,Michael Globe,Spec Miata,02:24.0,12,02:00.3,7.841,40,Mazda,Miata,Black,1994,Houston,TX,,
37,37,24,Daniel Williams,Spec Miata,02:21.4,12,02:09.1,8.735,39,Mazda,Miata,Blue,2001,Scottsbluff,NE,Panic motorsports,
38,38,98,Jimmy Myers,Spec Miata,02:27.8,11,1 Lap,1 Lap,38,Mazda,Miata,Red,2002,Rockville,VA,Auto Paint Supply Co.,
39,39,83,John Babot,Spec Miata,02:17.1,9,3 Laps,2 Laps,37,Mazda,Miata,Steel Grey,1999,Austin,TX,,
40,40,22,Michael Ross,Spec Miata,02:16.3,8,4 Laps,1 Lap,36,Mazda,Miata,White,2001,Friendswood,TX,X-Factor Racing,
DNF,DNF,10,Mark Drennan,Spec Miata,02:16.6,5,DNF,3 Laps,18,Mazda,Miata,Blue,2001,San Jose,CA,NoWifeNoKids,
DNF,DNF,148,Ryan Fisher,Spec Miata,02:18.7,3,DNF,2 Laps,18,Mazda,Miata,White,1999,Powhatan,VA,,
DNF,DNF,40,Toby Linder,Spec Miata,,,DNF,3 Laps,18,Mazda,Miata,Blue / Black,1999,Dallas,TX,X-Factor Racing,
